# CMAKE generated file: DO NOT EDIT!
# Generated by "Ninja" Generator, CMake Version 4.3

# This file contains all the build statements describing the
# compilation DAG.

# =============================================================================
# Write statements declared in CMakeLists.txt:
# 
# Which is the root file.
# =============================================================================

# =============================================================================
# Project: CURL
# Configurations: Debug
# =============================================================================

#############################################
# Minimal version of Ninja required by this file

ninja_required_version = 1.5


#############################################
# Set configuration variable for custom commands.

CONFIGURATION = Debug
# =============================================================================
# Include auxiliary files.


#############################################
# Include rules file.

include CMakeFiles\rules.ninja

# =============================================================================

#############################################
# Logical path to working directory; prefix for absolute paths.

cmake_ninja_workdir = C$:\Users\19697\Documents\KeygenSDK\KeygenSDK\build-vs\vcpkg_installed\vcpkg\blds\curl\x64-windows-dbg\

#############################################
# Utility command for curl_uninstall

build curl_uninstall: phony CMakeFiles\curl_uninstall


#############################################
# Utility command for package

build CMakeFiles\package.util: CUSTOM_COMMAND all
  COMMAND = C:\WINDOWS\system32\cmd.exe /C "cd /D C:\Users\19697\Documents\KeygenSDK\KeygenSDK\build-vs\vcpkg_installed\vcpkg\blds\curl\x64-windows-dbg && C:\Users\19697\AppData\Local\vcpkg\downloads\tools\cmake-4.3.2-windows\cmake-4.3.2-windows-x86_64\bin\cpack.exe --config ./CPackConfig.cmake"
  DESC = Run CPack packaging tool...
  pool = console
  restat = 1

build package: phony CMakeFiles\package.util


#############################################
# Utility command for package_source

build CMakeFiles\package_source.util: CUSTOM_COMMAND
  COMMAND = C:\WINDOWS\system32\cmd.exe /C "cd /D C:\Users\19697\Documents\KeygenSDK\KeygenSDK\build-vs\vcpkg_installed\vcpkg\blds\curl\x64-windows-dbg && C:\Users\19697\AppData\Local\vcpkg\downloads\tools\cmake-4.3.2-windows\cmake-4.3.2-windows-x86_64\bin\cpack.exe --config ./CPackSourceConfig.cmake"
  DESC = Run CPack packaging tool for source...
  pool = console
  restat = 1

build package_source: phony CMakeFiles\package_source.util


#############################################
# Utility command for edit_cache

build CMakeFiles\edit_cache.util: CUSTOM_COMMAND
  COMMAND = C:\WINDOWS\system32\cmd.exe /C "cd /D C:\Users\19697\Documents\KeygenSDK\KeygenSDK\build-vs\vcpkg_installed\vcpkg\blds\curl\x64-windows-dbg && C:\Users\19697\AppData\Local\vcpkg\downloads\tools\cmake-4.3.2-windows\cmake-4.3.2-windows-x86_64\bin\cmake-gui.exe -SC:\Users\19697\Documents\KeygenSDK\KeygenSDK\build-vs\vcpkg_installed\vcpkg\blds\curl\src\url-8_21_0-3ffa9f46b7.clean -BC:\Users\19697\Documents\KeygenSDK\KeygenSDK\build-vs\vcpkg_installed\vcpkg\blds\curl\x64-windows-dbg"
  DESC = Running CMake cache editor...
  pool = console
  restat = 1

build edit_cache: phony CMakeFiles\edit_cache.util


#############################################
# Utility command for rebuild_cache

build CMakeFiles\rebuild_cache.util: CUSTOM_COMMAND
  COMMAND = C:\WINDOWS\system32\cmd.exe /C "cd /D C:\Users\19697\Documents\KeygenSDK\KeygenSDK\build-vs\vcpkg_installed\vcpkg\blds\curl\x64-windows-dbg && C:\Users\19697\AppData\Local\vcpkg\downloads\tools\cmake-4.3.2-windows\cmake-4.3.2-windows-x86_64\bin\cmake.exe --regenerate-during-build -SC:\Users\19697\Documents\KeygenSDK\KeygenSDK\build-vs\vcpkg_installed\vcpkg\blds\curl\src\url-8_21_0-3ffa9f46b7.clean -BC:\Users\19697\Documents\KeygenSDK\KeygenSDK\build-vs\vcpkg_installed\vcpkg\blds\curl\x64-windows-dbg"
  DESC = Running CMake to regenerate build system...
  pool = console
  restat = 1

build rebuild_cache: phony CMakeFiles\rebuild_cache.util


#############################################
# Utility command for list_install_components

build list_install_components: phony


#############################################
# Utility command for install

build CMakeFiles\install.util: CUSTOM_COMMAND all
  COMMAND = C:\WINDOWS\system32\cmd.exe /C "cd /D C:\Users\19697\Documents\KeygenSDK\KeygenSDK\build-vs\vcpkg_installed\vcpkg\blds\curl\x64-windows-dbg && C:\Users\19697\AppData\Local\vcpkg\downloads\tools\cmake-4.3.2-windows\cmake-4.3.2-windows-x86_64\bin\cmake.exe -P cmake_install.cmake"
  DESC = Install the project...
  pool = console
  restat = 1

build install: phony CMakeFiles\install.util


#############################################
# Utility command for install/local

build CMakeFiles\install\local.util: CUSTOM_COMMAND all
  COMMAND = C:\WINDOWS\system32\cmd.exe /C "cd /D C:\Users\19697\Documents\KeygenSDK\KeygenSDK\build-vs\vcpkg_installed\vcpkg\blds\curl\x64-windows-dbg && C:\Users\19697\AppData\Local\vcpkg\downloads\tools\cmake-4.3.2-windows\cmake-4.3.2-windows-x86_64\bin\cmake.exe -DCMAKE_INSTALL_LOCAL_ONLY=1 -P cmake_install.cmake"
  DESC = Installing only the local directory...
  pool = console
  restat = 1

build install\local: phony CMakeFiles\install\local.util


#############################################
# Custom command for CMakeFiles\curl_uninstall

build CMakeFiles\curl_uninstall | ${cmake_ninja_workdir}CMakeFiles\curl_uninstall: CUSTOM_COMMAND
  COMMAND = C:\WINDOWS\system32\cmd.exe /C "cd /D C:\Users\19697\Documents\KeygenSDK\KeygenSDK\build-vs\vcpkg_installed\vcpkg\blds\curl\x64-windows-dbg && C:\Users\19697\AppData\Local\vcpkg\downloads\tools\cmake-4.3.2-windows\cmake-4.3.2-windows-x86_64\bin\cmake.exe -P C:/Users/19697/Documents/KeygenSDK/KeygenSDK/build-vs/vcpkg_installed/vcpkg/blds/curl/x64-windows-dbg/CMake/cmake_uninstall.cmake"

# =============================================================================
# Write statements declared in CMakeLists.txt:
# C:/Users/19697/Documents/KeygenSDK/KeygenSDK/build-vs/vcpkg_installed/vcpkg/blds/curl/src/url-8_21_0-3ffa9f46b7.clean/CMakeLists.txt
# =============================================================================


#############################################
# Utility command for package

build scripts\CMakeFiles\package.util: CUSTOM_COMMAND scripts\all
  COMMAND = C:\WINDOWS\system32\cmd.exe /C "cd /D C:\Users\19697\Documents\KeygenSDK\KeygenSDK\build-vs\vcpkg_installed\vcpkg\blds\curl\x64-windows-dbg && C:\Users\19697\AppData\Local\vcpkg\downloads\tools\cmake-4.3.2-windows\cmake-4.3.2-windows-x86_64\bin\cpack.exe --config ./CPackConfig.cmake"
  DESC = Run CPack packaging tool...
  pool = console
  restat = 1

build scripts\package: phony scripts\CMakeFiles\package.util


#############################################
# Utility command for package_source

build scripts\CMakeFiles\package_source.util: CUSTOM_COMMAND
  COMMAND = C:\WINDOWS\system32\cmd.exe /C "cd /D C:\Users\19697\Documents\KeygenSDK\KeygenSDK\build-vs\vcpkg_installed\vcpkg\blds\curl\x64-windows-dbg && C:\Users\19697\AppData\Local\vcpkg\downloads\tools\cmake-4.3.2-windows\cmake-4.3.2-windows-x86_64\bin\cpack.exe --config ./CPackSourceConfig.cmake"
  DESC = Run CPack packaging tool for source...
  pool = console
  restat = 1

build scripts\package_source: phony scripts\CMakeFiles\package_source.util


#############################################
# Utility command for edit_cache

build scripts\CMakeFiles\edit_cache.util: CUSTOM_COMMAND
  COMMAND = C:\WINDOWS\system32\cmd.exe /C "cd /D C:\Users\19697\Documents\KeygenSDK\KeygenSDK\build-vs\vcpkg_installed\vcpkg\blds\curl\x64-windows-dbg\scripts && C:\Users\19697\AppData\Local\vcpkg\downloads\tools\cmake-4.3.2-windows\cmake-4.3.2-windows-x86_64\bin\cmake-gui.exe -SC:\Users\19697\Documents\KeygenSDK\KeygenSDK\build-vs\vcpkg_installed\vcpkg\blds\curl\src\url-8_21_0-3ffa9f46b7.clean -BC:\Users\19697\Documents\KeygenSDK\KeygenSDK\build-vs\vcpkg_installed\vcpkg\blds\curl\x64-windows-dbg"
  DESC = Running CMake cache editor...
  pool = console
  restat = 1

build scripts\edit_cache: phony scripts\CMakeFiles\edit_cache.util


#############################################
# Utility command for rebuild_cache

build scripts\CMakeFiles\rebuild_cache.util: CUSTOM_COMMAND
  COMMAND = C:\WINDOWS\system32\cmd.exe /C "cd /D C:\Users\19697\Documents\KeygenSDK\KeygenSDK\build-vs\vcpkg_installed\vcpkg\blds\curl\x64-windows-dbg\scripts && C:\Users\19697\AppData\Local\vcpkg\downloads\tools\cmake-4.3.2-windows\cmake-4.3.2-windows-x86_64\bin\cmake.exe --regenerate-during-build -SC:\Users\19697\Documents\KeygenSDK\KeygenSDK\build-vs\vcpkg_installed\vcpkg\blds\curl\src\url-8_21_0-3ffa9f46b7.clean -BC:\Users\19697\Documents\KeygenSDK\KeygenSDK\build-vs\vcpkg_installed\vcpkg\blds\curl\x64-windows-dbg"
  DESC = Running CMake to regenerate build system...
  pool = console
  restat = 1

build scripts\rebuild_cache: phony scripts\CMakeFiles\rebuild_cache.util


#############################################
# Utility command for list_install_components

build scripts\list_install_components: phony


#############################################
# Utility command for install

build scripts\CMakeFiles\install.util: CUSTOM_COMMAND scripts\all
  COMMAND = C:\WINDOWS\system32\cmd.exe /C "cd /D C:\Users\19697\Documents\KeygenSDK\KeygenSDK\build-vs\vcpkg_installed\vcpkg\blds\curl\x64-windows-dbg\scripts && C:\Users\19697\AppData\Local\vcpkg\downloads\tools\cmake-4.3.2-windows\cmake-4.3.2-windows-x86_64\bin\cmake.exe -P cmake_install.cmake"
  DESC = Install the project...
  pool = console
  restat = 1

build scripts\install: phony scripts\CMakeFiles\install.util


#############################################
# Utility command for install/local

build scripts\CMakeFiles\install\local.util: CUSTOM_COMMAND scripts\all
  COMMAND = C:\WINDOWS\system32\cmd.exe /C "cd /D C:\Users\19697\Documents\KeygenSDK\KeygenSDK\build-vs\vcpkg_installed\vcpkg\blds\curl\x64-windows-dbg\scripts && C:\Users\19697\AppData\Local\vcpkg\downloads\tools\cmake-4.3.2-windows\cmake-4.3.2-windows-x86_64\bin\cmake.exe -DCMAKE_INSTALL_LOCAL_ONLY=1 -P cmake_install.cmake"
  DESC = Installing only the local directory...
  pool = console
  restat = 1

build scripts\install\local: phony scripts\CMakeFiles\install\local.util

# =============================================================================
# Write statements declared in CMakeLists.txt:
# C:/Users/19697/Documents/KeygenSDK/KeygenSDK/build-vs/vcpkg_installed/vcpkg/blds/curl/src/url-8_21_0-3ffa9f46b7.clean/CMakeLists.txt
# =============================================================================

# =============================================================================
# Object build statements for SHARED_LIBRARY target libcurl_shared


#############################################
# Order-only phony target for libcurl_shared

build cmake_object_order_depends_target_libcurl_shared: phony || .

build lib\CMakeFiles\libcurl_shared.dir\altsvc.c.obj: C_COMPILER__libcurl_shared_unscanned_Debug C$:\Users\19697\Documents\KeygenSDK\KeygenSDK\build-vs\vcpkg_installed\vcpkg\blds\curl\src\url-8_21_0-3ffa9f46b7.clean\lib\altsvc.c || cmake_object_order_depends_target_libcurl_shared
  CONFIG = Debug
  DEFINES = -DBUILDING_LIBCURL -DCURL_HIDDEN_SYMBOLS -DHAVE_CONFIG_H -DUNICODE -D_UNICODE -Dlibcurl_shared_EXPORTS
  FLAGS = /nologo /DWIN32 /D_WINDOWS /utf-8 /MP  /MDd /Z7 /Ob0 /Od /RTC1  -MDd -W4 -Wall -wd4061 -wd4191 -wd4255 -wd4464 -wd4548 -wd4574 -wd4668 -wd4710 -wd4711 -wd4746 -wd4820 -wd5045 -MP
  INCLUDES = -IC:\Users\19697\Documents\KeygenSDK\KeygenSDK\build-vs\vcpkg_installed\vcpkg\blds\curl\src\url-8_21_0-3ffa9f46b7.clean\include -IC:\Users\19697\Documents\KeygenSDK\KeygenSDK\build-vs\vcpkg_installed\vcpkg\blds\curl\x64-windows-dbg\lib -IC:\Users\19697\Documents\KeygenSDK\KeygenSDK\build-vs\vcpkg_installed\vcpkg\blds\curl\src\url-8_21_0-3ffa9f46b7.clean\lib -external:IC:\Users\19697\Documents\KeygenSDK\KeygenSDK\build-vs\vcpkg_installed\x64-windows\include -external:W0
  OBJECT_DIR = lib\CMakeFiles\libcurl_shared.dir
  OBJECT_FILE_DIR = lib\CMakeFiles\libcurl_shared.dir
  TARGET_COMPILE_PDB = lib\CMakeFiles\libcurl_shared.dir\
  TARGET_PDB = lib\libcurl-d.pdb
  TARGET_SUPPORT_DIR = lib\CMakeFiles\libcurl_shared.dir

build lib\CMakeFiles\libcurl_shared.dir\amigaos.c.obj: C_COMPILER__libcurl_shared_unscanned_Debug C$:\Users\19697\Documents\KeygenSDK\KeygenSDK\build-vs\vcpkg_installed\vcpkg\blds\curl\src\url-8_21_0-3ffa9f46b7.clean\lib\amigaos.c || cmake_object_order_depends_target_libcurl_shared
  CONFIG = Debug
  DEFINES = -DBUILDING_LIBCURL -DCURL_HIDDEN_SYMBOLS -DHAVE_CONFIG_H -DUNICODE -D_UNICODE -Dlibcurl_shared_EXPORTS
  FLAGS = /nologo /DWIN32 /D_WINDOWS /utf-8 /MP  /MDd /Z7 /Ob0 /Od /RTC1  -MDd -W4 -Wall -wd4061 -wd4191 -wd4255 -wd4464 -wd4548 -wd4574 -wd4668 -wd4710 -wd4711 -wd4746 -wd4820 -wd5045 -MP
  INCLUDES = -IC:\Users\19697\Documents\KeygenSDK\KeygenSDK\build-vs\vcpkg_installed\vcpkg\blds\curl\src\url-8_21_0-3ffa9f46b7.clean\include -IC:\Users\19697\Documents\KeygenSDK\KeygenSDK\build-vs\vcpkg_installed\vcpkg\blds\curl\x64-windows-dbg\lib -IC:\Users\19697\Documents\KeygenSDK\KeygenSDK\build-vs\vcpkg_installed\vcpkg\blds\curl\src\url-8_21_0-3ffa9f46b7.clean\lib -external:IC:\Users\19697\Documents\KeygenSDK\KeygenSDK\build-vs\vcpkg_installed\x64-windows\include -external:W0
  OBJECT_DIR = lib\CMakeFiles\libcurl_shared.dir
  OBJECT_FILE_DIR = lib\CMakeFiles\libcurl_shared.dir
  TARGET_COMPILE_PDB = lib\CMakeFiles\libcurl_shared.dir\
  TARGET_PDB = lib\libcurl-d.pdb
  TARGET_SUPPORT_DIR = lib\CMakeFiles\libcurl_shared.dir

build lib\CMakeFiles\libcurl_shared.dir\asyn-ares.c.obj: C_COMPILER__libcurl_shared_unscanned_Debug C$:\Users\19697\Documents\KeygenSDK\KeygenSDK\build-vs\vcpkg_installed\vcpkg\blds\curl\src\url-8_21_0-3ffa9f46b7.clean\lib\asyn-ares.c || cmake_object_order_depends_target_libcurl_shared
  CONFIG = Debug
  DEFINES = -DBUILDING_LIBCURL -DCURL_HIDDEN_SYMBOLS -DHAVE_CONFIG_H -DUNICODE -D_UNICODE -Dlibcurl_shared_EXPORTS
  FLAGS = /nologo /DWIN32 /D_WINDOWS /utf-8 /MP  /MDd /Z7 /Ob0 /Od /RTC1  -MDd -W4 -Wall -wd4061 -wd4191 -wd4255 -wd4464 -wd4548 -wd4574 -wd4668 -wd4710 -wd4711 -wd4746 -wd4820 -wd5045 -MP
  INCLUDES = -IC:\Users\19697\Documents\KeygenSDK\KeygenSDK\build-vs\vcpkg_installed\vcpkg\blds\curl\src\url-8_21_0-3ffa9f46b7.clean\include -IC:\Users\19697\Documents\KeygenSDK\KeygenSDK\build-vs\vcpkg_installed\vcpkg\blds\curl\x64-windows-dbg\lib -IC:\Users\19697\Documents\KeygenSDK\KeygenSDK\build-vs\vcpkg_installed\vcpkg\blds\curl\src\url-8_21_0-3ffa9f46b7.clean\lib -external:IC:\Users\19697\Documents\KeygenSDK\KeygenSDK\build-vs\vcpkg_installed\x64-windows\include -external:W0
  OBJECT_DIR = lib\CMakeFiles\libcurl_shared.dir
  OBJECT_FILE_DIR = lib\CMakeFiles\libcurl_shared.dir
  TARGET_COMPILE_PDB = lib\CMakeFiles\libcurl_shared.dir\
  TARGET_PDB = lib\libcurl-d.pdb
  TARGET_SUPPORT_DIR = lib\CMakeFiles\libcurl_shared.dir

build lib\CMakeFiles\libcurl_shared.dir\asyn-base.c.obj: C_COMPILER__libcurl_shared_unscanned_Debug C$:\Users\19697\Documents\KeygenSDK\KeygenSDK\build-vs\vcpkg_installed\vcpkg\blds\curl\src\url-8_21_0-3ffa9f46b7.clean\lib\asyn-base.c || cmake_object_order_depends_target_libcurl_shared
  CONFIG = Debug
  DEFINES = -DBUILDING_LIBCURL -DCURL_HIDDEN_SYMBOLS -DHAVE_CONFIG_H -DUNICODE -D_UNICODE -Dlibcurl_shared_EXPORTS
  FLAGS = /nologo /DWIN32 /D_WINDOWS /utf-8 /MP  /MDd /Z7 /Ob0 /Od /RTC1  -MDd -W4 -Wall -wd4061 -wd4191 -wd4255 -wd4464 -wd4548 -wd4574 -wd4668 -wd4710 -wd4711 -wd4746 -wd4820 -wd5045 -MP
  INCLUDES = -IC:\Users\19697\Documents\KeygenSDK\KeygenSDK\build-vs\vcpkg_installed\vcpkg\blds\curl\src\url-8_21_0-3ffa9f46b7.clean\include -IC:\Users\19697\Documents\KeygenSDK\KeygenSDK\build-vs\vcpkg_installed\vcpkg\blds\curl\x64-windows-dbg\lib -IC:\Users\19697\Documents\KeygenSDK\KeygenSDK\build-vs\vcpkg_installed\vcpkg\blds\curl\src\url-8_21_0-3ffa9f46b7.clean\lib -external:IC:\Users\19697\Documents\KeygenSDK\KeygenSDK\build-vs\vcpkg_installed\x64-windows\include -external:W0
  OBJECT_DIR = lib\CMakeFiles\libcurl_shared.dir
  OBJECT_FILE_DIR = lib\CMakeFiles\libcurl_shared.dir
  TARGET_COMPILE_PDB = lib\CMakeFiles\libcurl_shared.dir\
  TARGET_PDB = lib\libcurl-d.pdb
  TARGET_SUPPORT_DIR = lib\CMakeFiles\libcurl_shared.dir

build lib\CMakeFiles\libcurl_shared.dir\asyn-thrdd.c.obj: C_COMPILER__libcurl_shared_unscanned_Debug C$:\Users\19697\Documents\KeygenSDK\KeygenSDK\build-vs\vcpkg_installed\vcpkg\blds\curl\src\url-8_21_0-3ffa9f46b7.clean\lib\asyn-thrdd.c || cmake_object_order_depends_target_libcurl_shared
  CONFIG = Debug
  DEFINES = -DBUILDING_LIBCURL -DCURL_HIDDEN_SYMBOLS -DHAVE_CONFIG_H -DUNICODE -D_UNICODE -Dlibcurl_shared_EXPORTS
  FLAGS = /nologo /DWIN32 /D_WINDOWS /utf-8 /MP  /MDd /Z7 /Ob0 /Od /RTC1  -MDd -W4 -Wall -wd4061 -wd4191 -wd4255 -wd4464 -wd4548 -wd4574 -wd4668 -wd4710 -wd4711 -wd4746 -wd4820 -wd5045 -MP
  INCLUDES = -IC:\Users\19697\Documents\KeygenSDK\KeygenSDK\build-vs\vcpkg_installed\vcpkg\blds\curl\src\url-8_21_0-3ffa9f46b7.clean\include -IC:\Users\19697\Documents\KeygenSDK\KeygenSDK\build-vs\vcpkg_installed\vcpkg\blds\curl\x64-windows-dbg\lib -IC:\Users\19697\Documents\KeygenSDK\KeygenSDK\build-vs\vcpkg_installed\vcpkg\blds\curl\src\url-8_21_0-3ffa9f46b7.clean\lib -external:IC:\Users\19697\Documents\KeygenSDK\KeygenSDK\build-vs\vcpkg_installed\x64-windows\include -external:W0
  OBJECT_DIR = lib\CMakeFiles\libcurl_shared.dir
  OBJECT_FILE_DIR = lib\CMakeFiles\libcurl_shared.dir
  TARGET_COMPILE_PDB = lib\CMakeFiles\libcurl_shared.dir\
  TARGET_PDB = lib\libcurl-d.pdb
  TARGET_SUPPORT_DIR = lib\CMakeFiles\libcurl_shared.dir

build lib\CMakeFiles\libcurl_shared.dir\bufq.c.obj: C_COMPILER__libcurl_shared_unscanned_Debug C$:\Users\19697\Documents\KeygenSDK\KeygenSDK\build-vs\vcpkg_installed\vcpkg\blds\curl\src\url-8_21_0-3ffa9f46b7.clean\lib\bufq.c || cmake_object_order_depends_target_libcurl_shared
  CONFIG = Debug
  DEFINES = -DBUILDING_LIBCURL -DCURL_HIDDEN_SYMBOLS -DHAVE_CONFIG_H -DUNICODE -D_UNICODE -Dlibcurl_shared_EXPORTS
  FLAGS = /nologo /DWIN32 /D_WINDOWS /utf-8 /MP  /MDd /Z7 /Ob0 /Od /RTC1  -MDd -W4 -Wall -wd4061 -wd4191 -wd4255 -wd4464 -wd4548 -wd4574 -wd4668 -wd4710 -wd4711 -wd4746 -wd4820 -wd5045 -MP
  INCLUDES = -IC:\Users\19697\Documents\KeygenSDK\KeygenSDK\build-vs\vcpkg_installed\vcpkg\blds\curl\src\url-8_21_0-3ffa9f46b7.clean\include -IC:\Users\19697\Documents\KeygenSDK\KeygenSDK\build-vs\vcpkg_installed\vcpkg\blds\curl\x64-windows-dbg\lib -IC:\Users\19697\Documents\KeygenSDK\KeygenSDK\build-vs\vcpkg_installed\vcpkg\blds\curl\src\url-8_21_0-3ffa9f46b7.clean\lib -external:IC:\Users\19697\Documents\KeygenSDK\KeygenSDK\build-vs\vcpkg_installed\x64-windows\include -external:W0
  OBJECT_DIR = lib\CMakeFiles\libcurl_shared.dir
  OBJECT_FILE_DIR = lib\CMakeFiles\libcurl_shared.dir
  TARGET_COMPILE_PDB = lib\CMakeFiles\libcurl_shared.dir\
  TARGET_PDB = lib\libcurl-d.pdb
  TARGET_SUPPORT_DIR = lib\CMakeFiles\libcurl_shared.dir

build lib\CMakeFiles\libcurl_shared.dir\bufref.c.obj: C_COMPILER__libcurl_shared_unscanned_Debug C$:\Users\19697\Documents\KeygenSDK\KeygenSDK\build-vs\vcpkg_installed\vcpkg\blds\curl\src\url-8_21_0-3ffa9f46b7.clean\lib\bufref.c || cmake_object_order_depends_target_libcurl_shared
  CONFIG = Debug
  DEFINES = -DBUILDING_LIBCURL -DCURL_HIDDEN_SYMBOLS -DHAVE_CONFIG_H -DUNICODE -D_UNICODE -Dlibcurl_shared_EXPORTS
  FLAGS = /nologo /DWIN32 /D_WINDOWS /utf-8 /MP  /MDd /Z7 /Ob0 /Od /RTC1  -MDd -W4 -Wall -wd4061 -wd4191 -wd4255 -wd4464 -wd4548 -wd4574 -wd4668 -wd4710 -wd4711 -wd4746 -wd4820 -wd5045 -MP
  INCLUDES = -IC:\Users\19697\Documents\KeygenSDK\KeygenSDK\build-vs\vcpkg_installed\vcpkg\blds\curl\src\url-8_21_0-3ffa9f46b7.clean\include -IC:\Users\19697\Documents\KeygenSDK\KeygenSDK\build-vs\vcpkg_installed\vcpkg\blds\curl\x64-windows-dbg\lib -IC:\Users\19697\Documents\KeygenSDK\KeygenSDK\build-vs\vcpkg_installed\vcpkg\blds\curl\src\url-8_21_0-3ffa9f46b7.clean\lib -external:IC:\Users\19697\Documents\KeygenSDK\KeygenSDK\build-vs\vcpkg_installed\x64-windows\include -external:W0
  OBJECT_DIR = lib\CMakeFiles\libcurl_shared.dir
  OBJECT_FILE_DIR = lib\CMakeFiles\libcurl_shared.dir
  TARGET_COMPILE_PDB = lib\CMakeFiles\libcurl_shared.dir\
  TARGET_PDB = lib\libcurl-d.pdb
  TARGET_SUPPORT_DIR = lib\CMakeFiles\libcurl_shared.dir

build lib\CMakeFiles\libcurl_shared.dir\cf-dns.c.obj: C_COMPILER__libcurl_shared_unscanned_Debug C$:\Users\19697\Documents\KeygenSDK\KeygenSDK\build-vs\vcpkg_installed\vcpkg\blds\curl\src\url-8_21_0-3ffa9f46b7.clean\lib\cf-dns.c || cmake_object_order_depends_target_libcurl_shared
  CONFIG = Debug
  DEFINES = -DBUILDING_LIBCURL -DCURL_HIDDEN_SYMBOLS -DHAVE_CONFIG_H -DUNICODE -D_UNICODE -Dlibcurl_shared_EXPORTS
  FLAGS = /nologo /DWIN32 /D_WINDOWS /utf-8 /MP  /MDd /Z7 /Ob0 /Od /RTC1  -MDd -W4 -Wall -wd4061 -wd4191 -wd4255 -wd4464 -wd4548 -wd4574 -wd4668 -wd4710 -wd4711 -wd4746 -wd4820 -wd5045 -MP
  INCLUDES = -IC:\Users\19697\Documents\KeygenSDK\KeygenSDK\build-vs\vcpkg_installed\vcpkg\blds\curl\src\url-8_21_0-3ffa9f46b7.clean\include -IC:\Users\19697\Documents\KeygenSDK\KeygenSDK\build-vs\vcpkg_installed\vcpkg\blds\curl\x64-windows-dbg\lib -IC:\Users\19697\Documents\KeygenSDK\KeygenSDK\build-vs\vcpkg_installed\vcpkg\blds\curl\src\url-8_21_0-3ffa9f46b7.clean\lib -external:IC:\Users\19697\Documents\KeygenSDK\KeygenSDK\build-vs\vcpkg_installed\x64-windows\include -external:W0
  OBJECT_DIR = lib\CMakeFiles\libcurl_shared.dir
  OBJECT_FILE_DIR = lib\CMakeFiles\libcurl_shared.dir
  TARGET_COMPILE_PDB = lib\CMakeFiles\libcurl_shared.dir\
  TARGET_PDB = lib\libcurl-d.pdb
  TARGET_SUPPORT_DIR = lib\CMakeFiles\libcurl_shared.dir

build lib\CMakeFiles\libcurl_shared.dir\cf-h1-proxy.c.obj: C_COMPILER__libcurl_shared_unscanned_Debug C$:\Users\19697\Documents\KeygenSDK\KeygenSDK\build-vs\vcpkg_installed\vcpkg\blds\curl\src\url-8_21_0-3ffa9f46b7.clean\lib\cf-h1-proxy.c || cmake_object_order_depends_target_libcurl_shared
  CONFIG = Debug
  DEFINES = -DBUILDING_LIBCURL -DCURL_HIDDEN_SYMBOLS -DHAVE_CONFIG_H -DUNICODE -D_UNICODE -Dlibcurl_shared_EXPORTS
  FLAGS = /nologo /DWIN32 /D_WINDOWS /utf-8 /MP  /MDd /Z7 /Ob0 /Od /RTC1  -MDd -W4 -Wall -wd4061 -wd4191 -wd4255 -wd4464 -wd4548 -wd4574 -wd4668 -wd4710 -wd4711 -wd4746 -wd4820 -wd5045 -MP
  INCLUDES = -IC:\Users\19697\Documents\KeygenSDK\KeygenSDK\build-vs\vcpkg_installed\vcpkg\blds\curl\src\url-8_21_0-3ffa9f46b7.clean\include -IC:\Users\19697\Documents\KeygenSDK\KeygenSDK\build-vs\vcpkg_installed\vcpkg\blds\curl\x64-windows-dbg\lib -IC:\Users\19697\Documents\KeygenSDK\KeygenSDK\build-vs\vcpkg_installed\vcpkg\blds\curl\src\url-8_21_0-3ffa9f46b7.clean\lib -external:IC:\Users\19697\Documents\KeygenSDK\KeygenSDK\build-vs\vcpkg_installed\x64-windows\include -external:W0
  OBJECT_DIR = lib\CMakeFiles\libcurl_shared.dir
  OBJECT_FILE_DIR = lib\CMakeFiles\libcurl_shared.dir
  TARGET_COMPILE_PDB = lib\CMakeFiles\libcurl_shared.dir\
  TARGET_PDB = lib\libcurl-d.pdb
  TARGET_SUPPORT_DIR = lib\CMakeFiles\libcurl_shared.dir

build lib\CMakeFiles\libcurl_shared.dir\cf-h2-proxy.c.obj: C_COMPILER__libcurl_shared_unscanned_Debug C$:\Users\19697\Documents\KeygenSDK\KeygenSDK\build-vs\vcpkg_installed\vcpkg\blds\curl\src\url-8_21_0-3ffa9f46b7.clean\lib\cf-h2-proxy.c || cmake_object_order_depends_target_libcurl_shared
  CONFIG = Debug
  DEFINES = -DBUILDING_LIBCURL -DCURL_HIDDEN_SYMBOLS -DHAVE_CONFIG_H -DUNICODE -D_UNICODE -Dlibcurl_shared_EXPORTS
  FLAGS = /nologo /DWIN32 /D_WINDOWS /utf-8 /MP  /MDd /Z7 /Ob0 /Od /RTC1  -MDd -W4 -Wall -wd4061 -wd4191 -wd4255 -wd4464 -wd4548 -wd4574 -wd4668 -wd4710 -wd4711 -wd4746 -wd4820 -wd5045 -MP
  INCLUDES = -IC:\Users\19697\Documents\KeygenSDK\KeygenSDK\build-vs\vcpkg_installed\vcpkg\blds\curl\src\url-8_21_0-3ffa9f46b7.clean\include -IC:\Users\19697\Documents\KeygenSDK\KeygenSDK\build-vs\vcpkg_installed\vcpkg\blds\curl\x64-windows-dbg\lib -IC:\Users\19697\Documents\KeygenSDK\KeygenSDK\build-vs\vcpkg_installed\vcpkg\blds\curl\src\url-8_21_0-3ffa9f46b7.clean\lib -external:IC:\Users\19697\Documents\KeygenSDK\KeygenSDK\build-vs\vcpkg_installed\x64-windows\include -external:W0
  OBJECT_DIR = lib\CMakeFiles\libcurl_shared.dir
  OBJECT_FILE_DIR = lib\CMakeFiles\libcurl_shared.dir
  TARGET_COMPILE_PDB = lib\CMakeFiles\libcurl_shared.dir\
  TARGET_PDB = lib\libcurl-d.pdb
  TARGET_SUPPORT_DIR = lib\CMakeFiles\libcurl_shared.dir

build lib\CMakeFiles\libcurl_shared.dir\cf-haproxy.c.obj: C_COMPILER__libcurl_shared_unscanned_Debug C$:\Users\19697\Documents\KeygenSDK\KeygenSDK\build-vs\vcpkg_installed\vcpkg\blds\curl\src\url-8_21_0-3ffa9f46b7.clean\lib\cf-haproxy.c || cmake_object_order_depends_target_libcurl_shared
  CONFIG = Debug
  DEFINES = -DBUILDING_LIBCURL -DCURL_HIDDEN_SYMBOLS -DHAVE_CONFIG_H -DUNICODE -D_UNICODE -Dlibcurl_shared_EXPORTS
  FLAGS = /nologo /DWIN32 /D_WINDOWS /utf-8 /MP  /MDd /Z7 /Ob0 /Od /RTC1  -MDd -W4 -Wall -wd4061 -wd4191 -wd4255 -wd4464 -wd4548 -wd4574 -wd4668 -wd4710 -wd4711 -wd4746 -wd4820 -wd5045 -MP
  INCLUDES = -IC:\Users\19697\Documents\KeygenSDK\KeygenSDK\build-vs\vcpkg_installed\vcpkg\blds\curl\src\url-8_21_0-3ffa9f46b7.clean\include -IC:\Users\19697\Documents\KeygenSDK\KeygenSDK\build-vs\vcpkg_installed\vcpkg\blds\curl\x64-windows-dbg\lib -IC:\Users\19697\Documents\KeygenSDK\KeygenSDK\build-vs\vcpkg_installed\vcpkg\blds\curl\src\url-8_21_0-3ffa9f46b7.clean\lib -external:IC:\Users\19697\Documents\KeygenSDK\KeygenSDK\build-vs\vcpkg_installed\x64-windows\include -external:W0
  OBJECT_DIR = lib\CMakeFiles\libcurl_shared.dir
  OBJECT_FILE_DIR = lib\CMakeFiles\libcurl_shared.dir
  TARGET_COMPILE_PDB = lib\CMakeFiles\libcurl_shared.dir\
  TARGET_PDB = lib\libcurl-d.pdb
  TARGET_SUPPORT_DIR = lib\CMakeFiles\libcurl_shared.dir

build lib\CMakeFiles\libcurl_shared.dir\cf-https-connect.c.obj: C_COMPILER__libcurl_shared_unscanned_Debug C$:\Users\19697\Documents\KeygenSDK\KeygenSDK\build-vs\vcpkg_installed\vcpkg\blds\curl\src\url-8_21_0-3ffa9f46b7.clean\lib\cf-https-connect.c || cmake_object_order_depends_target_libcurl_shared
  CONFIG = Debug
  DEFINES = -DBUILDING_LIBCURL -DCURL_HIDDEN_SYMBOLS -DHAVE_CONFIG_H -DUNICODE -D_UNICODE -Dlibcurl_shared_EXPORTS
  FLAGS = /nologo /DWIN32 /D_WINDOWS /utf-8 /MP  /MDd /Z7 /Ob0 /Od /RTC1  -MDd -W4 -Wall -wd4061 -wd4191 -wd4255 -wd4464 -wd4548 -wd4574 -wd4668 -wd4710 -wd4711 -wd4746 -wd4820 -wd5045 -MP
  INCLUDES = -IC:\Users\19697\Documents\KeygenSDK\KeygenSDK\build-vs\vcpkg_installed\vcpkg\blds\curl\src\url-8_21_0-3ffa9f46b7.clean\include -IC:\Users\19697\Documents\KeygenSDK\KeygenSDK\build-vs\vcpkg_installed\vcpkg\blds\curl\x64-windows-dbg\lib -IC:\Users\19697\Documents\KeygenSDK\KeygenSDK\build-vs\vcpkg_installed\vcpkg\blds\curl\src\url-8_21_0-3ffa9f46b7.clean\lib -external:IC:\Users\19697\Documents\KeygenSDK\KeygenSDK\build-vs\vcpkg_installed\x64-windows\include -external:W0
  OBJECT_DIR = lib\CMakeFiles\libcurl_shared.dir
  OBJECT_FILE_DIR = lib\CMakeFiles\libcurl_shared.dir
  TARGET_COMPILE_PDB = lib\CMakeFiles\libcurl_shared.dir\
  TARGET_PDB = lib\libcurl-d.pdb
  TARGET_SUPPORT_DIR = lib\CMakeFiles\libcurl_shared.dir

build lib\CMakeFiles\libcurl_shared.dir\cf-ip-happy.c.obj: C_COMPILER__libcurl_shared_unscanned_Debug C$:\Users\19697\Documents\KeygenSDK\KeygenSDK\build-vs\vcpkg_installed\vcpkg\blds\curl\src\url-8_21_0-3ffa9f46b7.clean\lib\cf-ip-happy.c || cmake_object_order_depends_target_libcurl_shared
  CONFIG = Debug
  DEFINES = -DBUILDING_LIBCURL -DCURL_HIDDEN_SYMBOLS -DHAVE_CONFIG_H -DUNICODE -D_UNICODE -Dlibcurl_shared_EXPORTS
  FLAGS = /nologo /DWIN32 /D_WINDOWS /utf-8 /MP  /MDd /Z7 /Ob0 /Od /RTC1  -MDd -W4 -Wall -wd4061 -wd4191 -wd4255 -wd4464 -wd4548 -wd4574 -wd4668 -wd4710 -wd4711 -wd4746 -wd4820 -wd5045 -MP
  INCLUDES = -IC:\Users\19697\Documents\KeygenSDK\KeygenSDK\build-vs\vcpkg_installed\vcpkg\blds\curl\src\url-8_21_0-3ffa9f46b7.clean\include -IC:\Users\19697\Documents\KeygenSDK\KeygenSDK\build-vs\vcpkg_installed\vcpkg\blds\curl\x64-windows-dbg\lib -IC:\Users\19697\Documents\KeygenSDK\KeygenSDK\build-vs\vcpkg_installed\vcpkg\blds\curl\src\url-8_21_0-3ffa9f46b7.clean\lib -external:IC:\Users\19697\Documents\KeygenSDK\KeygenSDK\build-vs\vcpkg_installed\x64-windows\include -external:W0
  OBJECT_DIR = lib\CMakeFiles\libcurl_shared.dir
  OBJECT_FILE_DIR = lib\CMakeFiles\libcurl_shared.dir
  TARGET_COMPILE_PDB = lib\CMakeFiles\libcurl_shared.dir\
  TARGET_PDB = lib\libcurl-d.pdb
  TARGET_SUPPORT_DIR = lib\CMakeFiles\libcurl_shared.dir

build lib\CMakeFiles\libcurl_shared.dir\cf-recvbuf.c.obj: C_COMPILER__libcurl_shared_unscanned_Debug C$:\Users\19697\Documents\KeygenSDK\KeygenSDK\build-vs\vcpkg_installed\vcpkg\blds\curl\src\url-8_21_0-3ffa9f46b7.clean\lib\cf-recvbuf.c || cmake_object_order_depends_target_libcurl_shared
  CONFIG = Debug
  DEFINES = -DBUILDING_LIBCURL -DCURL_HIDDEN_SYMBOLS -DHAVE_CONFIG_H -DUNICODE -D_UNICODE -Dlibcurl_shared_EXPORTS
  FLAGS = /nologo /DWIN32 /D_WINDOWS /utf-8 /MP  /MDd /Z7 /Ob0 /Od /RTC1  -MDd -W4 -Wall -wd4061 -wd4191 -wd4255 -wd4464 -wd4548 -wd4574 -wd4668 -wd4710 -wd4711 -wd4746 -wd4820 -wd5045 -MP
  INCLUDES = -IC:\Users\19697\Documents\KeygenSDK\KeygenSDK\build-vs\vcpkg_installed\vcpkg\blds\curl\src\url-8_21_0-3ffa9f46b7.clean\include -IC:\Users\19697\Documents\KeygenSDK\KeygenSDK\build-vs\vcpkg_installed\vcpkg\blds\curl\x64-windows-dbg\lib -IC:\Users\19697\Documents\KeygenSDK\KeygenSDK\build-vs\vcpkg_installed\vcpkg\blds\curl\src\url-8_21_0-3ffa9f46b7.clean\lib -external:IC:\Users\19697\Documents\KeygenSDK\KeygenSDK\build-vs\vcpkg_installed\x64-windows\include -external:W0
  OBJECT_DIR = lib\CMakeFiles\libcurl_shared.dir
  OBJECT_FILE_DIR = lib\CMakeFiles\libcurl_shared.dir
  TARGET_COMPILE_PDB = lib\CMakeFiles\libcurl_shared.dir\
  TARGET_PDB = lib\libcurl-d.pdb
  TARGET_SUPPORT_DIR = lib\CMakeFiles\libcurl_shared.dir

build lib\CMakeFiles\libcurl_shared.dir\cf-setup.c.obj: C_COMPILER__libcurl_shared_unscanned_Debug C$:\Users\19697\Documents\KeygenSDK\KeygenSDK\build-vs\vcpkg_installed\vcpkg\blds\curl\src\url-8_21_0-3ffa9f46b7.clean\lib\cf-setup.c || cmake_object_order_depends_target_libcurl_shared
  CONFIG = Debug
  DEFINES = -DBUILDING_LIBCURL -DCURL_HIDDEN_SYMBOLS -DHAVE_CONFIG_H -DUNICODE -D_UNICODE -Dlibcurl_shared_EXPORTS
  FLAGS = /nologo /DWIN32 /D_WINDOWS /utf-8 /MP  /MDd /Z7 /Ob0 /Od /RTC1  -MDd -W4 -Wall -wd4061 -wd4191 -wd4255 -wd4464 -wd4548 -wd4574 -wd4668 -wd4710 -wd4711 -wd4746 -wd4820 -wd5045 -MP
  INCLUDES = -IC:\Users\19697\Documents\KeygenSDK\KeygenSDK\build-vs\vcpkg_installed\vcpkg\blds\curl\src\url-8_21_0-3ffa9f46b7.clean\include -IC:\Users\19697\Documents\KeygenSDK\KeygenSDK\build-vs\vcpkg_installed\vcpkg\blds\curl\x64-windows-dbg\lib -IC:\Users\19697\Documents\KeygenSDK\KeygenSDK\build-vs\vcpkg_installed\vcpkg\blds\curl\src\url-8_21_0-3ffa9f46b7.clean\lib -external:IC:\Users\19697\Documents\KeygenSDK\KeygenSDK\build-vs\vcpkg_installed\x64-windows\include -external:W0
  OBJECT_DIR = lib\CMakeFiles\libcurl_shared.dir
  OBJECT_FILE_DIR = lib\CMakeFiles\libcurl_shared.dir
  TARGET_COMPILE_PDB = lib\CMakeFiles\libcurl_shared.dir\
  TARGET_PDB = lib\libcurl-d.pdb
  TARGET_SUPPORT_DIR = lib\CMakeFiles\libcurl_shared.dir

build lib\CMakeFiles\libcurl_shared.dir\cf-socket.c.obj: C_COMPILER__libcurl_shared_unscanned_Debug C$:\Users\19697\Documents\KeygenSDK\KeygenSDK\build-vs\vcpkg_installed\vcpkg\blds\curl\src\url-8_21_0-3ffa9f46b7.clean\lib\cf-socket.c || cmake_object_order_depends_target_libcurl_shared
  CONFIG = Debug
  DEFINES = -DBUILDING_LIBCURL -DCURL_HIDDEN_SYMBOLS -DHAVE_CONFIG_H -DUNICODE -D_UNICODE -Dlibcurl_shared_EXPORTS
  FLAGS = /nologo /DWIN32 /D_WINDOWS /utf-8 /MP  /MDd /Z7 /Ob0 /Od /RTC1  -MDd -W4 -Wall -wd4061 -wd4191 -wd4255 -wd4464 -wd4548 -wd4574 -wd4668 -wd4710 -wd4711 -wd4746 -wd4820 -wd5045 -MP
  INCLUDES = -IC:\Users\19697\Documents\KeygenSDK\KeygenSDK\build-vs\vcpkg_installed\vcpkg\blds\curl\src\url-8_21_0-3ffa9f46b7.clean\include -IC:\Users\19697\Documents\KeygenSDK\KeygenSDK\build-vs\vcpkg_installed\vcpkg\blds\curl\x64-windows-dbg\lib -IC:\Users\19697\Documents\KeygenSDK\KeygenSDK\build-vs\vcpkg_installed\vcpkg\blds\curl\src\url-8_21_0-3ffa9f46b7.clean\lib -external:IC:\Users\19697\Documents\KeygenSDK\KeygenSDK\build-vs\vcpkg_installed\x64-windows\include -external:W0
  OBJECT_DIR = lib\CMakeFiles\libcurl_shared.dir
  OBJECT_FILE_DIR = lib\CMakeFiles\libcurl_shared.dir
  TARGET_COMPILE_PDB = lib\CMakeFiles\libcurl_shared.dir\
  TARGET_PDB = lib\libcurl-d.pdb
  TARGET_SUPPORT_DIR = lib\CMakeFiles\libcurl_shared.dir

build lib\CMakeFiles\libcurl_shared.dir\cfilters.c.obj: C_COMPILER__libcurl_shared_unscanned_Debug C$:\Users\19697\Documents\KeygenSDK\KeygenSDK\build-vs\vcpkg_installed\vcpkg\blds\curl\src\url-8_21_0-3ffa9f46b7.clean\lib\cfilters.c || cmake_object_order_depends_target_libcurl_shared
  CONFIG = Debug
  DEFINES = -DBUILDING_LIBCURL -DCURL_HIDDEN_SYMBOLS -DHAVE_CONFIG_H -DUNICODE -D_UNICODE -Dlibcurl_shared_EXPORTS
  FLAGS = /nologo /DWIN32 /D_WINDOWS /utf-8 /MP  /MDd /Z7 /Ob0 /Od /RTC1  -MDd -W4 -Wall -wd4061 -wd4191 -wd4255 -wd4464 -wd4548 -wd4574 -wd4668 -wd4710 -wd4711 -wd4746 -wd4820 -wd5045 -MP
  INCLUDES = -IC:\Users\19697\Documents\KeygenSDK\KeygenSDK\build-vs\vcpkg_installed\vcpkg\blds\curl\src\url-8_21_0-3ffa9f46b7.clean\include -IC:\Users\19697\Documents\KeygenSDK\KeygenSDK\build-vs\vcpkg_installed\vcpkg\blds\curl\x64-windows-dbg\lib -IC:\Users\19697\Documents\KeygenSDK\KeygenSDK\build-vs\vcpkg_installed\vcpkg\blds\curl\src\url-8_21_0-3ffa9f46b7.clean\lib -external:IC:\Users\19697\Documents\KeygenSDK\KeygenSDK\build-vs\vcpkg_installed\x64-windows\include -external:W0
  OBJECT_DIR = lib\CMakeFiles\libcurl_shared.dir
  OBJECT_FILE_DIR = lib\CMakeFiles\libcurl_shared.dir
  TARGET_COMPILE_PDB = lib\CMakeFiles\libcurl_shared.dir\
  TARGET_PDB = lib\libcurl-d.pdb
  TARGET_SUPPORT_DIR = lib\CMakeFiles\libcurl_shared.dir

build lib\CMakeFiles\libcurl_shared.dir\conncache.c.obj: C_COMPILER__libcurl_shared_unscanned_Debug C$:\Users\19697\Documents\KeygenSDK\KeygenSDK\build-vs\vcpkg_installed\vcpkg\blds\curl\src\url-8_21_0-3ffa9f46b7.clean\lib\conncache.c || cmake_object_order_depends_target_libcurl_shared
  CONFIG = Debug
  DEFINES = -DBUILDING_LIBCURL -DCURL_HIDDEN_SYMBOLS -DHAVE_CONFIG_H -DUNICODE -D_UNICODE -Dlibcurl_shared_EXPORTS
  FLAGS = /nologo /DWIN32 /D_WINDOWS /utf-8 /MP  /MDd /Z7 /Ob0 /Od /RTC1  -MDd -W4 -Wall -wd4061 -wd4191 -wd4255 -wd4464 -wd4548 -wd4574 -wd4668 -wd4710 -wd4711 -wd4746 -wd4820 -wd5045 -MP
  INCLUDES = -IC:\Users\19697\Documents\KeygenSDK\KeygenSDK\build-vs\vcpkg_installed\vcpkg\blds\curl\src\url-8_21_0-3ffa9f46b7.clean\include -IC:\Users\19697\Documents\KeygenSDK\KeygenSDK\build-vs\vcpkg_installed\vcpkg\blds\curl\x64-windows-dbg\lib -IC:\Users\19697\Documents\KeygenSDK\KeygenSDK\build-vs\vcpkg_installed\vcpkg\blds\curl\src\url-8_21_0-3ffa9f46b7.clean\lib -external:IC:\Users\19697\Documents\KeygenSDK\KeygenSDK\build-vs\vcpkg_installed\x64-windows\include -external:W0
  OBJECT_DIR = lib\CMakeFiles\libcurl_shared.dir
  OBJECT_FILE_DIR = lib\CMakeFiles\libcurl_shared.dir
  TARGET_COMPILE_PDB = lib\CMakeFiles\libcurl_shared.dir\
  TARGET_PDB = lib\libcurl-d.pdb
  TARGET_SUPPORT_DIR = lib\CMakeFiles\libcurl_shared.dir

build lib\CMakeFiles\libcurl_shared.dir\connect.c.obj: C_COMPILER__libcurl_shared_unscanned_Debug C$:\Users\19697\Documents\KeygenSDK\KeygenSDK\build-vs\vcpkg_installed\vcpkg\blds\curl\src\url-8_21_0-3ffa9f46b7.clean\lib\connect.c || cmake_object_order_depends_target_libcurl_shared
  CONFIG = Debug
  DEFINES = -DBUILDING_LIBCURL -DCURL_HIDDEN_SYMBOLS -DHAVE_CONFIG_H -DUNICODE -D_UNICODE -Dlibcurl_shared_EXPORTS
  FLAGS = /nologo /DWIN32 /D_WINDOWS /utf-8 /MP  /MDd /Z7 /Ob0 /Od /RTC1  -MDd -W4 -Wall -wd4061 -wd4191 -wd4255 -wd4464 -wd4548 -wd4574 -wd4668 -wd4710 -wd4711 -wd4746 -wd4820 -wd5045 -MP
  INCLUDES = -IC:\Users\19697\Documents\KeygenSDK\KeygenSDK\build-vs\vcpkg_installed\vcpkg\blds\curl\src\url-8_21_0-3ffa9f46b7.clean\include -IC:\Users\19697\Documents\KeygenSDK\KeygenSDK\build-vs\vcpkg_installed\vcpkg\blds\curl\x64-windows-dbg\lib -IC:\Users\19697\Documents\KeygenSDK\KeygenSDK\build-vs\vcpkg_installed\vcpkg\blds\curl\src\url-8_21_0-3ffa9f46b7.clean\lib -external:IC:\Users\19697\Documents\KeygenSDK\KeygenSDK\build-vs\vcpkg_installed\x64-windows\include -external:W0
  OBJECT_DIR = lib\CMakeFiles\libcurl_shared.dir
  OBJECT_FILE_DIR = lib\CMakeFiles\libcurl_shared.dir
  TARGET_COMPILE_PDB = lib\CMakeFiles\libcurl_shared.dir\
  TARGET_PDB = lib\libcurl-d.pdb
  TARGET_SUPPORT_DIR = lib\CMakeFiles\libcurl_shared.dir

build lib\CMakeFiles\libcurl_shared.dir\content_encoding.c.obj: C_COMPILER__libcurl_shared_unscanned_Debug C$:\Users\19697\Documents\KeygenSDK\KeygenSDK\build-vs\vcpkg_installed\vcpkg\blds\curl\src\url-8_21_0-3ffa9f46b7.clean\lib\content_encoding.c || cmake_object_order_depends_target_libcurl_shared
  CONFIG = Debug
  DEFINES = -DBUILDING_LIBCURL -DCURL_HIDDEN_SYMBOLS -DHAVE_CONFIG_H -DUNICODE -D_UNICODE -Dlibcurl_shared_EXPORTS
  FLAGS = /nologo /DWIN32 /D_WINDOWS /utf-8 /MP  /MDd /Z7 /Ob0 /Od /RTC1  -MDd -W4 -Wall -wd4061 -wd4191 -wd4255 -wd4464 -wd4548 -wd4574 -wd4668 -wd4710 -wd4711 -wd4746 -wd4820 -wd5045 -MP
  INCLUDES = -IC:\Users\19697\Documents\KeygenSDK\KeygenSDK\build-vs\vcpkg_installed\vcpkg\blds\curl\src\url-8_21_0-3ffa9f46b7.clean\include -IC:\Users\19697\Documents\KeygenSDK\KeygenSDK\build-vs\vcpkg_installed\vcpkg\blds\curl\x64-windows-dbg\lib -IC:\Users\19697\Documents\KeygenSDK\KeygenSDK\build-vs\vcpkg_installed\vcpkg\blds\curl\src\url-8_21_0-3ffa9f46b7.clean\lib -external:IC:\Users\19697\Documents\KeygenSDK\KeygenSDK\build-vs\vcpkg_installed\x64-windows\include -external:W0
  OBJECT_DIR = lib\CMakeFiles\libcurl_shared.dir
  OBJECT_FILE_DIR = lib\CMakeFiles\libcurl_shared.dir
  TARGET_COMPILE_PDB = lib\CMakeFiles\libcurl_shared.dir\
  TARGET_PDB = lib\libcurl-d.pdb
  TARGET_SUPPORT_DIR = lib\CMakeFiles\libcurl_shared.dir

build lib\CMakeFiles\libcurl_shared.dir\cookie.c.obj: C_COMPILER__libcurl_shared_unscanned_Debug C$:\Users\19697\Documents\KeygenSDK\KeygenSDK\build-vs\vcpkg_installed\vcpkg\blds\curl\src\url-8_21_0-3ffa9f46b7.clean\lib\cookie.c || cmake_object_order_depends_target_libcurl_shared
  CONFIG = Debug
  DEFINES = -DBUILDING_LIBCURL -DCURL_HIDDEN_SYMBOLS -DHAVE_CONFIG_H -DUNICODE -D_UNICODE -Dlibcurl_shared_EXPORTS
  FLAGS = /nologo /DWIN32 /D_WINDOWS /utf-8 /MP  /MDd /Z7 /Ob0 /Od /RTC1  -MDd -W4 -Wall -wd4061 -wd4191 -wd4255 -wd4464 -wd4548 -wd4574 -wd4668 -wd4710 -wd4711 -wd4746 -wd4820 -wd5045 -MP
  INCLUDES = -IC:\Users\19697\Documents\KeygenSDK\KeygenSDK\build-vs\vcpkg_installed\vcpkg\blds\curl\src\url-8_21_0-3ffa9f46b7.clean\include -IC:\Users\19697\Documents\KeygenSDK\KeygenSDK\build-vs\vcpkg_installed\vcpkg\blds\curl\x64-windows-dbg\lib -IC:\Users\19697\Documents\KeygenSDK\KeygenSDK\build-vs\vcpkg_installed\vcpkg\blds\curl\src\url-8_21_0-3ffa9f46b7.clean\lib -external:IC:\Users\19697\Documents\KeygenSDK\KeygenSDK\build-vs\vcpkg_installed\x64-windows\include -external:W0
  OBJECT_DIR = lib\CMakeFiles\libcurl_shared.dir
  OBJECT_FILE_DIR = lib\CMakeFiles\libcurl_shared.dir
  TARGET_COMPILE_PDB = lib\CMakeFiles\libcurl_shared.dir\
  TARGET_PDB = lib\libcurl-d.pdb
  TARGET_SUPPORT_DIR = lib\CMakeFiles\libcurl_shared.dir

build lib\CMakeFiles\libcurl_shared.dir\creds.c.obj: C_COMPILER__libcurl_shared_unscanned_Debug C$:\Users\19697\Documents\KeygenSDK\KeygenSDK\build-vs\vcpkg_installed\vcpkg\blds\curl\src\url-8_21_0-3ffa9f46b7.clean\lib\creds.c || cmake_object_order_depends_target_libcurl_shared
  CONFIG = Debug
  DEFINES = -DBUILDING_LIBCURL -DCURL_HIDDEN_SYMBOLS -DHAVE_CONFIG_H -DUNICODE -D_UNICODE -Dlibcurl_shared_EXPORTS
  FLAGS = /nologo /DWIN32 /D_WINDOWS /utf-8 /MP  /MDd /Z7 /Ob0 /Od /RTC1  -MDd -W4 -Wall -wd4061 -wd4191 -wd4255 -wd4464 -wd4548 -wd4574 -wd4668 -wd4710 -wd4711 -wd4746 -wd4820 -wd5045 -MP
  INCLUDES = -IC:\Users\19697\Documents\KeygenSDK\KeygenSDK\build-vs\vcpkg_installed\vcpkg\blds\curl\src\url-8_21_0-3ffa9f46b7.clean\include -IC:\Users\19697\Documents\KeygenSDK\KeygenSDK\build-vs\vcpkg_installed\vcpkg\blds\curl\x64-windows-dbg\lib -IC:\Users\19697\Documents\KeygenSDK\KeygenSDK\build-vs\vcpkg_installed\vcpkg\blds\curl\src\url-8_21_0-3ffa9f46b7.clean\lib -external:IC:\Users\19697\Documents\KeygenSDK\KeygenSDK\build-vs\vcpkg_installed\x64-windows\include -external:W0
  OBJECT_DIR = lib\CMakeFiles\libcurl_shared.dir
  OBJECT_FILE_DIR = lib\CMakeFiles\libcurl_shared.dir
  TARGET_COMPILE_PDB = lib\CMakeFiles\libcurl_shared.dir\
  TARGET_PDB = lib\libcurl-d.pdb
  TARGET_SUPPORT_DIR = lib\CMakeFiles\libcurl_shared.dir

build lib\CMakeFiles\libcurl_shared.dir\cshutdn.c.obj: C_COMPILER__libcurl_shared_unscanned_Debug C$:\Users\19697\Documents\KeygenSDK\KeygenSDK\build-vs\vcpkg_installed\vcpkg\blds\curl\src\url-8_21_0-3ffa9f46b7.clean\lib\cshutdn.c || cmake_object_order_depends_target_libcurl_shared
  CONFIG = Debug
  DEFINES = -DBUILDING_LIBCURL -DCURL_HIDDEN_SYMBOLS -DHAVE_CONFIG_H -DUNICODE -D_UNICODE -Dlibcurl_shared_EXPORTS
  FLAGS = /nologo /DWIN32 /D_WINDOWS /utf-8 /MP  /MDd /Z7 /Ob0 /Od /RTC1  -MDd -W4 -Wall -wd4061 -wd4191 -wd4255 -wd4464 -wd4548 -wd4574 -wd4668 -wd4710 -wd4711 -wd4746 -wd4820 -wd5045 -MP
  INCLUDES = -IC:\Users\19697\Documents\KeygenSDK\KeygenSDK\build-vs\vcpkg_installed\vcpkg\blds\curl\src\url-8_21_0-3ffa9f46b7.clean\include -IC:\Users\19697\Documents\KeygenSDK\KeygenSDK\build-vs\vcpkg_installed\vcpkg\blds\curl\x64-windows-dbg\lib -IC:\Users\19697\Documents\KeygenSDK\KeygenSDK\build-vs\vcpkg_installed\vcpkg\blds\curl\src\url-8_21_0-3ffa9f46b7.clean\lib -external:IC:\Users\19697\Documents\KeygenSDK\KeygenSDK\build-vs\vcpkg_installed\x64-windows\include -external:W0
  OBJECT_DIR = lib\CMakeFiles\libcurl_shared.dir
  OBJECT_FILE_DIR = lib\CMakeFiles\libcurl_shared.dir
  TARGET_COMPILE_PDB = lib\CMakeFiles\libcurl_shared.dir\
  TARGET_PDB = lib\libcurl-d.pdb
  TARGET_SUPPORT_DIR = lib\CMakeFiles\libcurl_shared.dir

build lib\CMakeFiles\libcurl_shared.dir\curl_addrinfo.c.obj: C_COMPILER__libcurl_shared_unscanned_Debug C$:\Users\19697\Documents\KeygenSDK\KeygenSDK\build-vs\vcpkg_installed\vcpkg\blds\curl\src\url-8_21_0-3ffa9f46b7.clean\lib\curl_addrinfo.c || cmake_object_order_depends_target_libcurl_shared
  CONFIG = Debug
  DEFINES = -DBUILDING_LIBCURL -DCURL_HIDDEN_SYMBOLS -DHAVE_CONFIG_H -DUNICODE -D_UNICODE -Dlibcurl_shared_EXPORTS
  FLAGS = /nologo /DWIN32 /D_WINDOWS /utf-8 /MP  /MDd /Z7 /Ob0 /Od /RTC1  -MDd -W4 -Wall -wd4061 -wd4191 -wd4255 -wd4464 -wd4548 -wd4574 -wd4668 -wd4710 -wd4711 -wd4746 -wd4820 -wd5045 -MP
  INCLUDES = -IC:\Users\19697\Documents\KeygenSDK\KeygenSDK\build-vs\vcpkg_installed\vcpkg\blds\curl\src\url-8_21_0-3ffa9f46b7.clean\include -IC:\Users\19697\Documents\KeygenSDK\KeygenSDK\build-vs\vcpkg_installed\vcpkg\blds\curl\x64-windows-dbg\lib -IC:\Users\19697\Documents\KeygenSDK\KeygenSDK\build-vs\vcpkg_installed\vcpkg\blds\curl\src\url-8_21_0-3ffa9f46b7.clean\lib -external:IC:\Users\19697\Documents\KeygenSDK\KeygenSDK\build-vs\vcpkg_installed\x64-windows\include -external:W0
  OBJECT_DIR = lib\CMakeFiles\libcurl_shared.dir
  OBJECT_FILE_DIR = lib\CMakeFiles\libcurl_shared.dir
  TARGET_COMPILE_PDB = lib\CMakeFiles\libcurl_shared.dir\
  TARGET_PDB = lib\libcurl-d.pdb
  TARGET_SUPPORT_DIR = lib\CMakeFiles\libcurl_shared.dir

build lib\CMakeFiles\libcurl_shared.dir\curl_endian.c.obj: C_COMPILER__libcurl_shared_unscanned_Debug C$:\Users\19697\Documents\KeygenSDK\KeygenSDK\build-vs\vcpkg_installed\vcpkg\blds\curl\src\url-8_21_0-3ffa9f46b7.clean\lib\curl_endian.c || cmake_object_order_depends_target_libcurl_shared
  CONFIG = Debug
  DEFINES = -DBUILDING_LIBCURL -DCURL_HIDDEN_SYMBOLS -DHAVE_CONFIG_H -DUNICODE -D_UNICODE -Dlibcurl_shared_EXPORTS
  FLAGS = /nologo /DWIN32 /D_WINDOWS /utf-8 /MP  /MDd /Z7 /Ob0 /Od /RTC1  -MDd -W4 -Wall -wd4061 -wd4191 -wd4255 -wd4464 -wd4548 -wd4574 -wd4668 -wd4710 -wd4711 -wd4746 -wd4820 -wd5045 -MP
  INCLUDES = -IC:\Users\19697\Documents\KeygenSDK\KeygenSDK\build-vs\vcpkg_installed\vcpkg\blds\curl\src\url-8_21_0-3ffa9f46b7.clean\include -IC:\Users\19697\Documents\KeygenSDK\KeygenSDK\build-vs\vcpkg_installed\vcpkg\blds\curl\x64-windows-dbg\lib -IC:\Users\19697\Documents\KeygenSDK\KeygenSDK\build-vs\vcpkg_installed\vcpkg\blds\curl\src\url-8_21_0-3ffa9f46b7.clean\lib -external:IC:\Users\19697\Documents\KeygenSDK\KeygenSDK\build-vs\vcpkg_installed\x64-windows\include -external:W0
  OBJECT_DIR = lib\CMakeFiles\libcurl_shared.dir
  OBJECT_FILE_DIR = lib\CMakeFiles\libcurl_shared.dir
  TARGET_COMPILE_PDB = lib\CMakeFiles\libcurl_shared.dir\
  TARGET_PDB = lib\libcurl-d.pdb
  TARGET_SUPPORT_DIR = lib\CMakeFiles\libcurl_shared.dir

build lib\CMakeFiles\libcurl_shared.dir\curl_fnmatch.c.obj: C_COMPILER__libcurl_shared_unscanned_Debug C$:\Users\19697\Documents\KeygenSDK\KeygenSDK\build-vs\vcpkg_installed\vcpkg\blds\curl\src\url-8_21_0-3ffa9f46b7.clean\lib\curl_fnmatch.c || cmake_object_order_depends_target_libcurl_shared
  CONFIG = Debug
  DEFINES = -DBUILDING_LIBCURL -DCURL_HIDDEN_SYMBOLS -DHAVE_CONFIG_H -DUNICODE -D_UNICODE -Dlibcurl_shared_EXPORTS
  FLAGS = /nologo /DWIN32 /D_WINDOWS /utf-8 /MP  /MDd /Z7 /Ob0 /Od /RTC1  -MDd -W4 -Wall -wd4061 -wd4191 -wd4255 -wd4464 -wd4548 -wd4574 -wd4668 -wd4710 -wd4711 -wd4746 -wd4820 -wd5045 -MP
  INCLUDES = -IC:\Users\19697\Documents\KeygenSDK\KeygenSDK\build-vs\vcpkg_installed\vcpkg\blds\curl\src\url-8_21_0-3ffa9f46b7.clean\include -IC:\Users\19697\Documents\KeygenSDK\KeygenSDK\build-vs\vcpkg_installed\vcpkg\blds\curl\x64-windows-dbg\lib -IC:\Users\19697\Documents\KeygenSDK\KeygenSDK\build-vs\vcpkg_installed\vcpkg\blds\curl\src\url-8_21_0-3ffa9f46b7.clean\lib -external:IC:\Users\19697\Documents\KeygenSDK\KeygenSDK\build-vs\vcpkg_installed\x64-windows\include -external:W0
  OBJECT_DIR = lib\CMakeFiles\libcurl_shared.dir
  OBJECT_FILE_DIR = lib\CMakeFiles\libcurl_shared.dir
  TARGET_COMPILE_PDB = lib\CMakeFiles\libcurl_shared.dir\
  TARGET_PDB = lib\libcurl-d.pdb
  TARGET_SUPPORT_DIR = lib\CMakeFiles\libcurl_shared.dir

build lib\CMakeFiles\libcurl_shared.dir\curl_fopen.c.obj: C_COMPILER__libcurl_shared_unscanned_Debug C$:\Users\19697\Documents\KeygenSDK\KeygenSDK\build-vs\vcpkg_installed\vcpkg\blds\curl\src\url-8_21_0-3ffa9f46b7.clean\lib\curl_fopen.c || cmake_object_order_depends_target_libcurl_shared
  CONFIG = Debug
  DEFINES = -DBUILDING_LIBCURL -DCURL_HIDDEN_SYMBOLS -DHAVE_CONFIG_H -DUNICODE -D_UNICODE -Dlibcurl_shared_EXPORTS
  FLAGS = /nologo /DWIN32 /D_WINDOWS /utf-8 /MP  /MDd /Z7 /Ob0 /Od /RTC1  -MDd -W4 -Wall -wd4061 -wd4191 -wd4255 -wd4464 -wd4548 -wd4574 -wd4668 -wd4710 -wd4711 -wd4746 -wd4820 -wd5045 -MP
  INCLUDES = -IC:\Users\19697\Documents\KeygenSDK\KeygenSDK\build-vs\vcpkg_installed\vcpkg\blds\curl\src\url-8_21_0-3ffa9f46b7.clean\include -IC:\Users\19697\Documents\KeygenSDK\KeygenSDK\build-vs\vcpkg_installed\vcpkg\blds\curl\x64-windows-dbg\lib -IC:\Users\19697\Documents\KeygenSDK\KeygenSDK\build-vs\vcpkg_installed\vcpkg\blds\curl\src\url-8_21_0-3ffa9f46b7.clean\lib -external:IC:\Users\19697\Documents\KeygenSDK\KeygenSDK\build-vs\vcpkg_installed\x64-windows\include -external:W0
  OBJECT_DIR = lib\CMakeFiles\libcurl_shared.dir
  OBJECT_FILE_DIR = lib\CMakeFiles\libcurl_shared.dir
  TARGET_COMPILE_PDB = lib\CMakeFiles\libcurl_shared.dir\
  TARGET_PDB = lib\libcurl-d.pdb
  TARGET_SUPPORT_DIR = lib\CMakeFiles\libcurl_shared.dir

build lib\CMakeFiles\libcurl_shared.dir\curl_get_line.c.obj: C_COMPILER__libcurl_shared_unscanned_Debug C$:\Users\19697\Documents\KeygenSDK\KeygenSDK\build-vs\vcpkg_installed\vcpkg\blds\curl\src\url-8_21_0-3ffa9f46b7.clean\lib\curl_get_line.c || cmake_object_order_depends_target_libcurl_shared
  CONFIG = Debug
  DEFINES = -DBUILDING_LIBCURL -DCURL_HIDDEN_SYMBOLS -DHAVE_CONFIG_H -DUNICODE -D_UNICODE -Dlibcurl_shared_EXPORTS
  FLAGS = /nologo /DWIN32 /D_WINDOWS /utf-8 /MP  /MDd /Z7 /Ob0 /Od /RTC1  -MDd -W4 -Wall -wd4061 -wd4191 -wd4255 -wd4464 -wd4548 -wd4574 -wd4668 -wd4710 -wd4711 -wd4746 -wd4820 -wd5045 -MP
  INCLUDES = -IC:\Users\19697\Documents\KeygenSDK\KeygenSDK\build-vs\vcpkg_installed\vcpkg\blds\curl\src\url-8_21_0-3ffa9f46b7.clean\include -IC:\Users\19697\Documents\KeygenSDK\KeygenSDK\build-vs\vcpkg_installed\vcpkg\blds\curl\x64-windows-dbg\lib -IC:\Users\19697\Documents\KeygenSDK\KeygenSDK\build-vs\vcpkg_installed\vcpkg\blds\curl\src\url-8_21_0-3ffa9f46b7.clean\lib -external:IC:\Users\19697\Documents\KeygenSDK\KeygenSDK\build-vs\vcpkg_installed\x64-windows\include -external:W0
  OBJECT_DIR = lib\CMakeFiles\libcurl_shared.dir
  OBJECT_FILE_DIR = lib\CMakeFiles\libcurl_shared.dir
  TARGET_COMPILE_PDB = lib\CMakeFiles\libcurl_shared.dir\
  TARGET_PDB = lib\libcurl-d.pdb
  TARGET_SUPPORT_DIR = lib\CMakeFiles\libcurl_shared.dir

build lib\CMakeFiles\libcurl_shared.dir\curl_gethostname.c.obj: C_COMPILER__libcurl_shared_unscanned_Debug C$:\Users\19697\Documents\KeygenSDK\KeygenSDK\build-vs\vcpkg_installed\vcpkg\blds\curl\src\url-8_21_0-3ffa9f46b7.clean\lib\curl_gethostname.c || cmake_object_order_depends_target_libcurl_shared
  CONFIG = Debug
  DEFINES = -DBUILDING_LIBCURL -DCURL_HIDDEN_SYMBOLS -DHAVE_CONFIG_H -DUNICODE -D_UNICODE -Dlibcurl_shared_EXPORTS
  FLAGS = /nologo /DWIN32 /D_WINDOWS /utf-8 /MP  /MDd /Z7 /Ob0 /Od /RTC1  -MDd -W4 -Wall -wd4061 -wd4191 -wd4255 -wd4464 -wd4548 -wd4574 -wd4668 -wd4710 -wd4711 -wd4746 -wd4820 -wd5045 -MP
  INCLUDES = -IC:\Users\19697\Documents\KeygenSDK\KeygenSDK\build-vs\vcpkg_installed\vcpkg\blds\curl\src\url-8_21_0-3ffa9f46b7.clean\include -IC:\Users\19697\Documents\KeygenSDK\KeygenSDK\build-vs\vcpkg_installed\vcpkg\blds\curl\x64-windows-dbg\lib -IC:\Users\19697\Documents\KeygenSDK\KeygenSDK\build-vs\vcpkg_installed\vcpkg\blds\curl\src\url-8_21_0-3ffa9f46b7.clean\lib -external:IC:\Users\19697\Documents\KeygenSDK\KeygenSDK\build-vs\vcpkg_installed\x64-windows\include -external:W0
  OBJECT_DIR = lib\CMakeFiles\libcurl_shared.dir
  OBJECT_FILE_DIR = lib\CMakeFiles\libcurl_shared.dir
  TARGET_COMPILE_PDB = lib\CMakeFiles\libcurl_shared.dir\
  TARGET_PDB = lib\libcurl-d.pdb
  TARGET_SUPPORT_DIR = lib\CMakeFiles\libcurl_shared.dir

build lib\CMakeFiles\libcurl_shared.dir\curl_gssapi.c.obj: C_COMPILER__libcurl_shared_unscanned_Debug C$:\Users\19697\Documents\KeygenSDK\KeygenSDK\build-vs\vcpkg_installed\vcpkg\blds\curl\src\url-8_21_0-3ffa9f46b7.clean\lib\curl_gssapi.c || cmake_object_order_depends_target_libcurl_shared
  CONFIG = Debug
  DEFINES = -DBUILDING_LIBCURL -DCURL_HIDDEN_SYMBOLS -DHAVE_CONFIG_H -DUNICODE -D_UNICODE -Dlibcurl_shared_EXPORTS
  FLAGS = /nologo /DWIN32 /D_WINDOWS /utf-8 /MP  /MDd /Z7 /Ob0 /Od /RTC1  -MDd -W4 -Wall -wd4061 -wd4191 -wd4255 -wd4464 -wd4548 -wd4574 -wd4668 -wd4710 -wd4711 -wd4746 -wd4820 -wd5045 -MP
  INCLUDES = -IC:\Users\19697\Documents\KeygenSDK\KeygenSDK\build-vs\vcpkg_installed\vcpkg\blds\curl\src\url-8_21_0-3ffa9f46b7.clean\include -IC:\Users\19697\Documents\KeygenSDK\KeygenSDK\build-vs\vcpkg_installed\vcpkg\blds\curl\x64-windows-dbg\lib -IC:\Users\19697\Documents\KeygenSDK\KeygenSDK\build-vs\vcpkg_installed\vcpkg\blds\curl\src\url-8_21_0-3ffa9f46b7.clean\lib -external:IC:\Users\19697\Documents\KeygenSDK\KeygenSDK\build-vs\vcpkg_installed\x64-windows\include -external:W0
  OBJECT_DIR = lib\CMakeFiles\libcurl_shared.dir
  OBJECT_FILE_DIR = lib\CMakeFiles\libcurl_shared.dir
  TARGET_COMPILE_PDB = lib\CMakeFiles\libcurl_shared.dir\
  TARGET_PDB = lib\libcurl-d.pdb
  TARGET_SUPPORT_DIR = lib\CMakeFiles\libcurl_shared.dir

build lib\CMakeFiles\libcurl_shared.dir\curl_memrchr.c.obj: C_COMPILER__libcurl_shared_unscanned_Debug C$:\Users\19697\Documents\KeygenSDK\KeygenSDK\build-vs\vcpkg_installed\vcpkg\blds\curl\src\url-8_21_0-3ffa9f46b7.clean\lib\curl_memrchr.c || cmake_object_order_depends_target_libcurl_shared
  CONFIG = Debug
  DEFINES = -DBUILDING_LIBCURL -DCURL_HIDDEN_SYMBOLS -DHAVE_CONFIG_H -DUNICODE -D_UNICODE -Dlibcurl_shared_EXPORTS
  FLAGS = /nologo /DWIN32 /D_WINDOWS /utf-8 /MP  /MDd /Z7 /Ob0 /Od /RTC1  -MDd -W4 -Wall -wd4061 -wd4191 -wd4255 -wd4464 -wd4548 -wd4574 -wd4668 -wd4710 -wd4711 -wd4746 -wd4820 -wd5045 -MP
  INCLUDES = -IC:\Users\19697\Documents\KeygenSDK\KeygenSDK\build-vs\vcpkg_installed\vcpkg\blds\curl\src\url-8_21_0-3ffa9f46b7.clean\include -IC:\Users\19697\Documents\KeygenSDK\KeygenSDK\build-vs\vcpkg_installed\vcpkg\blds\curl\x64-windows-dbg\lib -IC:\Users\19697\Documents\KeygenSDK\KeygenSDK\build-vs\vcpkg_installed\vcpkg\blds\curl\src\url-8_21_0-3ffa9f46b7.clean\lib -external:IC:\Users\19697\Documents\KeygenSDK\KeygenSDK\build-vs\vcpkg_installed\x64-windows\include -external:W0
  OBJECT_DIR = lib\CMakeFiles\libcurl_shared.dir
  OBJECT_FILE_DIR = lib\CMakeFiles\libcurl_shared.dir
  TARGET_COMPILE_PDB = lib\CMakeFiles\libcurl_shared.dir\
  TARGET_PDB = lib\libcurl-d.pdb
  TARGET_SUPPORT_DIR = lib\CMakeFiles\libcurl_shared.dir

build lib\CMakeFiles\libcurl_shared.dir\curl_ntlm_core.c.obj: C_COMPILER__libcurl_shared_unscanned_Debug C$:\Users\19697\Documents\KeygenSDK\KeygenSDK\build-vs\vcpkg_installed\vcpkg\blds\curl\src\url-8_21_0-3ffa9f46b7.clean\lib\curl_ntlm_core.c || cmake_object_order_depends_target_libcurl_shared
  CONFIG = Debug
  DEFINES = -DBUILDING_LIBCURL -DCURL_HIDDEN_SYMBOLS -DHAVE_CONFIG_H -DUNICODE -D_UNICODE -Dlibcurl_shared_EXPORTS
  FLAGS = /nologo /DWIN32 /D_WINDOWS /utf-8 /MP  /MDd /Z7 /Ob0 /Od /RTC1  -MDd -W4 -Wall -wd4061 -wd4191 -wd4255 -wd4464 -wd4548 -wd4574 -wd4668 -wd4710 -wd4711 -wd4746 -wd4820 -wd5045 -MP
  INCLUDES = -IC:\Users\19697\Documents\KeygenSDK\KeygenSDK\build-vs\vcpkg_installed\vcpkg\blds\curl\src\url-8_21_0-3ffa9f46b7.clean\include -IC:\Users\19697\Documents\KeygenSDK\KeygenSDK\build-vs\vcpkg_installed\vcpkg\blds\curl\x64-windows-dbg\lib -IC:\Users\19697\Documents\KeygenSDK\KeygenSDK\build-vs\vcpkg_installed\vcpkg\blds\curl\src\url-8_21_0-3ffa9f46b7.clean\lib -external:IC:\Users\19697\Documents\KeygenSDK\KeygenSDK\build-vs\vcpkg_installed\x64-windows\include -external:W0
  OBJECT_DIR = lib\CMakeFiles\libcurl_shared.dir
  OBJECT_FILE_DIR = lib\CMakeFiles\libcurl_shared.dir
  TARGET_COMPILE_PDB = lib\CMakeFiles\libcurl_shared.dir\
  TARGET_PDB = lib\libcurl-d.pdb
  TARGET_SUPPORT_DIR = lib\CMakeFiles\libcurl_shared.dir

build lib\CMakeFiles\libcurl_shared.dir\curl_range.c.obj: C_COMPILER__libcurl_shared_unscanned_Debug C$:\Users\19697\Documents\KeygenSDK\KeygenSDK\build-vs\vcpkg_installed\vcpkg\blds\curl\src\url-8_21_0-3ffa9f46b7.clean\lib\curl_range.c || cmake_object_order_depends_target_libcurl_shared
  CONFIG = Debug
  DEFINES = -DBUILDING_LIBCURL -DCURL_HIDDEN_SYMBOLS -DHAVE_CONFIG_H -DUNICODE -D_UNICODE -Dlibcurl_shared_EXPORTS
  FLAGS = /nologo /DWIN32 /D_WINDOWS /utf-8 /MP  /MDd /Z7 /Ob0 /Od /RTC1  -MDd -W4 -Wall -wd4061 -wd4191 -wd4255 -wd4464 -wd4548 -wd4574 -wd4668 -wd4710 -wd4711 -wd4746 -wd4820 -wd5045 -MP
  INCLUDES = -IC:\Users\19697\Documents\KeygenSDK\KeygenSDK\build-vs\vcpkg_installed\vcpkg\blds\curl\src\url-8_21_0-3ffa9f46b7.clean\include -IC:\Users\19697\Documents\KeygenSDK\KeygenSDK\build-vs\vcpkg_installed\vcpkg\blds\curl\x64-windows-dbg\lib -IC:\Users\19697\Documents\KeygenSDK\KeygenSDK\build-vs\vcpkg_installed\vcpkg\blds\curl\src\url-8_21_0-3ffa9f46b7.clean\lib -external:IC:\Users\19697\Documents\KeygenSDK\KeygenSDK\build-vs\vcpkg_installed\x64-windows\include -external:W0
  OBJECT_DIR = lib\CMakeFiles\libcurl_shared.dir
  OBJECT_FILE_DIR = lib\CMakeFiles\libcurl_shared.dir
  TARGET_COMPILE_PDB = lib\CMakeFiles\libcurl_shared.dir\
  TARGET_PDB = lib\libcurl-d.pdb
  TARGET_SUPPORT_DIR = lib\CMakeFiles\libcurl_shared.dir

build lib\CMakeFiles\libcurl_shared.dir\curl_sasl.c.obj: C_COMPILER__libcurl_shared_unscanned_Debug C$:\Users\19697\Documents\KeygenSDK\KeygenSDK\build-vs\vcpkg_installed\vcpkg\blds\curl\src\url-8_21_0-3ffa9f46b7.clean\lib\curl_sasl.c || cmake_object_order_depends_target_libcurl_shared
  CONFIG = Debug
  DEFINES = -DBUILDING_LIBCURL -DCURL_HIDDEN_SYMBOLS -DHAVE_CONFIG_H -DUNICODE -D_UNICODE -Dlibcurl_shared_EXPORTS
  FLAGS = /nologo /DWIN32 /D_WINDOWS /utf-8 /MP  /MDd /Z7 /Ob0 /Od /RTC1  -MDd -W4 -Wall -wd4061 -wd4191 -wd4255 -wd4464 -wd4548 -wd4574 -wd4668 -wd4710 -wd4711 -wd4746 -wd4820 -wd5045 -MP
  INCLUDES = -IC:\Users\19697\Documents\KeygenSDK\KeygenSDK\build-vs\vcpkg_installed\vcpkg\blds\curl\src\url-8_21_0-3ffa9f46b7.clean\include -IC:\Users\19697\Documents\KeygenSDK\KeygenSDK\build-vs\vcpkg_installed\vcpkg\blds\curl\x64-windows-dbg\lib -IC:\Users\19697\Documents\KeygenSDK\KeygenSDK\build-vs\vcpkg_installed\vcpkg\blds\curl\src\url-8_21_0-3ffa9f46b7.clean\lib -external:IC:\Users\19697\Documents\KeygenSDK\KeygenSDK\build-vs\vcpkg_installed\x64-windows\include -external:W0
  OBJECT_DIR = lib\CMakeFiles\libcurl_shared.dir
  OBJECT_FILE_DIR = lib\CMakeFiles\libcurl_shared.dir
  TARGET_COMPILE_PDB = lib\CMakeFiles\libcurl_shared.dir\
  TARGET_PDB = lib\libcurl-d.pdb
  TARGET_SUPPORT_DIR = lib\CMakeFiles\libcurl_shared.dir

build lib\CMakeFiles\libcurl_shared.dir\curl_sha512_256.c.obj: C_COMPILER__libcurl_shared_unscanned_Debug C$:\Users\19697\Documents\KeygenSDK\KeygenSDK\build-vs\vcpkg_installed\vcpkg\blds\curl\src\url-8_21_0-3ffa9f46b7.clean\lib\curl_sha512_256.c || cmake_object_order_depends_target_libcurl_shared
  CONFIG = Debug
  DEFINES = -DBUILDING_LIBCURL -DCURL_HIDDEN_SYMBOLS -DHAVE_CONFIG_H -DUNICODE -D_UNICODE -Dlibcurl_shared_EXPORTS
  FLAGS = /nologo /DWIN32 /D_WINDOWS /utf-8 /MP  /MDd /Z7 /Ob0 /Od /RTC1  -MDd -W4 -Wall -wd4061 -wd4191 -wd4255 -wd4464 -wd4548 -wd4574 -wd4668 -wd4710 -wd4711 -wd4746 -wd4820 -wd5045 -MP
  INCLUDES = -IC:\Users\19697\Documents\KeygenSDK\KeygenSDK\build-vs\vcpkg_installed\vcpkg\blds\curl\src\url-8_21_0-3ffa9f46b7.clean\include -IC:\Users\19697\Documents\KeygenSDK\KeygenSDK\build-vs\vcpkg_installed\vcpkg\blds\curl\x64-windows-dbg\lib -IC:\Users\19697\Documents\KeygenSDK\KeygenSDK\build-vs\vcpkg_installed\vcpkg\blds\curl\src\url-8_21_0-3ffa9f46b7.clean\lib -external:IC:\Users\19697\Documents\KeygenSDK\KeygenSDK\build-vs\vcpkg_installed\x64-windows\include -external:W0
  OBJECT_DIR = lib\CMakeFiles\libcurl_shared.dir
  OBJECT_FILE_DIR = lib\CMakeFiles\libcurl_shared.dir
  TARGET_COMPILE_PDB = lib\CMakeFiles\libcurl_shared.dir\
  TARGET_PDB = lib\libcurl-d.pdb
  TARGET_SUPPORT_DIR = lib\CMakeFiles\libcurl_shared.dir

build lib\CMakeFiles\libcurl_shared.dir\curl_share.c.obj: C_COMPILER__libcurl_shared_unscanned_Debug C$:\Users\19697\Documents\KeygenSDK\KeygenSDK\build-vs\vcpkg_installed\vcpkg\blds\curl\src\url-8_21_0-3ffa9f46b7.clean\lib\curl_share.c || cmake_object_order_depends_target_libcurl_shared
  CONFIG = Debug
  DEFINES = -DBUILDING_LIBCURL -DCURL_HIDDEN_SYMBOLS -DHAVE_CONFIG_H -DUNICODE -D_UNICODE -Dlibcurl_shared_EXPORTS
  FLAGS = /nologo /DWIN32 /D_WINDOWS /utf-8 /MP  /MDd /Z7 /Ob0 /Od /RTC1  -MDd -W4 -Wall -wd4061 -wd4191 -wd4255 -wd4464 -wd4548 -wd4574 -wd4668 -wd4710 -wd4711 -wd4746 -wd4820 -wd5045 -MP
  INCLUDES = -IC:\Users\19697\Documents\KeygenSDK\KeygenSDK\build-vs\vcpkg_installed\vcpkg\blds\curl\src\url-8_21_0-3ffa9f46b7.clean\include -IC:\Users\19697\Documents\KeygenSDK\KeygenSDK\build-vs\vcpkg_installed\vcpkg\blds\curl\x64-windows-dbg\lib -IC:\Users\19697\Documents\KeygenSDK\KeygenSDK\build-vs\vcpkg_installed\vcpkg\blds\curl\src\url-8_21_0-3ffa9f46b7.clean\lib -external:IC:\Users\19697\Documents\KeygenSDK\KeygenSDK\build-vs\vcpkg_installed\x64-windows\include -external:W0
  OBJECT_DIR = lib\CMakeFiles\libcurl_shared.dir
  OBJECT_FILE_DIR = lib\CMakeFiles\libcurl_shared.dir
  TARGET_COMPILE_PDB = lib\CMakeFiles\libcurl_shared.dir\
  TARGET_PDB = lib\libcurl-d.pdb
  TARGET_SUPPORT_DIR = lib\CMakeFiles\libcurl_shared.dir

build lib\CMakeFiles\libcurl_shared.dir\curl_sspi.c.obj: C_COMPILER__libcurl_shared_unscanned_Debug C$:\Users\19697\Documents\KeygenSDK\KeygenSDK\build-vs\vcpkg_installed\vcpkg\blds\curl\src\url-8_21_0-3ffa9f46b7.clean\lib\curl_sspi.c || cmake_object_order_depends_target_libcurl_shared
  CONFIG = Debug
  DEFINES = -DBUILDING_LIBCURL -DCURL_HIDDEN_SYMBOLS -DHAVE_CONFIG_H -DUNICODE -D_UNICODE -Dlibcurl_shared_EXPORTS
  FLAGS = /nologo /DWIN32 /D_WINDOWS /utf-8 /MP  /MDd /Z7 /Ob0 /Od /RTC1  -MDd -W4 -Wall -wd4061 -wd4191 -wd4255 -wd4464 -wd4548 -wd4574 -wd4668 -wd4710 -wd4711 -wd4746 -wd4820 -wd5045 -MP
  INCLUDES = -IC:\Users\19697\Documents\KeygenSDK\KeygenSDK\build-vs\vcpkg_installed\vcpkg\blds\curl\src\url-8_21_0-3ffa9f46b7.clean\include -IC:\Users\19697\Documents\KeygenSDK\KeygenSDK\build-vs\vcpkg_installed\vcpkg\blds\curl\x64-windows-dbg\lib -IC:\Users\19697\Documents\KeygenSDK\KeygenSDK\build-vs\vcpkg_installed\vcpkg\blds\curl\src\url-8_21_0-3ffa9f46b7.clean\lib -external:IC:\Users\19697\Documents\KeygenSDK\KeygenSDK\build-vs\vcpkg_installed\x64-windows\include -external:W0
  OBJECT_DIR = lib\CMakeFiles\libcurl_shared.dir
  OBJECT_FILE_DIR = lib\CMakeFiles\libcurl_shared.dir
  TARGET_COMPILE_PDB = lib\CMakeFiles\libcurl_shared.dir\
  TARGET_PDB = lib\libcurl-d.pdb
  TARGET_SUPPORT_DIR = lib\CMakeFiles\libcurl_shared.dir

build lib\CMakeFiles\libcurl_shared.dir\curl_threads.c.obj: C_COMPILER__libcurl_shared_unscanned_Debug C$:\Users\19697\Documents\KeygenSDK\KeygenSDK\build-vs\vcpkg_installed\vcpkg\blds\curl\src\url-8_21_0-3ffa9f46b7.clean\lib\curl_threads.c || cmake_object_order_depends_target_libcurl_shared
  CONFIG = Debug
  DEFINES = -DBUILDING_LIBCURL -DCURL_HIDDEN_SYMBOLS -DHAVE_CONFIG_H -DUNICODE -D_UNICODE -Dlibcurl_shared_EXPORTS
  FLAGS = /nologo /DWIN32 /D_WINDOWS /utf-8 /MP  /MDd /Z7 /Ob0 /Od /RTC1  -MDd -W4 -Wall -wd4061 -wd4191 -wd4255 -wd4464 -wd4548 -wd4574 -wd4668 -wd4710 -wd4711 -wd4746 -wd4820 -wd5045 -MP
  INCLUDES = -IC:\Users\19697\Documents\KeygenSDK\KeygenSDK\build-vs\vcpkg_installed\vcpkg\blds\curl\src\url-8_21_0-3ffa9f46b7.clean\include -IC:\Users\19697\Documents\KeygenSDK\KeygenSDK\build-vs\vcpkg_installed\vcpkg\blds\curl\x64-windows-dbg\lib -IC:\Users\19697\Documents\KeygenSDK\KeygenSDK\build-vs\vcpkg_installed\vcpkg\blds\curl\src\url-8_21_0-3ffa9f46b7.clean\lib -external:IC:\Users\19697\Documents\KeygenSDK\KeygenSDK\build-vs\vcpkg_installed\x64-windows\include -external:W0
  OBJECT_DIR = lib\CMakeFiles\libcurl_shared.dir
  OBJECT_FILE_DIR = lib\CMakeFiles\libcurl_shared.dir
  TARGET_COMPILE_PDB = lib\CMakeFiles\libcurl_shared.dir\
  TARGET_PDB = lib\libcurl-d.pdb
  TARGET_SUPPORT_DIR = lib\CMakeFiles\libcurl_shared.dir

build lib\CMakeFiles\libcurl_shared.dir\curl_trc.c.obj: C_COMPILER__libcurl_shared_unscanned_Debug C$:\Users\19697\Documents\KeygenSDK\KeygenSDK\build-vs\vcpkg_installed\vcpkg\blds\curl\src\url-8_21_0-3ffa9f46b7.clean\lib\curl_trc.c || cmake_object_order_depends_target_libcurl_shared
  CONFIG = Debug
  DEFINES = -DBUILDING_LIBCURL -DCURL_HIDDEN_SYMBOLS -DHAVE_CONFIG_H -DUNICODE -D_UNICODE -Dlibcurl_shared_EXPORTS
  FLAGS = /nologo /DWIN32 /D_WINDOWS /utf-8 /MP  /MDd /Z7 /Ob0 /Od /RTC1  -MDd -W4 -Wall -wd4061 -wd4191 -wd4255 -wd4464 -wd4548 -wd4574 -wd4668 -wd4710 -wd4711 -wd4746 -wd4820 -wd5045 -MP
  INCLUDES = -IC:\Users\19697\Documents\KeygenSDK\KeygenSDK\build-vs\vcpkg_installed\vcpkg\blds\curl\src\url-8_21_0-3ffa9f46b7.clean\include -IC:\Users\19697\Documents\KeygenSDK\KeygenSDK\build-vs\vcpkg_installed\vcpkg\blds\curl\x64-windows-dbg\lib -IC:\Users\19697\Documents\KeygenSDK\KeygenSDK\build-vs\vcpkg_installed\vcpkg\blds\curl\src\url-8_21_0-3ffa9f46b7.clean\lib -external:IC:\Users\19697\Documents\KeygenSDK\KeygenSDK\build-vs\vcpkg_installed\x64-windows\include -external:W0
  OBJECT_DIR = lib\CMakeFiles\libcurl_shared.dir
  OBJECT_FILE_DIR = lib\CMakeFiles\libcurl_shared.dir
  TARGET_COMPILE_PDB = lib\CMakeFiles\libcurl_shared.dir\
  TARGET_PDB = lib\libcurl-d.pdb
  TARGET_SUPPORT_DIR = lib\CMakeFiles\libcurl_shared.dir

build lib\CMakeFiles\libcurl_shared.dir\cw-out.c.obj: C_COMPILER__libcurl_shared_unscanned_Debug C$:\Users\19697\Documents\KeygenSDK\KeygenSDK\build-vs\vcpkg_installed\vcpkg\blds\curl\src\url-8_21_0-3ffa9f46b7.clean\lib\cw-out.c || cmake_object_order_depends_target_libcurl_shared
  CONFIG = Debug
  DEFINES = -DBUILDING_LIBCURL -DCURL_HIDDEN_SYMBOLS -DHAVE_CONFIG_H -DUNICODE -D_UNICODE -Dlibcurl_shared_EXPORTS
  FLAGS = /nologo /DWIN32 /D_WINDOWS /utf-8 /MP  /MDd /Z7 /Ob0 /Od /RTC1  -MDd -W4 -Wall -wd4061 -wd4191 -wd4255 -wd4464 -wd4548 -wd4574 -wd4668 -wd4710 -wd4711 -wd4746 -wd4820 -wd5045 -MP
  INCLUDES = -IC:\Users\19697\Documents\KeygenSDK\KeygenSDK\build-vs\vcpkg_installed\vcpkg\blds\curl\src\url-8_21_0-3ffa9f46b7.clean\include -IC:\Users\19697\Documents\KeygenSDK\KeygenSDK\build-vs\vcpkg_installed\vcpkg\blds\curl\x64-windows-dbg\lib -IC:\Users\19697\Documents\KeygenSDK\KeygenSDK\build-vs\vcpkg_installed\vcpkg\blds\curl\src\url-8_21_0-3ffa9f46b7.clean\lib -external:IC:\Users\19697\Documents\KeygenSDK\KeygenSDK\build-vs\vcpkg_installed\x64-windows\include -external:W0
  OBJECT_DIR = lib\CMakeFiles\libcurl_shared.dir
  OBJECT_FILE_DIR = lib\CMakeFiles\libcurl_shared.dir
  TARGET_COMPILE_PDB = lib\CMakeFiles\libcurl_shared.dir\
  TARGET_PDB = lib\libcurl-d.pdb
  TARGET_SUPPORT_DIR = lib\CMakeFiles\libcurl_shared.dir

build lib\CMakeFiles\libcurl_shared.dir\cw-pause.c.obj: C_COMPILER__libcurl_shared_unscanned_Debug C$:\Users\19697\Documents\KeygenSDK\KeygenSDK\build-vs\vcpkg_installed\vcpkg\blds\curl\src\url-8_21_0-3ffa9f46b7.clean\lib\cw-pause.c || cmake_object_order_depends_target_libcurl_shared
  CONFIG = Debug
  DEFINES = -DBUILDING_LIBCURL -DCURL_HIDDEN_SYMBOLS -DHAVE_CONFIG_H -DUNICODE -D_UNICODE -Dlibcurl_shared_EXPORTS
  FLAGS = /nologo /DWIN32 /D_WINDOWS /utf-8 /MP  /MDd /Z7 /Ob0 /Od /RTC1  -MDd -W4 -Wall -wd4061 -wd4191 -wd4255 -wd4464 -wd4548 -wd4574 -wd4668 -wd4710 -wd4711 -wd4746 -wd4820 -wd5045 -MP
  INCLUDES = -IC:\Users\19697\Documents\KeygenSDK\KeygenSDK\build-vs\vcpkg_installed\vcpkg\blds\curl\src\url-8_21_0-3ffa9f46b7.clean\include -IC:\Users\19697\Documents\KeygenSDK\KeygenSDK\build-vs\vcpkg_installed\vcpkg\blds\curl\x64-windows-dbg\lib -IC:\Users\19697\Documents\KeygenSDK\KeygenSDK\build-vs\vcpkg_installed\vcpkg\blds\curl\src\url-8_21_0-3ffa9f46b7.clean\lib -external:IC:\Users\19697\Documents\KeygenSDK\KeygenSDK\build-vs\vcpkg_installed\x64-windows\include -external:W0
  OBJECT_DIR = lib\CMakeFiles\libcurl_shared.dir
  OBJECT_FILE_DIR = lib\CMakeFiles\libcurl_shared.dir
  TARGET_COMPILE_PDB = lib\CMakeFiles\libcurl_shared.dir\
  TARGET_PDB = lib\libcurl-d.pdb
  TARGET_SUPPORT_DIR = lib\CMakeFiles\libcurl_shared.dir

build lib\CMakeFiles\libcurl_shared.dir\dict.c.obj: C_COMPILER__libcurl_shared_unscanned_Debug C$:\Users\19697\Documents\KeygenSDK\KeygenSDK\build-vs\vcpkg_installed\vcpkg\blds\curl\src\url-8_21_0-3ffa9f46b7.clean\lib\dict.c || cmake_object_order_depends_target_libcurl_shared
  CONFIG = Debug
  DEFINES = -DBUILDING_LIBCURL -DCURL_HIDDEN_SYMBOLS -DHAVE_CONFIG_H -DUNICODE -D_UNICODE -Dlibcurl_shared_EXPORTS
  FLAGS = /nologo /DWIN32 /D_WINDOWS /utf-8 /MP  /MDd /Z7 /Ob0 /Od /RTC1  -MDd -W4 -Wall -wd4061 -wd4191 -wd4255 -wd4464 -wd4548 -wd4574 -wd4668 -wd4710 -wd4711 -wd4746 -wd4820 -wd5045 -MP
  INCLUDES = -IC:\Users\19697\Documents\KeygenSDK\KeygenSDK\build-vs\vcpkg_installed\vcpkg\blds\curl\src\url-8_21_0-3ffa9f46b7.clean\include -IC:\Users\19697\Documents\KeygenSDK\KeygenSDK\build-vs\vcpkg_installed\vcpkg\blds\curl\x64-windows-dbg\lib -IC:\Users\19697\Documents\KeygenSDK\KeygenSDK\build-vs\vcpkg_installed\vcpkg\blds\curl\src\url-8_21_0-3ffa9f46b7.clean\lib -external:IC:\Users\19697\Documents\KeygenSDK\KeygenSDK\build-vs\vcpkg_installed\x64-windows\include -external:W0
  OBJECT_DIR = lib\CMakeFiles\libcurl_shared.dir
  OBJECT_FILE_DIR = lib\CMakeFiles\libcurl_shared.dir
  TARGET_COMPILE_PDB = lib\CMakeFiles\libcurl_shared.dir\
  TARGET_PDB = lib\libcurl-d.pdb
  TARGET_SUPPORT_DIR = lib\CMakeFiles\libcurl_shared.dir

build lib\CMakeFiles\libcurl_shared.dir\dnscache.c.obj: C_COMPILER__libcurl_shared_unscanned_Debug C$:\Users\19697\Documents\KeygenSDK\KeygenSDK\build-vs\vcpkg_installed\vcpkg\blds\curl\src\url-8_21_0-3ffa9f46b7.clean\lib\dnscache.c || cmake_object_order_depends_target_libcurl_shared
  CONFIG = Debug
  DEFINES = -DBUILDING_LIBCURL -DCURL_HIDDEN_SYMBOLS -DHAVE_CONFIG_H -DUNICODE -D_UNICODE -Dlibcurl_shared_EXPORTS
  FLAGS = /nologo /DWIN32 /D_WINDOWS /utf-8 /MP  /MDd /Z7 /Ob0 /Od /RTC1  -MDd -W4 -Wall -wd4061 -wd4191 -wd4255 -wd4464 -wd4548 -wd4574 -wd4668 -wd4710 -wd4711 -wd4746 -wd4820 -wd5045 -MP
  INCLUDES = -IC:\Users\19697\Documents\KeygenSDK\KeygenSDK\build-vs\vcpkg_installed\vcpkg\blds\curl\src\url-8_21_0-3ffa9f46b7.clean\include -IC:\Users\19697\Documents\KeygenSDK\KeygenSDK\build-vs\vcpkg_installed\vcpkg\blds\curl\x64-windows-dbg\lib -IC:\Users\19697\Documents\KeygenSDK\KeygenSDK\build-vs\vcpkg_installed\vcpkg\blds\curl\src\url-8_21_0-3ffa9f46b7.clean\lib -external:IC:\Users\19697\Documents\KeygenSDK\KeygenSDK\build-vs\vcpkg_installed\x64-windows\include -external:W0
  OBJECT_DIR = lib\CMakeFiles\libcurl_shared.dir
  OBJECT_FILE_DIR = lib\CMakeFiles\libcurl_shared.dir
  TARGET_COMPILE_PDB = lib\CMakeFiles\libcurl_shared.dir\
  TARGET_PDB = lib\libcurl-d.pdb
  TARGET_SUPPORT_DIR = lib\CMakeFiles\libcurl_shared.dir

build lib\CMakeFiles\libcurl_shared.dir\doh.c.obj: C_COMPILER__libcurl_shared_unscanned_Debug C$:\Users\19697\Documents\KeygenSDK\KeygenSDK\build-vs\vcpkg_installed\vcpkg\blds\curl\src\url-8_21_0-3ffa9f46b7.clean\lib\doh.c || cmake_object_order_depends_target_libcurl_shared
  CONFIG = Debug
  DEFINES = -DBUILDING_LIBCURL -DCURL_HIDDEN_SYMBOLS -DHAVE_CONFIG_H -DUNICODE -D_UNICODE -Dlibcurl_shared_EXPORTS
  FLAGS = /nologo /DWIN32 /D_WINDOWS /utf-8 /MP  /MDd /Z7 /Ob0 /Od /RTC1  -MDd -W4 -Wall -wd4061 -wd4191 -wd4255 -wd4464 -wd4548 -wd4574 -wd4668 -wd4710 -wd4711 -wd4746 -wd4820 -wd5045 -MP
  INCLUDES = -IC:\Users\19697\Documents\KeygenSDK\KeygenSDK\build-vs\vcpkg_installed\vcpkg\blds\curl\src\url-8_21_0-3ffa9f46b7.clean\include -IC:\Users\19697\Documents\KeygenSDK\KeygenSDK\build-vs\vcpkg_installed\vcpkg\blds\curl\x64-windows-dbg\lib -IC:\Users\19697\Documents\KeygenSDK\KeygenSDK\build-vs\vcpkg_installed\vcpkg\blds\curl\src\url-8_21_0-3ffa9f46b7.clean\lib -external:IC:\Users\19697\Documents\KeygenSDK\KeygenSDK\build-vs\vcpkg_installed\x64-windows\include -external:W0
  OBJECT_DIR = lib\CMakeFiles\libcurl_shared.dir
  OBJECT_FILE_DIR = lib\CMakeFiles\libcurl_shared.dir
  TARGET_COMPILE_PDB = lib\CMakeFiles\libcurl_shared.dir\
  TARGET_PDB = lib\libcurl-d.pdb
  TARGET_SUPPORT_DIR = lib\CMakeFiles\libcurl_shared.dir

build lib\CMakeFiles\libcurl_shared.dir\dynhds.c.obj: C_COMPILER__libcurl_shared_unscanned_Debug C$:\Users\19697\Documents\KeygenSDK\KeygenSDK\build-vs\vcpkg_installed\vcpkg\blds\curl\src\url-8_21_0-3ffa9f46b7.clean\lib\dynhds.c || cmake_object_order_depends_target_libcurl_shared
  CONFIG = Debug
  DEFINES = -DBUILDING_LIBCURL -DCURL_HIDDEN_SYMBOLS -DHAVE_CONFIG_H -DUNICODE -D_UNICODE -Dlibcurl_shared_EXPORTS
  FLAGS = /nologo /DWIN32 /D_WINDOWS /utf-8 /MP  /MDd /Z7 /Ob0 /Od /RTC1  -MDd -W4 -Wall -wd4061 -wd4191 -wd4255 -wd4464 -wd4548 -wd4574 -wd4668 -wd4710 -wd4711 -wd4746 -wd4820 -wd5045 -MP
  INCLUDES = -IC:\Users\19697\Documents\KeygenSDK\KeygenSDK\build-vs\vcpkg_installed\vcpkg\blds\curl\src\url-8_21_0-3ffa9f46b7.clean\include -IC:\Users\19697\Documents\KeygenSDK\KeygenSDK\build-vs\vcpkg_installed\vcpkg\blds\curl\x64-windows-dbg\lib -IC:\Users\19697\Documents\KeygenSDK\KeygenSDK\build-vs\vcpkg_installed\vcpkg\blds\curl\src\url-8_21_0-3ffa9f46b7.clean\lib -external:IC:\Users\19697\Documents\KeygenSDK\KeygenSDK\build-vs\vcpkg_installed\x64-windows\include -external:W0
  OBJECT_DIR = lib\CMakeFiles\libcurl_shared.dir
  OBJECT_FILE_DIR = lib\CMakeFiles\libcurl_shared.dir
  TARGET_COMPILE_PDB = lib\CMakeFiles\libcurl_shared.dir\
  TARGET_PDB = lib\libcurl-d.pdb
  TARGET_SUPPORT_DIR = lib\CMakeFiles\libcurl_shared.dir

build lib\CMakeFiles\libcurl_shared.dir\easy.c.obj: C_COMPILER__libcurl_shared_unscanned_Debug C$:\Users\19697\Documents\KeygenSDK\KeygenSDK\build-vs\vcpkg_installed\vcpkg\blds\curl\src\url-8_21_0-3ffa9f46b7.clean\lib\easy.c || cmake_object_order_depends_target_libcurl_shared
  CONFIG = Debug
  DEFINES = -DBUILDING_LIBCURL -DCURL_HIDDEN_SYMBOLS -DHAVE_CONFIG_H -DUNICODE -D_UNICODE -Dlibcurl_shared_EXPORTS
  FLAGS = /nologo /DWIN32 /D_WINDOWS /utf-8 /MP  /MDd /Z7 /Ob0 /Od /RTC1  -MDd -W4 -Wall -wd4061 -wd4191 -wd4255 -wd4464 -wd4548 -wd4574 -wd4668 -wd4710 -wd4711 -wd4746 -wd4820 -wd5045 -MP
  INCLUDES = -IC:\Users\19697\Documents\KeygenSDK\KeygenSDK\build-vs\vcpkg_installed\vcpkg\blds\curl\src\url-8_21_0-3ffa9f46b7.clean\include -IC:\Users\19697\Documents\KeygenSDK\KeygenSDK\build-vs\vcpkg_installed\vcpkg\blds\curl\x64-windows-dbg\lib -IC:\Users\19697\Documents\KeygenSDK\KeygenSDK\build-vs\vcpkg_installed\vcpkg\blds\curl\src\url-8_21_0-3ffa9f46b7.clean\lib -external:IC:\Users\19697\Documents\KeygenSDK\KeygenSDK\build-vs\vcpkg_installed\x64-windows\include -external:W0
  OBJECT_DIR = lib\CMakeFiles\libcurl_shared.dir
  OBJECT_FILE_DIR = lib\CMakeFiles\libcurl_shared.dir
  TARGET_COMPILE_PDB = lib\CMakeFiles\libcurl_shared.dir\
  TARGET_PDB = lib\libcurl-d.pdb
  TARGET_SUPPORT_DIR = lib\CMakeFiles\libcurl_shared.dir

build lib\CMakeFiles\libcurl_shared.dir\easygetopt.c.obj: C_COMPILER__libcurl_shared_unscanned_Debug C$:\Users\19697\Documents\KeygenSDK\KeygenSDK\build-vs\vcpkg_installed\vcpkg\blds\curl\src\url-8_21_0-3ffa9f46b7.clean\lib\easygetopt.c || cmake_object_order_depends_target_libcurl_shared
  CONFIG = Debug
  DEFINES = -DBUILDING_LIBCURL -DCURL_HIDDEN_SYMBOLS -DHAVE_CONFIG_H -DUNICODE -D_UNICODE -Dlibcurl_shared_EXPORTS
  FLAGS = /nologo /DWIN32 /D_WINDOWS /utf-8 /MP  /MDd /Z7 /Ob0 /Od /RTC1  -MDd -W4 -Wall -wd4061 -wd4191 -wd4255 -wd4464 -wd4548 -wd4574 -wd4668 -wd4710 -wd4711 -wd4746 -wd4820 -wd5045 -MP
  INCLUDES = -IC:\Users\19697\Documents\KeygenSDK\KeygenSDK\build-vs\vcpkg_installed\vcpkg\blds\curl\src\url-8_21_0-3ffa9f46b7.clean\include -IC:\Users\19697\Documents\KeygenSDK\KeygenSDK\build-vs\vcpkg_installed\vcpkg\blds\curl\x64-windows-dbg\lib -IC:\Users\19697\Documents\KeygenSDK\KeygenSDK\build-vs\vcpkg_installed\vcpkg\blds\curl\src\url-8_21_0-3ffa9f46b7.clean\lib -external:IC:\Users\19697\Documents\KeygenSDK\KeygenSDK\build-vs\vcpkg_installed\x64-windows\include -external:W0
  OBJECT_DIR = lib\CMakeFiles\libcurl_shared.dir
  OBJECT_FILE_DIR = lib\CMakeFiles\libcurl_shared.dir
  TARGET_COMPILE_PDB = lib\CMakeFiles\libcurl_shared.dir\
  TARGET_PDB = lib\libcurl-d.pdb
  TARGET_SUPPORT_DIR = lib\CMakeFiles\libcurl_shared.dir

build lib\CMakeFiles\libcurl_shared.dir\easyoptions.c.obj: C_COMPILER__libcurl_shared_unscanned_Debug C$:\Users\19697\Documents\KeygenSDK\KeygenSDK\build-vs\vcpkg_installed\vcpkg\blds\curl\src\url-8_21_0-3ffa9f46b7.clean\lib\easyoptions.c || cmake_object_order_depends_target_libcurl_shared
  CONFIG = Debug
  DEFINES = -DBUILDING_LIBCURL -DCURL_HIDDEN_SYMBOLS -DHAVE_CONFIG_H -DUNICODE -D_UNICODE -Dlibcurl_shared_EXPORTS
  FLAGS = /nologo /DWIN32 /D_WINDOWS /utf-8 /MP  /MDd /Z7 /Ob0 /Od /RTC1  -MDd -W4 -Wall -wd4061 -wd4191 -wd4255 -wd4464 -wd4548 -wd4574 -wd4668 -wd4710 -wd4711 -wd4746 -wd4820 -wd5045 -MP
  INCLUDES = -IC:\Users\19697\Documents\KeygenSDK\KeygenSDK\build-vs\vcpkg_installed\vcpkg\blds\curl\src\url-8_21_0-3ffa9f46b7.clean\include -IC:\Users\19697\Documents\KeygenSDK\KeygenSDK\build-vs\vcpkg_installed\vcpkg\blds\curl\x64-windows-dbg\lib -IC:\Users\19697\Documents\KeygenSDK\KeygenSDK\build-vs\vcpkg_installed\vcpkg\blds\curl\src\url-8_21_0-3ffa9f46b7.clean\lib -external:IC:\Users\19697\Documents\KeygenSDK\KeygenSDK\build-vs\vcpkg_installed\x64-windows\include -external:W0
  OBJECT_DIR = lib\CMakeFiles\libcurl_shared.dir
  OBJECT_FILE_DIR = lib\CMakeFiles\libcurl_shared.dir
  TARGET_COMPILE_PDB = lib\CMakeFiles\libcurl_shared.dir\
  TARGET_PDB = lib\libcurl-d.pdb
  TARGET_SUPPORT_DIR = lib\CMakeFiles\libcurl_shared.dir

build lib\CMakeFiles\libcurl_shared.dir\escape.c.obj: C_COMPILER__libcurl_shared_unscanned_Debug C$:\Users\19697\Documents\KeygenSDK\KeygenSDK\build-vs\vcpkg_installed\vcpkg\blds\curl\src\url-8_21_0-3ffa9f46b7.clean\lib\escape.c || cmake_object_order_depends_target_libcurl_shared
  CONFIG = Debug
  DEFINES = -DBUILDING_LIBCURL -DCURL_HIDDEN_SYMBOLS -DHAVE_CONFIG_H -DUNICODE -D_UNICODE -Dlibcurl_shared_EXPORTS
  FLAGS = /nologo /DWIN32 /D_WINDOWS /utf-8 /MP  /MDd /Z7 /Ob0 /Od /RTC1  -MDd -W4 -Wall -wd4061 -wd4191 -wd4255 -wd4464 -wd4548 -wd4574 -wd4668 -wd4710 -wd4711 -wd4746 -wd4820 -wd5045 -MP
  INCLUDES = -IC:\Users\19697\Documents\KeygenSDK\KeygenSDK\build-vs\vcpkg_installed\vcpkg\blds\curl\src\url-8_21_0-3ffa9f46b7.clean\include -IC:\Users\19697\Documents\KeygenSDK\KeygenSDK\build-vs\vcpkg_installed\vcpkg\blds\curl\x64-windows-dbg\lib -IC:\Users\19697\Documents\KeygenSDK\KeygenSDK\build-vs\vcpkg_installed\vcpkg\blds\curl\src\url-8_21_0-3ffa9f46b7.clean\lib -external:IC:\Users\19697\Documents\KeygenSDK\KeygenSDK\build-vs\vcpkg_installed\x64-windows\include -external:W0
  OBJECT_DIR = lib\CMakeFiles\libcurl_shared.dir
  OBJECT_FILE_DIR = lib\CMakeFiles\libcurl_shared.dir
  TARGET_COMPILE_PDB = lib\CMakeFiles\libcurl_shared.dir\
  TARGET_PDB = lib\libcurl-d.pdb
  TARGET_SUPPORT_DIR = lib\CMakeFiles\libcurl_shared.dir

build lib\CMakeFiles\libcurl_shared.dir\fake_addrinfo.c.obj: C_COMPILER__libcurl_shared_unscanned_Debug C$:\Users\19697\Documents\KeygenSDK\KeygenSDK\build-vs\vcpkg_installed\vcpkg\blds\curl\src\url-8_21_0-3ffa9f46b7.clean\lib\fake_addrinfo.c || cmake_object_order_depends_target_libcurl_shared
  CONFIG = Debug
  DEFINES = -DBUILDING_LIBCURL -DCURL_HIDDEN_SYMBOLS -DHAVE_CONFIG_H -DUNICODE -D_UNICODE -Dlibcurl_shared_EXPORTS
  FLAGS = /nologo /DWIN32 /D_WINDOWS /utf-8 /MP  /MDd /Z7 /Ob0 /Od /RTC1  -MDd -W4 -Wall -wd4061 -wd4191 -wd4255 -wd4464 -wd4548 -wd4574 -wd4668 -wd4710 -wd4711 -wd4746 -wd4820 -wd5045 -MP
  INCLUDES = -IC:\Users\19697\Documents\KeygenSDK\KeygenSDK\build-vs\vcpkg_installed\vcpkg\blds\curl\src\url-8_21_0-3ffa9f46b7.clean\include -IC:\Users\19697\Documents\KeygenSDK\KeygenSDK\build-vs\vcpkg_installed\vcpkg\blds\curl\x64-windows-dbg\lib -IC:\Users\19697\Documents\KeygenSDK\KeygenSDK\build-vs\vcpkg_installed\vcpkg\blds\curl\src\url-8_21_0-3ffa9f46b7.clean\lib -external:IC:\Users\19697\Documents\KeygenSDK\KeygenSDK\build-vs\vcpkg_installed\x64-windows\include -external:W0
  OBJECT_DIR = lib\CMakeFiles\libcurl_shared.dir
  OBJECT_FILE_DIR = lib\CMakeFiles\libcurl_shared.dir
  TARGET_COMPILE_PDB = lib\CMakeFiles\libcurl_shared.dir\
  TARGET_PDB = lib\libcurl-d.pdb
  TARGET_SUPPORT_DIR = lib\CMakeFiles\libcurl_shared.dir

build lib\CMakeFiles\libcurl_shared.dir\file.c.obj: C_COMPILER__libcurl_shared_unscanned_Debug C$:\Users\19697\Documents\KeygenSDK\KeygenSDK\build-vs\vcpkg_installed\vcpkg\blds\curl\src\url-8_21_0-3ffa9f46b7.clean\lib\file.c || cmake_object_order_depends_target_libcurl_shared
  CONFIG = Debug
  DEFINES = -DBUILDING_LIBCURL -DCURL_HIDDEN_SYMBOLS -DHAVE_CONFIG_H -DUNICODE -D_UNICODE -Dlibcurl_shared_EXPORTS
  FLAGS = /nologo /DWIN32 /D_WINDOWS /utf-8 /MP  /MDd /Z7 /Ob0 /Od /RTC1  -MDd -W4 -Wall -wd4061 -wd4191 -wd4255 -wd4464 -wd4548 -wd4574 -wd4668 -wd4710 -wd4711 -wd4746 -wd4820 -wd5045 -MP
  INCLUDES = -IC:\Users\19697\Documents\KeygenSDK\KeygenSDK\build-vs\vcpkg_installed\vcpkg\blds\curl\src\url-8_21_0-3ffa9f46b7.clean\include -IC:\Users\19697\Documents\KeygenSDK\KeygenSDK\build-vs\vcpkg_installed\vcpkg\blds\curl\x64-windows-dbg\lib -IC:\Users\19697\Documents\KeygenSDK\KeygenSDK\build-vs\vcpkg_installed\vcpkg\blds\curl\src\url-8_21_0-3ffa9f46b7.clean\lib -external:IC:\Users\19697\Documents\KeygenSDK\KeygenSDK\build-vs\vcpkg_installed\x64-windows\include -external:W0
  OBJECT_DIR = lib\CMakeFiles\libcurl_shared.dir
  OBJECT_FILE_DIR = lib\CMakeFiles\libcurl_shared.dir
  TARGET_COMPILE_PDB = lib\CMakeFiles\libcurl_shared.dir\
  TARGET_PDB = lib\libcurl-d.pdb
  TARGET_SUPPORT_DIR = lib\CMakeFiles\libcurl_shared.dir

build lib\CMakeFiles\libcurl_shared.dir\fileinfo.c.obj: C_COMPILER__libcurl_shared_unscanned_Debug C$:\Users\19697\Documents\KeygenSDK\KeygenSDK\build-vs\vcpkg_installed\vcpkg\blds\curl\src\url-8_21_0-3ffa9f46b7.clean\lib\fileinfo.c || cmake_object_order_depends_target_libcurl_shared
  CONFIG = Debug
  DEFINES = -DBUILDING_LIBCURL -DCURL_HIDDEN_SYMBOLS -DHAVE_CONFIG_H -DUNICODE -D_UNICODE -Dlibcurl_shared_EXPORTS
  FLAGS = /nologo /DWIN32 /D_WINDOWS /utf-8 /MP  /MDd /Z7 /Ob0 /Od /RTC1  -MDd -W4 -Wall -wd4061 -wd4191 -wd4255 -wd4464 -wd4548 -wd4574 -wd4668 -wd4710 -wd4711 -wd4746 -wd4820 -wd5045 -MP
  INCLUDES = -IC:\Users\19697\Documents\KeygenSDK\KeygenSDK\build-vs\vcpkg_installed\vcpkg\blds\curl\src\url-8_21_0-3ffa9f46b7.clean\include -IC:\Users\19697\Documents\KeygenSDK\KeygenSDK\build-vs\vcpkg_installed\vcpkg\blds\curl\x64-windows-dbg\lib -IC:\Users\19697\Documents\KeygenSDK\KeygenSDK\build-vs\vcpkg_installed\vcpkg\blds\curl\src\url-8_21_0-3ffa9f46b7.clean\lib -external:IC:\Users\19697\Documents\KeygenSDK\KeygenSDK\build-vs\vcpkg_installed\x64-windows\include -external:W0
  OBJECT_DIR = lib\CMakeFiles\libcurl_shared.dir
  OBJECT_FILE_DIR = lib\CMakeFiles\libcurl_shared.dir
  TARGET_COMPILE_PDB = lib\CMakeFiles\libcurl_shared.dir\
  TARGET_PDB = lib\libcurl-d.pdb
  TARGET_SUPPORT_DIR = lib\CMakeFiles\libcurl_shared.dir

build lib\CMakeFiles\libcurl_shared.dir\formdata.c.obj: C_COMPILER__libcurl_shared_unscanned_Debug C$:\Users\19697\Documents\KeygenSDK\KeygenSDK\build-vs\vcpkg_installed\vcpkg\blds\curl\src\url-8_21_0-3ffa9f46b7.clean\lib\formdata.c || cmake_object_order_depends_target_libcurl_shared
  CONFIG = Debug
  DEFINES = -DBUILDING_LIBCURL -DCURL_HIDDEN_SYMBOLS -DHAVE_CONFIG_H -DUNICODE -D_UNICODE -Dlibcurl_shared_EXPORTS
  FLAGS = /nologo /DWIN32 /D_WINDOWS /utf-8 /MP  /MDd /Z7 /Ob0 /Od /RTC1  -MDd -W4 -Wall -wd4061 -wd4191 -wd4255 -wd4464 -wd4548 -wd4574 -wd4668 -wd4710 -wd4711 -wd4746 -wd4820 -wd5045 -MP
  INCLUDES = -IC:\Users\19697\Documents\KeygenSDK\KeygenSDK\build-vs\vcpkg_installed\vcpkg\blds\curl\src\url-8_21_0-3ffa9f46b7.clean\include -IC:\Users\19697\Documents\KeygenSDK\KeygenSDK\build-vs\vcpkg_installed\vcpkg\blds\curl\x64-windows-dbg\lib -IC:\Users\19697\Documents\KeygenSDK\KeygenSDK\build-vs\vcpkg_installed\vcpkg\blds\curl\src\url-8_21_0-3ffa9f46b7.clean\lib -external:IC:\Users\19697\Documents\KeygenSDK\KeygenSDK\build-vs\vcpkg_installed\x64-windows\include -external:W0
  OBJECT_DIR = lib\CMakeFiles\libcurl_shared.dir
  OBJECT_FILE_DIR = lib\CMakeFiles\libcurl_shared.dir
  TARGET_COMPILE_PDB = lib\CMakeFiles\libcurl_shared.dir\
  TARGET_PDB = lib\libcurl-d.pdb
  TARGET_SUPPORT_DIR = lib\CMakeFiles\libcurl_shared.dir

build lib\CMakeFiles\libcurl_shared.dir\ftp.c.obj: C_COMPILER__libcurl_shared_unscanned_Debug C$:\Users\19697\Documents\KeygenSDK\KeygenSDK\build-vs\vcpkg_installed\vcpkg\blds\curl\src\url-8_21_0-3ffa9f46b7.clean\lib\ftp.c || cmake_object_order_depends_target_libcurl_shared
  CONFIG = Debug
  DEFINES = -DBUILDING_LIBCURL -DCURL_HIDDEN_SYMBOLS -DHAVE_CONFIG_H -DUNICODE -D_UNICODE -Dlibcurl_shared_EXPORTS
  FLAGS = /nologo /DWIN32 /D_WINDOWS /utf-8 /MP  /MDd /Z7 /Ob0 /Od /RTC1  -MDd -W4 -Wall -wd4061 -wd4191 -wd4255 -wd4464 -wd4548 -wd4574 -wd4668 -wd4710 -wd4711 -wd4746 -wd4820 -wd5045 -MP
  INCLUDES = -IC:\Users\19697\Documents\KeygenSDK\KeygenSDK\build-vs\vcpkg_installed\vcpkg\blds\curl\src\url-8_21_0-3ffa9f46b7.clean\include -IC:\Users\19697\Documents\KeygenSDK\KeygenSDK\build-vs\vcpkg_installed\vcpkg\blds\curl\x64-windows-dbg\lib -IC:\Users\19697\Documents\KeygenSDK\KeygenSDK\build-vs\vcpkg_installed\vcpkg\blds\curl\src\url-8_21_0-3ffa9f46b7.clean\lib -external:IC:\Users\19697\Documents\KeygenSDK\KeygenSDK\build-vs\vcpkg_installed\x64-windows\include -external:W0
  OBJECT_DIR = lib\CMakeFiles\libcurl_shared.dir
  OBJECT_FILE_DIR = lib\CMakeFiles\libcurl_shared.dir
  TARGET_COMPILE_PDB = lib\CMakeFiles\libcurl_shared.dir\
  TARGET_PDB = lib\libcurl-d.pdb
  TARGET_SUPPORT_DIR = lib\CMakeFiles\libcurl_shared.dir

build lib\CMakeFiles\libcurl_shared.dir\ftplistparser.c.obj: C_COMPILER__libcurl_shared_unscanned_Debug C$:\Users\19697\Documents\KeygenSDK\KeygenSDK\build-vs\vcpkg_installed\vcpkg\blds\curl\src\url-8_21_0-3ffa9f46b7.clean\lib\ftplistparser.c || cmake_object_order_depends_target_libcurl_shared
  CONFIG = Debug
  DEFINES = -DBUILDING_LIBCURL -DCURL_HIDDEN_SYMBOLS -DHAVE_CONFIG_H -DUNICODE -D_UNICODE -Dlibcurl_shared_EXPORTS
  FLAGS = /nologo /DWIN32 /D_WINDOWS /utf-8 /MP  /MDd /Z7 /Ob0 /Od /RTC1  -MDd -W4 -Wall -wd4061 -wd4191 -wd4255 -wd4464 -wd4548 -wd4574 -wd4668 -wd4710 -wd4711 -wd4746 -wd4820 -wd5045 -MP
  INCLUDES = -IC:\Users\19697\Documents\KeygenSDK\KeygenSDK\build-vs\vcpkg_installed\vcpkg\blds\curl\src\url-8_21_0-3ffa9f46b7.clean\include -IC:\Users\19697\Documents\KeygenSDK\KeygenSDK\build-vs\vcpkg_installed\vcpkg\blds\curl\x64-windows-dbg\lib -IC:\Users\19697\Documents\KeygenSDK\KeygenSDK\build-vs\vcpkg_installed\vcpkg\blds\curl\src\url-8_21_0-3ffa9f46b7.clean\lib -external:IC:\Users\19697\Documents\KeygenSDK\KeygenSDK\build-vs\vcpkg_installed\x64-windows\include -external:W0
  OBJECT_DIR = lib\CMakeFiles\libcurl_shared.dir
  OBJECT_FILE_DIR = lib\CMakeFiles\libcurl_shared.dir
  TARGET_COMPILE_PDB = lib\CMakeFiles\libcurl_shared.dir\
  TARGET_PDB = lib\libcurl-d.pdb
  TARGET_SUPPORT_DIR = lib\CMakeFiles\libcurl_shared.dir

build lib\CMakeFiles\libcurl_shared.dir\getenv.c.obj: C_COMPILER__libcurl_shared_unscanned_Debug C$:\Users\19697\Documents\KeygenSDK\KeygenSDK\build-vs\vcpkg_installed\vcpkg\blds\curl\src\url-8_21_0-3ffa9f46b7.clean\lib\getenv.c || cmake_object_order_depends_target_libcurl_shared
  CONFIG = Debug
  DEFINES = -DBUILDING_LIBCURL -DCURL_HIDDEN_SYMBOLS -DHAVE_CONFIG_H -DUNICODE -D_UNICODE -Dlibcurl_shared_EXPORTS
  FLAGS = /nologo /DWIN32 /D_WINDOWS /utf-8 /MP  /MDd /Z7 /Ob0 /Od /RTC1  -MDd -W4 -Wall -wd4061 -wd4191 -wd4255 -wd4464 -wd4548 -wd4574 -wd4668 -wd4710 -wd4711 -wd4746 -wd4820 -wd5045 -MP
  INCLUDES = -IC:\Users\19697\Documents\KeygenSDK\KeygenSDK\build-vs\vcpkg_installed\vcpkg\blds\curl\src\url-8_21_0-3ffa9f46b7.clean\include -IC:\Users\19697\Documents\KeygenSDK\KeygenSDK\build-vs\vcpkg_installed\vcpkg\blds\curl\x64-windows-dbg\lib -IC:\Users\19697\Documents\KeygenSDK\KeygenSDK\build-vs\vcpkg_installed\vcpkg\blds\curl\src\url-8_21_0-3ffa9f46b7.clean\lib -external:IC:\Users\19697\Documents\KeygenSDK\KeygenSDK\build-vs\vcpkg_installed\x64-windows\include -external:W0
  OBJECT_DIR = lib\CMakeFiles\libcurl_shared.dir
  OBJECT_FILE_DIR = lib\CMakeFiles\libcurl_shared.dir
  TARGET_COMPILE_PDB = lib\CMakeFiles\libcurl_shared.dir\
  TARGET_PDB = lib\libcurl-d.pdb
  TARGET_SUPPORT_DIR = lib\CMakeFiles\libcurl_shared.dir

build lib\CMakeFiles\libcurl_shared.dir\getinfo.c.obj: C_COMPILER__libcurl_shared_unscanned_Debug C$:\Users\19697\Documents\KeygenSDK\KeygenSDK\build-vs\vcpkg_installed\vcpkg\blds\curl\src\url-8_21_0-3ffa9f46b7.clean\lib\getinfo.c || cmake_object_order_depends_target_libcurl_shared
  CONFIG = Debug
  DEFINES = -DBUILDING_LIBCURL -DCURL_HIDDEN_SYMBOLS -DHAVE_CONFIG_H -DUNICODE -D_UNICODE -Dlibcurl_shared_EXPORTS
  FLAGS = /nologo /DWIN32 /D_WINDOWS /utf-8 /MP  /MDd /Z7 /Ob0 /Od /RTC1  -MDd -W4 -Wall -wd4061 -wd4191 -wd4255 -wd4464 -wd4548 -wd4574 -wd4668 -wd4710 -wd4711 -wd4746 -wd4820 -wd5045 -MP
  INCLUDES = -IC:\Users\19697\Documents\KeygenSDK\KeygenSDK\build-vs\vcpkg_installed\vcpkg\blds\curl\src\url-8_21_0-3ffa9f46b7.clean\include -IC:\Users\19697\Documents\KeygenSDK\KeygenSDK\build-vs\vcpkg_installed\vcpkg\blds\curl\x64-windows-dbg\lib -IC:\Users\19697\Documents\KeygenSDK\KeygenSDK\build-vs\vcpkg_installed\vcpkg\blds\curl\src\url-8_21_0-3ffa9f46b7.clean\lib -external:IC:\Users\19697\Documents\KeygenSDK\KeygenSDK\build-vs\vcpkg_installed\x64-windows\include -external:W0
  OBJECT_DIR = lib\CMakeFiles\libcurl_shared.dir
  OBJECT_FILE_DIR = lib\CMakeFiles\libcurl_shared.dir
  TARGET_COMPILE_PDB = lib\CMakeFiles\libcurl_shared.dir\
  TARGET_PDB = lib\libcurl-d.pdb
  TARGET_SUPPORT_DIR = lib\CMakeFiles\libcurl_shared.dir

build lib\CMakeFiles\libcurl_shared.dir\gopher.c.obj: C_COMPILER__libcurl_shared_unscanned_Debug C$:\Users\19697\Documents\KeygenSDK\KeygenSDK\build-vs\vcpkg_installed\vcpkg\blds\curl\src\url-8_21_0-3ffa9f46b7.clean\lib\gopher.c || cmake_object_order_depends_target_libcurl_shared
  CONFIG = Debug
  DEFINES = -DBUILDING_LIBCURL -DCURL_HIDDEN_SYMBOLS -DHAVE_CONFIG_H -DUNICODE -D_UNICODE -Dlibcurl_shared_EXPORTS
  FLAGS = /nologo /DWIN32 /D_WINDOWS /utf-8 /MP  /MDd /Z7 /Ob0 /Od /RTC1  -MDd -W4 -Wall -wd4061 -wd4191 -wd4255 -wd4464 -wd4548 -wd4574 -wd4668 -wd4710 -wd4711 -wd4746 -wd4820 -wd5045 -MP
  INCLUDES = -IC:\Users\19697\Documents\KeygenSDK\KeygenSDK\build-vs\vcpkg_installed\vcpkg\blds\curl\src\url-8_21_0-3ffa9f46b7.clean\include -IC:\Users\19697\Documents\KeygenSDK\KeygenSDK\build-vs\vcpkg_installed\vcpkg\blds\curl\x64-windows-dbg\lib -IC:\Users\19697\Documents\KeygenSDK\KeygenSDK\build-vs\vcpkg_installed\vcpkg\blds\curl\src\url-8_21_0-3ffa9f46b7.clean\lib -external:IC:\Users\19697\Documents\KeygenSDK\KeygenSDK\build-vs\vcpkg_installed\x64-windows\include -external:W0
  OBJECT_DIR = lib\CMakeFiles\libcurl_shared.dir
  OBJECT_FILE_DIR = lib\CMakeFiles\libcurl_shared.dir
  TARGET_COMPILE_PDB = lib\CMakeFiles\libcurl_shared.dir\
  TARGET_PDB = lib\libcurl-d.pdb
  TARGET_SUPPORT_DIR = lib\CMakeFiles\libcurl_shared.dir

build lib\CMakeFiles\libcurl_shared.dir\hash.c.obj: C_COMPILER__libcurl_shared_unscanned_Debug C$:\Users\19697\Documents\KeygenSDK\KeygenSDK\build-vs\vcpkg_installed\vcpkg\blds\curl\src\url-8_21_0-3ffa9f46b7.clean\lib\hash.c || cmake_object_order_depends_target_libcurl_shared
  CONFIG = Debug
  DEFINES = -DBUILDING_LIBCURL -DCURL_HIDDEN_SYMBOLS -DHAVE_CONFIG_H -DUNICODE -D_UNICODE -Dlibcurl_shared_EXPORTS
  FLAGS = /nologo /DWIN32 /D_WINDOWS /utf-8 /MP  /MDd /Z7 /Ob0 /Od /RTC1  -MDd -W4 -Wall -wd4061 -wd4191 -wd4255 -wd4464 -wd4548 -wd4574 -wd4668 -wd4710 -wd4711 -wd4746 -wd4820 -wd5045 -MP
  INCLUDES = -IC:\Users\19697\Documents\KeygenSDK\KeygenSDK\build-vs\vcpkg_installed\vcpkg\blds\curl\src\url-8_21_0-3ffa9f46b7.clean\include -IC:\Users\19697\Documents\KeygenSDK\KeygenSDK\build-vs\vcpkg_installed\vcpkg\blds\curl\x64-windows-dbg\lib -IC:\Users\19697\Documents\KeygenSDK\KeygenSDK\build-vs\vcpkg_installed\vcpkg\blds\curl\src\url-8_21_0-3ffa9f46b7.clean\lib -external:IC:\Users\19697\Documents\KeygenSDK\KeygenSDK\build-vs\vcpkg_installed\x64-windows\include -external:W0
  OBJECT_DIR = lib\CMakeFiles\libcurl_shared.dir
  OBJECT_FILE_DIR = lib\CMakeFiles\libcurl_shared.dir
  TARGET_COMPILE_PDB = lib\CMakeFiles\libcurl_shared.dir\
  TARGET_PDB = lib\libcurl-d.pdb
  TARGET_SUPPORT_DIR = lib\CMakeFiles\libcurl_shared.dir

build lib\CMakeFiles\libcurl_shared.dir\headers.c.obj: C_COMPILER__libcurl_shared_unscanned_Debug C$:\Users\19697\Documents\KeygenSDK\KeygenSDK\build-vs\vcpkg_installed\vcpkg\blds\curl\src\url-8_21_0-3ffa9f46b7.clean\lib\headers.c || cmake_object_order_depends_target_libcurl_shared
  CONFIG = Debug
  DEFINES = -DBUILDING_LIBCURL -DCURL_HIDDEN_SYMBOLS -DHAVE_CONFIG_H -DUNICODE -D_UNICODE -Dlibcurl_shared_EXPORTS
  FLAGS = /nologo /DWIN32 /D_WINDOWS /utf-8 /MP  /MDd /Z7 /Ob0 /Od /RTC1  -MDd -W4 -Wall -wd4061 -wd4191 -wd4255 -wd4464 -wd4548 -wd4574 -wd4668 -wd4710 -wd4711 -wd4746 -wd4820 -wd5045 -MP
  INCLUDES = -IC:\Users\19697\Documents\KeygenSDK\KeygenSDK\build-vs\vcpkg_installed\vcpkg\blds\curl\src\url-8_21_0-3ffa9f46b7.clean\include -IC:\Users\19697\Documents\KeygenSDK\KeygenSDK\build-vs\vcpkg_installed\vcpkg\blds\curl\x64-windows-dbg\lib -IC:\Users\19697\Documents\KeygenSDK\KeygenSDK\build-vs\vcpkg_installed\vcpkg\blds\curl\src\url-8_21_0-3ffa9f46b7.clean\lib -external:IC:\Users\19697\Documents\KeygenSDK\KeygenSDK\build-vs\vcpkg_installed\x64-windows\include -external:W0
  OBJECT_DIR = lib\CMakeFiles\libcurl_shared.dir
  OBJECT_FILE_DIR = lib\CMakeFiles\libcurl_shared.dir
  TARGET_COMPILE_PDB = lib\CMakeFiles\libcurl_shared.dir\
  TARGET_PDB = lib\libcurl-d.pdb
  TARGET_SUPPORT_DIR = lib\CMakeFiles\libcurl_shared.dir

build lib\CMakeFiles\libcurl_shared.dir\hmac.c.obj: C_COMPILER__libcurl_shared_unscanned_Debug C$:\Users\19697\Documents\KeygenSDK\KeygenSDK\build-vs\vcpkg_installed\vcpkg\blds\curl\src\url-8_21_0-3ffa9f46b7.clean\lib\hmac.c || cmake_object_order_depends_target_libcurl_shared
  CONFIG = Debug
  DEFINES = -DBUILDING_LIBCURL -DCURL_HIDDEN_SYMBOLS -DHAVE_CONFIG_H -DUNICODE -D_UNICODE -Dlibcurl_shared_EXPORTS
  FLAGS = /nologo /DWIN32 /D_WINDOWS /utf-8 /MP  /MDd /Z7 /Ob0 /Od /RTC1  -MDd -W4 -Wall -wd4061 -wd4191 -wd4255 -wd4464 -wd4548 -wd4574 -wd4668 -wd4710 -wd4711 -wd4746 -wd4820 -wd5045 -MP
  INCLUDES = -IC:\Users\19697\Documents\KeygenSDK\KeygenSDK\build-vs\vcpkg_installed\vcpkg\blds\curl\src\url-8_21_0-3ffa9f46b7.clean\include -IC:\Users\19697\Documents\KeygenSDK\KeygenSDK\build-vs\vcpkg_installed\vcpkg\blds\curl\x64-windows-dbg\lib -IC:\Users\19697\Documents\KeygenSDK\KeygenSDK\build-vs\vcpkg_installed\vcpkg\blds\curl\src\url-8_21_0-3ffa9f46b7.clean\lib -external:IC:\Users\19697\Documents\KeygenSDK\KeygenSDK\build-vs\vcpkg_installed\x64-windows\include -external:W0
  OBJECT_DIR = lib\CMakeFiles\libcurl_shared.dir
  OBJECT_FILE_DIR = lib\CMakeFiles\libcurl_shared.dir
  TARGET_COMPILE_PDB = lib\CMakeFiles\libcurl_shared.dir\
  TARGET_PDB = lib\libcurl-d.pdb
  TARGET_SUPPORT_DIR = lib\CMakeFiles\libcurl_shared.dir

build lib\CMakeFiles\libcurl_shared.dir\hostip.c.obj: C_COMPILER__libcurl_shared_unscanned_Debug C$:\Users\19697\Documents\KeygenSDK\KeygenSDK\build-vs\vcpkg_installed\vcpkg\blds\curl\src\url-8_21_0-3ffa9f46b7.clean\lib\hostip.c || cmake_object_order_depends_target_libcurl_shared
  CONFIG = Debug
  DEFINES = -DBUILDING_LIBCURL -DCURL_HIDDEN_SYMBOLS -DHAVE_CONFIG_H -DUNICODE -D_UNICODE -Dlibcurl_shared_EXPORTS
  FLAGS = /nologo /DWIN32 /D_WINDOWS /utf-8 /MP  /MDd /Z7 /Ob0 /Od /RTC1  -MDd -W4 -Wall -wd4061 -wd4191 -wd4255 -wd4464 -wd4548 -wd4574 -wd4668 -wd4710 -wd4711 -wd4746 -wd4820 -wd5045 -MP
  INCLUDES = -IC:\Users\19697\Documents\KeygenSDK\KeygenSDK\build-vs\vcpkg_installed\vcpkg\blds\curl\src\url-8_21_0-3ffa9f46b7.clean\include -IC:\Users\19697\Documents\KeygenSDK\KeygenSDK\build-vs\vcpkg_installed\vcpkg\blds\curl\x64-windows-dbg\lib -IC:\Users\19697\Documents\KeygenSDK\KeygenSDK\build-vs\vcpkg_installed\vcpkg\blds\curl\src\url-8_21_0-3ffa9f46b7.clean\lib -external:IC:\Users\19697\Documents\KeygenSDK\KeygenSDK\build-vs\vcpkg_installed\x64-windows\include -external:W0
  OBJECT_DIR = lib\CMakeFiles\libcurl_shared.dir
  OBJECT_FILE_DIR = lib\CMakeFiles\libcurl_shared.dir
  TARGET_COMPILE_PDB = lib\CMakeFiles\libcurl_shared.dir\
  TARGET_PDB = lib\libcurl-d.pdb
  TARGET_SUPPORT_DIR = lib\CMakeFiles\libcurl_shared.dir

build lib\CMakeFiles\libcurl_shared.dir\hostip4.c.obj: C_COMPILER__libcurl_shared_unscanned_Debug C$:\Users\19697\Documents\KeygenSDK\KeygenSDK\build-vs\vcpkg_installed\vcpkg\blds\curl\src\url-8_21_0-3ffa9f46b7.clean\lib\hostip4.c || cmake_object_order_depends_target_libcurl_shared
  CONFIG = Debug
  DEFINES = -DBUILDING_LIBCURL -DCURL_HIDDEN_SYMBOLS -DHAVE_CONFIG_H -DUNICODE -D_UNICODE -Dlibcurl_shared_EXPORTS
  FLAGS = /nologo /DWIN32 /D_WINDOWS /utf-8 /MP  /MDd /Z7 /Ob0 /Od /RTC1  -MDd -W4 -Wall -wd4061 -wd4191 -wd4255 -wd4464 -wd4548 -wd4574 -wd4668 -wd4710 -wd4711 -wd4746 -wd4820 -wd5045 -MP
  INCLUDES = -IC:\Users\19697\Documents\KeygenSDK\KeygenSDK\build-vs\vcpkg_installed\vcpkg\blds\curl\src\url-8_21_0-3ffa9f46b7.clean\include -IC:\Users\19697\Documents\KeygenSDK\KeygenSDK\build-vs\vcpkg_installed\vcpkg\blds\curl\x64-windows-dbg\lib -IC:\Users\19697\Documents\KeygenSDK\KeygenSDK\build-vs\vcpkg_installed\vcpkg\blds\curl\src\url-8_21_0-3ffa9f46b7.clean\lib -external:IC:\Users\19697\Documents\KeygenSDK\KeygenSDK\build-vs\vcpkg_installed\x64-windows\include -external:W0
  OBJECT_DIR = lib\CMakeFiles\libcurl_shared.dir
  OBJECT_FILE_DIR = lib\CMakeFiles\libcurl_shared.dir
  TARGET_COMPILE_PDB = lib\CMakeFiles\libcurl_shared.dir\
  TARGET_PDB = lib\libcurl-d.pdb
  TARGET_SUPPORT_DIR = lib\CMakeFiles\libcurl_shared.dir

build lib\CMakeFiles\libcurl_shared.dir\hostip6.c.obj: C_COMPILER__libcurl_shared_unscanned_Debug C$:\Users\19697\Documents\KeygenSDK\KeygenSDK\build-vs\vcpkg_installed\vcpkg\blds\curl\src\url-8_21_0-3ffa9f46b7.clean\lib\hostip6.c || cmake_object_order_depends_target_libcurl_shared
  CONFIG = Debug
  DEFINES = -DBUILDING_LIBCURL -DCURL_HIDDEN_SYMBOLS -DHAVE_CONFIG_H -DUNICODE -D_UNICODE -Dlibcurl_shared_EXPORTS
  FLAGS = /nologo /DWIN32 /D_WINDOWS /utf-8 /MP  /MDd /Z7 /Ob0 /Od /RTC1  -MDd -W4 -Wall -wd4061 -wd4191 -wd4255 -wd4464 -wd4548 -wd4574 -wd4668 -wd4710 -wd4711 -wd4746 -wd4820 -wd5045 -MP
  INCLUDES = -IC:\Users\19697\Documents\KeygenSDK\KeygenSDK\build-vs\vcpkg_installed\vcpkg\blds\curl\src\url-8_21_0-3ffa9f46b7.clean\include -IC:\Users\19697\Documents\KeygenSDK\KeygenSDK\build-vs\vcpkg_installed\vcpkg\blds\curl\x64-windows-dbg\lib -IC:\Users\19697\Documents\KeygenSDK\KeygenSDK\build-vs\vcpkg_installed\vcpkg\blds\curl\src\url-8_21_0-3ffa9f46b7.clean\lib -external:IC:\Users\19697\Documents\KeygenSDK\KeygenSDK\build-vs\vcpkg_installed\x64-windows\include -external:W0
  OBJECT_DIR = lib\CMakeFiles\libcurl_shared.dir
  OBJECT_FILE_DIR = lib\CMakeFiles\libcurl_shared.dir
  TARGET_COMPILE_PDB = lib\CMakeFiles\libcurl_shared.dir\
  TARGET_PDB = lib\libcurl-d.pdb
  TARGET_SUPPORT_DIR = lib\CMakeFiles\libcurl_shared.dir

build lib\CMakeFiles\libcurl_shared.dir\hsts.c.obj: C_COMPILER__libcurl_shared_unscanned_Debug C$:\Users\19697\Documents\KeygenSDK\KeygenSDK\build-vs\vcpkg_installed\vcpkg\blds\curl\src\url-8_21_0-3ffa9f46b7.clean\lib\hsts.c || cmake_object_order_depends_target_libcurl_shared
  CONFIG = Debug
  DEFINES = -DBUILDING_LIBCURL -DCURL_HIDDEN_SYMBOLS -DHAVE_CONFIG_H -DUNICODE -D_UNICODE -Dlibcurl_shared_EXPORTS
  FLAGS = /nologo /DWIN32 /D_WINDOWS /utf-8 /MP  /MDd /Z7 /Ob0 /Od /RTC1  -MDd -W4 -Wall -wd4061 -wd4191 -wd4255 -wd4464 -wd4548 -wd4574 -wd4668 -wd4710 -wd4711 -wd4746 -wd4820 -wd5045 -MP
  INCLUDES = -IC:\Users\19697\Documents\KeygenSDK\KeygenSDK\build-vs\vcpkg_installed\vcpkg\blds\curl\src\url-8_21_0-3ffa9f46b7.clean\include -IC:\Users\19697\Documents\KeygenSDK\KeygenSDK\build-vs\vcpkg_installed\vcpkg\blds\curl\x64-windows-dbg\lib -IC:\Users\19697\Documents\KeygenSDK\KeygenSDK\build-vs\vcpkg_installed\vcpkg\blds\curl\src\url-8_21_0-3ffa9f46b7.clean\lib -external:IC:\Users\19697\Documents\KeygenSDK\KeygenSDK\build-vs\vcpkg_installed\x64-windows\include -external:W0
  OBJECT_DIR = lib\CMakeFiles\libcurl_shared.dir
  OBJECT_FILE_DIR = lib\CMakeFiles\libcurl_shared.dir
  TARGET_COMPILE_PDB = lib\CMakeFiles\libcurl_shared.dir\
  TARGET_PDB = lib\libcurl-d.pdb
  TARGET_SUPPORT_DIR = lib\CMakeFiles\libcurl_shared.dir

build lib\CMakeFiles\libcurl_shared.dir\http.c.obj: C_COMPILER__libcurl_shared_unscanned_Debug C$:\Users\19697\Documents\KeygenSDK\KeygenSDK\build-vs\vcpkg_installed\vcpkg\blds\curl\src\url-8_21_0-3ffa9f46b7.clean\lib\http.c || cmake_object_order_depends_target_libcurl_shared
  CONFIG = Debug
  DEFINES = -DBUILDING_LIBCURL -DCURL_HIDDEN_SYMBOLS -DHAVE_CONFIG_H -DUNICODE -D_UNICODE -Dlibcurl_shared_EXPORTS
  FLAGS = /nologo /DWIN32 /D_WINDOWS /utf-8 /MP  /MDd /Z7 /Ob0 /Od /RTC1  -MDd -W4 -Wall -wd4061 -wd4191 -wd4255 -wd4464 -wd4548 -wd4574 -wd4668 -wd4710 -wd4711 -wd4746 -wd4820 -wd5045 -MP
  INCLUDES = -IC:\Users\19697\Documents\KeygenSDK\KeygenSDK\build-vs\vcpkg_installed\vcpkg\blds\curl\src\url-8_21_0-3ffa9f46b7.clean\include -IC:\Users\19697\Documents\KeygenSDK\KeygenSDK\build-vs\vcpkg_installed\vcpkg\blds\curl\x64-windows-dbg\lib -IC:\Users\19697\Documents\KeygenSDK\KeygenSDK\build-vs\vcpkg_installed\vcpkg\blds\curl\src\url-8_21_0-3ffa9f46b7.clean\lib -external:IC:\Users\19697\Documents\KeygenSDK\KeygenSDK\build-vs\vcpkg_installed\x64-windows\include -external:W0
  OBJECT_DIR = lib\CMakeFiles\libcurl_shared.dir
  OBJECT_FILE_DIR = lib\CMakeFiles\libcurl_shared.dir
  TARGET_COMPILE_PDB = lib\CMakeFiles\libcurl_shared.dir\
  TARGET_PDB = lib\libcurl-d.pdb
  TARGET_SUPPORT_DIR = lib\CMakeFiles\libcurl_shared.dir

build lib\CMakeFiles\libcurl_shared.dir\http1.c.obj: C_COMPILER__libcurl_shared_unscanned_Debug C$:\Users\19697\Documents\KeygenSDK\KeygenSDK\build-vs\vcpkg_installed\vcpkg\blds\curl\src\url-8_21_0-3ffa9f46b7.clean\lib\http1.c || cmake_object_order_depends_target_libcurl_shared
  CONFIG = Debug
  DEFINES = -DBUILDING_LIBCURL -DCURL_HIDDEN_SYMBOLS -DHAVE_CONFIG_H -DUNICODE -D_UNICODE -Dlibcurl_shared_EXPORTS
  FLAGS = /nologo /DWIN32 /D_WINDOWS /utf-8 /MP  /MDd /Z7 /Ob0 /Od /RTC1  -MDd -W4 -Wall -wd4061 -wd4191 -wd4255 -wd4464 -wd4548 -wd4574 -wd4668 -wd4710 -wd4711 -wd4746 -wd4820 -wd5045 -MP
  INCLUDES = -IC:\Users\19697\Documents\KeygenSDK\KeygenSDK\build-vs\vcpkg_installed\vcpkg\blds\curl\src\url-8_21_0-3ffa9f46b7.clean\include -IC:\Users\19697\Documents\KeygenSDK\KeygenSDK\build-vs\vcpkg_installed\vcpkg\blds\curl\x64-windows-dbg\lib -IC:\Users\19697\Documents\KeygenSDK\KeygenSDK\build-vs\vcpkg_installed\vcpkg\blds\curl\src\url-8_21_0-3ffa9f46b7.clean\lib -external:IC:\Users\19697\Documents\KeygenSDK\KeygenSDK\build-vs\vcpkg_installed\x64-windows\include -external:W0
  OBJECT_DIR = lib\CMakeFiles\libcurl_shared.dir
  OBJECT_FILE_DIR = lib\CMakeFiles\libcurl_shared.dir
  TARGET_COMPILE_PDB = lib\CMakeFiles\libcurl_shared.dir\
  TARGET_PDB = lib\libcurl-d.pdb
  TARGET_SUPPORT_DIR = lib\CMakeFiles\libcurl_shared.dir

build lib\CMakeFiles\libcurl_shared.dir\http2.c.obj: C_COMPILER__libcurl_shared_unscanned_Debug C$:\Users\19697\Documents\KeygenSDK\KeygenSDK\build-vs\vcpkg_installed\vcpkg\blds\curl\src\url-8_21_0-3ffa9f46b7.clean\lib\http2.c || cmake_object_order_depends_target_libcurl_shared
  CONFIG = Debug
  DEFINES = -DBUILDING_LIBCURL -DCURL_HIDDEN_SYMBOLS -DHAVE_CONFIG_H -DUNICODE -D_UNICODE -Dlibcurl_shared_EXPORTS
  FLAGS = /nologo /DWIN32 /D_WINDOWS /utf-8 /MP  /MDd /Z7 /Ob0 /Od /RTC1  -MDd -W4 -Wall -wd4061 -wd4191 -wd4255 -wd4464 -wd4548 -wd4574 -wd4668 -wd4710 -wd4711 -wd4746 -wd4820 -wd5045 -MP
  INCLUDES = -IC:\Users\19697\Documents\KeygenSDK\KeygenSDK\build-vs\vcpkg_installed\vcpkg\blds\curl\src\url-8_21_0-3ffa9f46b7.clean\include -IC:\Users\19697\Documents\KeygenSDK\KeygenSDK\build-vs\vcpkg_installed\vcpkg\blds\curl\x64-windows-dbg\lib -IC:\Users\19697\Documents\KeygenSDK\KeygenSDK\build-vs\vcpkg_installed\vcpkg\blds\curl\src\url-8_21_0-3ffa9f46b7.clean\lib -external:IC:\Users\19697\Documents\KeygenSDK\KeygenSDK\build-vs\vcpkg_installed\x64-windows\include -external:W0
  OBJECT_DIR = lib\CMakeFiles\libcurl_shared.dir
  OBJECT_FILE_DIR = lib\CMakeFiles\libcurl_shared.dir
  TARGET_COMPILE_PDB = lib\CMakeFiles\libcurl_shared.dir\
  TARGET_PDB = lib\libcurl-d.pdb
  TARGET_SUPPORT_DIR = lib\CMakeFiles\libcurl_shared.dir

build lib\CMakeFiles\libcurl_shared.dir\http_aws_sigv4.c.obj: C_COMPILER__libcurl_shared_unscanned_Debug C$:\Users\19697\Documents\KeygenSDK\KeygenSDK\build-vs\vcpkg_installed\vcpkg\blds\curl\src\url-8_21_0-3ffa9f46b7.clean\lib\http_aws_sigv4.c || cmake_object_order_depends_target_libcurl_shared
  CONFIG = Debug
  DEFINES = -DBUILDING_LIBCURL -DCURL_HIDDEN_SYMBOLS -DHAVE_CONFIG_H -DUNICODE -D_UNICODE -Dlibcurl_shared_EXPORTS
  FLAGS = /nologo /DWIN32 /D_WINDOWS /utf-8 /MP  /MDd /Z7 /Ob0 /Od /RTC1  -MDd -W4 -Wall -wd4061 -wd4191 -wd4255 -wd4464 -wd4548 -wd4574 -wd4668 -wd4710 -wd4711 -wd4746 -wd4820 -wd5045 -MP
  INCLUDES = -IC:\Users\19697\Documents\KeygenSDK\KeygenSDK\build-vs\vcpkg_installed\vcpkg\blds\curl\src\url-8_21_0-3ffa9f46b7.clean\include -IC:\Users\19697\Documents\KeygenSDK\KeygenSDK\build-vs\vcpkg_installed\vcpkg\blds\curl\x64-windows-dbg\lib -IC:\Users\19697\Documents\KeygenSDK\KeygenSDK\build-vs\vcpkg_installed\vcpkg\blds\curl\src\url-8_21_0-3ffa9f46b7.clean\lib -external:IC:\Users\19697\Documents\KeygenSDK\KeygenSDK\build-vs\vcpkg_installed\x64-windows\include -external:W0
  OBJECT_DIR = lib\CMakeFiles\libcurl_shared.dir
  OBJECT_FILE_DIR = lib\CMakeFiles\libcurl_shared.dir
  TARGET_COMPILE_PDB = lib\CMakeFiles\libcurl_shared.dir\
  TARGET_PDB = lib\libcurl-d.pdb
  TARGET_SUPPORT_DIR = lib\CMakeFiles\libcurl_shared.dir

build lib\CMakeFiles\libcurl_shared.dir\http_chunks.c.obj: C_COMPILER__libcurl_shared_unscanned_Debug C$:\Users\19697\Documents\KeygenSDK\KeygenSDK\build-vs\vcpkg_installed\vcpkg\blds\curl\src\url-8_21_0-3ffa9f46b7.clean\lib\http_chunks.c || cmake_object_order_depends_target_libcurl_shared
  CONFIG = Debug
  DEFINES = -DBUILDING_LIBCURL -DCURL_HIDDEN_SYMBOLS -DHAVE_CONFIG_H -DUNICODE -D_UNICODE -Dlibcurl_shared_EXPORTS
  FLAGS = /nologo /DWIN32 /D_WINDOWS /utf-8 /MP  /MDd /Z7 /Ob0 /Od /RTC1  -MDd -W4 -Wall -wd4061 -wd4191 -wd4255 -wd4464 -wd4548 -wd4574 -wd4668 -wd4710 -wd4711 -wd4746 -wd4820 -wd5045 -MP
  INCLUDES = -IC:\Users\19697\Documents\KeygenSDK\KeygenSDK\build-vs\vcpkg_installed\vcpkg\blds\curl\src\url-8_21_0-3ffa9f46b7.clean\include -IC:\Users\19697\Documents\KeygenSDK\KeygenSDK\build-vs\vcpkg_installed\vcpkg\blds\curl\x64-windows-dbg\lib -IC:\Users\19697\Documents\KeygenSDK\KeygenSDK\build-vs\vcpkg_installed\vcpkg\blds\curl\src\url-8_21_0-3ffa9f46b7.clean\lib -external:IC:\Users\19697\Documents\KeygenSDK\KeygenSDK\build-vs\vcpkg_installed\x64-windows\include -external:W0
  OBJECT_DIR = lib\CMakeFiles\libcurl_shared.dir
  OBJECT_FILE_DIR = lib\CMakeFiles\libcurl_shared.dir
  TARGET_COMPILE_PDB = lib\CMakeFiles\libcurl_shared.dir\
  TARGET_PDB = lib\libcurl-d.pdb
  TARGET_SUPPORT_DIR = lib\CMakeFiles\libcurl_shared.dir

build lib\CMakeFiles\libcurl_shared.dir\http_digest.c.obj: C_COMPILER__libcurl_shared_unscanned_Debug C$:\Users\19697\Documents\KeygenSDK\KeygenSDK\build-vs\vcpkg_installed\vcpkg\blds\curl\src\url-8_21_0-3ffa9f46b7.clean\lib\http_digest.c || cmake_object_order_depends_target_libcurl_shared
  CONFIG = Debug
  DEFINES = -DBUILDING_LIBCURL -DCURL_HIDDEN_SYMBOLS -DHAVE_CONFIG_H -DUNICODE -D_UNICODE -Dlibcurl_shared_EXPORTS
  FLAGS = /nologo /DWIN32 /D_WINDOWS /utf-8 /MP  /MDd /Z7 /Ob0 /Od /RTC1  -MDd -W4 -Wall -wd4061 -wd4191 -wd4255 -wd4464 -wd4548 -wd4574 -wd4668 -wd4710 -wd4711 -wd4746 -wd4820 -wd5045 -MP
  INCLUDES = -IC:\Users\19697\Documents\KeygenSDK\KeygenSDK\build-vs\vcpkg_installed\vcpkg\blds\curl\src\url-8_21_0-3ffa9f46b7.clean\include -IC:\Users\19697\Documents\KeygenSDK\KeygenSDK\build-vs\vcpkg_installed\vcpkg\blds\curl\x64-windows-dbg\lib -IC:\Users\19697\Documents\KeygenSDK\KeygenSDK\build-vs\vcpkg_installed\vcpkg\blds\curl\src\url-8_21_0-3ffa9f46b7.clean\lib -external:IC:\Users\19697\Documents\KeygenSDK\KeygenSDK\build-vs\vcpkg_installed\x64-windows\include -external:W0
  OBJECT_DIR = lib\CMakeFiles\libcurl_shared.dir
  OBJECT_FILE_DIR = lib\CMakeFiles\libcurl_shared.dir
  TARGET_COMPILE_PDB = lib\CMakeFiles\libcurl_shared.dir\
  TARGET_PDB = lib\libcurl-d.pdb
  TARGET_SUPPORT_DIR = lib\CMakeFiles\libcurl_shared.dir

build lib\CMakeFiles\libcurl_shared.dir\http_negotiate.c.obj: C_COMPILER__libcurl_shared_unscanned_Debug C$:\Users\19697\Documents\KeygenSDK\KeygenSDK\build-vs\vcpkg_installed\vcpkg\blds\curl\src\url-8_21_0-3ffa9f46b7.clean\lib\http_negotiate.c || cmake_object_order_depends_target_libcurl_shared
  CONFIG = Debug
  DEFINES = -DBUILDING_LIBCURL -DCURL_HIDDEN_SYMBOLS -DHAVE_CONFIG_H -DUNICODE -D_UNICODE -Dlibcurl_shared_EXPORTS
  FLAGS = /nologo /DWIN32 /D_WINDOWS /utf-8 /MP  /MDd /Z7 /Ob0 /Od /RTC1  -MDd -W4 -Wall -wd4061 -wd4191 -wd4255 -wd4464 -wd4548 -wd4574 -wd4668 -wd4710 -wd4711 -wd4746 -wd4820 -wd5045 -MP
  INCLUDES = -IC:\Users\19697\Documents\KeygenSDK\KeygenSDK\build-vs\vcpkg_installed\vcpkg\blds\curl\src\url-8_21_0-3ffa9f46b7.clean\include -IC:\Users\19697\Documents\KeygenSDK\KeygenSDK\build-vs\vcpkg_installed\vcpkg\blds\curl\x64-windows-dbg\lib -IC:\Users\19697\Documents\KeygenSDK\KeygenSDK\build-vs\vcpkg_installed\vcpkg\blds\curl\src\url-8_21_0-3ffa9f46b7.clean\lib -external:IC:\Users\19697\Documents\KeygenSDK\KeygenSDK\build-vs\vcpkg_installed\x64-windows\include -external:W0
  OBJECT_DIR = lib\CMakeFiles\libcurl_shared.dir
  OBJECT_FILE_DIR = lib\CMakeFiles\libcurl_shared.dir
  TARGET_COMPILE_PDB = lib\CMakeFiles\libcurl_shared.dir\
  TARGET_PDB = lib\libcurl-d.pdb
  TARGET_SUPPORT_DIR = lib\CMakeFiles\libcurl_shared.dir

build lib\CMakeFiles\libcurl_shared.dir\http_ntlm.c.obj: C_COMPILER__libcurl_shared_unscanned_Debug C$:\Users\19697\Documents\KeygenSDK\KeygenSDK\build-vs\vcpkg_installed\vcpkg\blds\curl\src\url-8_21_0-3ffa9f46b7.clean\lib\http_ntlm.c || cmake_object_order_depends_target_libcurl_shared
  CONFIG = Debug
  DEFINES = -DBUILDING_LIBCURL -DCURL_HIDDEN_SYMBOLS -DHAVE_CONFIG_H -DUNICODE -D_UNICODE -Dlibcurl_shared_EXPORTS
  FLAGS = /nologo /DWIN32 /D_WINDOWS /utf-8 /MP  /MDd /Z7 /Ob0 /Od /RTC1  -MDd -W4 -Wall -wd4061 -wd4191 -wd4255 -wd4464 -wd4548 -wd4574 -wd4668 -wd4710 -wd4711 -wd4746 -wd4820 -wd5045 -MP
  INCLUDES = -IC:\Users\19697\Documents\KeygenSDK\KeygenSDK\build-vs\vcpkg_installed\vcpkg\blds\curl\src\url-8_21_0-3ffa9f46b7.clean\include -IC:\Users\19697\Documents\KeygenSDK\KeygenSDK\build-vs\vcpkg_installed\vcpkg\blds\curl\x64-windows-dbg\lib -IC:\Users\19697\Documents\KeygenSDK\KeygenSDK\build-vs\vcpkg_installed\vcpkg\blds\curl\src\url-8_21_0-3ffa9f46b7.clean\lib -external:IC:\Users\19697\Documents\KeygenSDK\KeygenSDK\build-vs\vcpkg_installed\x64-windows\include -external:W0
  OBJECT_DIR = lib\CMakeFiles\libcurl_shared.dir
  OBJECT_FILE_DIR = lib\CMakeFiles\libcurl_shared.dir
  TARGET_COMPILE_PDB = lib\CMakeFiles\libcurl_shared.dir\
  TARGET_PDB = lib\libcurl-d.pdb
  TARGET_SUPPORT_DIR = lib\CMakeFiles\libcurl_shared.dir

build lib\CMakeFiles\libcurl_shared.dir\http_proxy.c.obj: C_COMPILER__libcurl_shared_unscanned_Debug C$:\Users\19697\Documents\KeygenSDK\KeygenSDK\build-vs\vcpkg_installed\vcpkg\blds\curl\src\url-8_21_0-3ffa9f46b7.clean\lib\http_proxy.c || cmake_object_order_depends_target_libcurl_shared
  CONFIG = Debug
  DEFINES = -DBUILDING_LIBCURL -DCURL_HIDDEN_SYMBOLS -DHAVE_CONFIG_H -DUNICODE -D_UNICODE -Dlibcurl_shared_EXPORTS
  FLAGS = /nologo /DWIN32 /D_WINDOWS /utf-8 /MP  /MDd /Z7 /Ob0 /Od /RTC1  -MDd -W4 -Wall -wd4061 -wd4191 -wd4255 -wd4464 -wd4548 -wd4574 -wd4668 -wd4710 -wd4711 -wd4746 -wd4820 -wd5045 -MP
  INCLUDES = -IC:\Users\19697\Documents\KeygenSDK\KeygenSDK\build-vs\vcpkg_installed\vcpkg\blds\curl\src\url-8_21_0-3ffa9f46b7.clean\include -IC:\Users\19697\Documents\KeygenSDK\KeygenSDK\build-vs\vcpkg_installed\vcpkg\blds\curl\x64-windows-dbg\lib -IC:\Users\19697\Documents\KeygenSDK\KeygenSDK\build-vs\vcpkg_installed\vcpkg\blds\curl\src\url-8_21_0-3ffa9f46b7.clean\lib -external:IC:\Users\19697\Documents\KeygenSDK\KeygenSDK\build-vs\vcpkg_installed\x64-windows\include -external:W0
  OBJECT_DIR = lib\CMakeFiles\libcurl_shared.dir
  OBJECT_FILE_DIR = lib\CMakeFiles\libcurl_shared.dir
  TARGET_COMPILE_PDB = lib\CMakeFiles\libcurl_shared.dir\
  TARGET_PDB = lib\libcurl-d.pdb
  TARGET_SUPPORT_DIR = lib\CMakeFiles\libcurl_shared.dir

build lib\CMakeFiles\libcurl_shared.dir\httpsrr.c.obj: C_COMPILER__libcurl_shared_unscanned_Debug C$:\Users\19697\Documents\KeygenSDK\KeygenSDK\build-vs\vcpkg_installed\vcpkg\blds\curl\src\url-8_21_0-3ffa9f46b7.clean\lib\httpsrr.c || cmake_object_order_depends_target_libcurl_shared
  CONFIG = Debug
  DEFINES = -DBUILDING_LIBCURL -DCURL_HIDDEN_SYMBOLS -DHAVE_CONFIG_H -DUNICODE -D_UNICODE -Dlibcurl_shared_EXPORTS
  FLAGS = /nologo /DWIN32 /D_WINDOWS /utf-8 /MP  /MDd /Z7 /Ob0 /Od /RTC1  -MDd -W4 -Wall -wd4061 -wd4191 -wd4255 -wd4464 -wd4548 -wd4574 -wd4668 -wd4710 -wd4711 -wd4746 -wd4820 -wd5045 -MP
  INCLUDES = -IC:\Users\19697\Documents\KeygenSDK\KeygenSDK\build-vs\vcpkg_installed\vcpkg\blds\curl\src\url-8_21_0-3ffa9f46b7.clean\include -IC:\Users\19697\Documents\KeygenSDK\KeygenSDK\build-vs\vcpkg_installed\vcpkg\blds\curl\x64-windows-dbg\lib -IC:\Users\19697\Documents\KeygenSDK\KeygenSDK\build-vs\vcpkg_installed\vcpkg\blds\curl\src\url-8_21_0-3ffa9f46b7.clean\lib -external:IC:\Users\19697\Documents\KeygenSDK\KeygenSDK\build-vs\vcpkg_installed\x64-windows\include -external:W0
  OBJECT_DIR = lib\CMakeFiles\libcurl_shared.dir
  OBJECT_FILE_DIR = lib\CMakeFiles\libcurl_shared.dir
  TARGET_COMPILE_PDB = lib\CMakeFiles\libcurl_shared.dir\
  TARGET_PDB = lib\libcurl-d.pdb
  TARGET_SUPPORT_DIR = lib\CMakeFiles\libcurl_shared.dir

build lib\CMakeFiles\libcurl_shared.dir\idn.c.obj: C_COMPILER__libcurl_shared_unscanned_Debug C$:\Users\19697\Documents\KeygenSDK\KeygenSDK\build-vs\vcpkg_installed\vcpkg\blds\curl\src\url-8_21_0-3ffa9f46b7.clean\lib\idn.c || cmake_object_order_depends_target_libcurl_shared
  CONFIG = Debug
  DEFINES = -DBUILDING_LIBCURL -DCURL_HIDDEN_SYMBOLS -DHAVE_CONFIG_H -DUNICODE -D_UNICODE -Dlibcurl_shared_EXPORTS
  FLAGS = /nologo /DWIN32 /D_WINDOWS /utf-8 /MP  /MDd /Z7 /Ob0 /Od /RTC1  -MDd -W4 -Wall -wd4061 -wd4191 -wd4255 -wd4464 -wd4548 -wd4574 -wd4668 -wd4710 -wd4711 -wd4746 -wd4820 -wd5045 -MP
  INCLUDES = -IC:\Users\19697\Documents\KeygenSDK\KeygenSDK\build-vs\vcpkg_installed\vcpkg\blds\curl\src\url-8_21_0-3ffa9f46b7.clean\include -IC:\Users\19697\Documents\KeygenSDK\KeygenSDK\build-vs\vcpkg_installed\vcpkg\blds\curl\x64-windows-dbg\lib -IC:\Users\19697\Documents\KeygenSDK\KeygenSDK\build-vs\vcpkg_installed\vcpkg\blds\curl\src\url-8_21_0-3ffa9f46b7.clean\lib -external:IC:\Users\19697\Documents\KeygenSDK\KeygenSDK\build-vs\vcpkg_installed\x64-windows\include -external:W0
  OBJECT_DIR = lib\CMakeFiles\libcurl_shared.dir
  OBJECT_FILE_DIR = lib\CMakeFiles\libcurl_shared.dir
  TARGET_COMPILE_PDB = lib\CMakeFiles\libcurl_shared.dir\
  TARGET_PDB = lib\libcurl-d.pdb
  TARGET_SUPPORT_DIR = lib\CMakeFiles\libcurl_shared.dir

build lib\CMakeFiles\libcurl_shared.dir\if2ip.c.obj: C_COMPILER__libcurl_shared_unscanned_Debug C$:\Users\19697\Documents\KeygenSDK\KeygenSDK\build-vs\vcpkg_installed\vcpkg\blds\curl\src\url-8_21_0-3ffa9f46b7.clean\lib\if2ip.c || cmake_object_order_depends_target_libcurl_shared
  CONFIG = Debug
  DEFINES = -DBUILDING_LIBCURL -DCURL_HIDDEN_SYMBOLS -DHAVE_CONFIG_H -DUNICODE -D_UNICODE -Dlibcurl_shared_EXPORTS
  FLAGS = /nologo /DWIN32 /D_WINDOWS /utf-8 /MP  /MDd /Z7 /Ob0 /Od /RTC1  -MDd -W4 -Wall -wd4061 -wd4191 -wd4255 -wd4464 -wd4548 -wd4574 -wd4668 -wd4710 -wd4711 -wd4746 -wd4820 -wd5045 -MP
  INCLUDES = -IC:\Users\19697\Documents\KeygenSDK\KeygenSDK\build-vs\vcpkg_installed\vcpkg\blds\curl\src\url-8_21_0-3ffa9f46b7.clean\include -IC:\Users\19697\Documents\KeygenSDK\KeygenSDK\build-vs\vcpkg_installed\vcpkg\blds\curl\x64-windows-dbg\lib -IC:\Users\19697\Documents\KeygenSDK\KeygenSDK\build-vs\vcpkg_installed\vcpkg\blds\curl\src\url-8_21_0-3ffa9f46b7.clean\lib -external:IC:\Users\19697\Documents\KeygenSDK\KeygenSDK\build-vs\vcpkg_installed\x64-windows\include -external:W0
  OBJECT_DIR = lib\CMakeFiles\libcurl_shared.dir
  OBJECT_FILE_DIR = lib\CMakeFiles\libcurl_shared.dir
  TARGET_COMPILE_PDB = lib\CMakeFiles\libcurl_shared.dir\
  TARGET_PDB = lib\libcurl-d.pdb
  TARGET_SUPPORT_DIR = lib\CMakeFiles\libcurl_shared.dir

build lib\CMakeFiles\libcurl_shared.dir\imap.c.obj: C_COMPILER__libcurl_shared_unscanned_Debug C$:\Users\19697\Documents\KeygenSDK\KeygenSDK\build-vs\vcpkg_installed\vcpkg\blds\curl\src\url-8_21_0-3ffa9f46b7.clean\lib\imap.c || cmake_object_order_depends_target_libcurl_shared
  CONFIG = Debug
  DEFINES = -DBUILDING_LIBCURL -DCURL_HIDDEN_SYMBOLS -DHAVE_CONFIG_H -DUNICODE -D_UNICODE -Dlibcurl_shared_EXPORTS
  FLAGS = /nologo /DWIN32 /D_WINDOWS /utf-8 /MP  /MDd /Z7 /Ob0 /Od /RTC1  -MDd -W4 -Wall -wd4061 -wd4191 -wd4255 -wd4464 -wd4548 -wd4574 -wd4668 -wd4710 -wd4711 -wd4746 -wd4820 -wd5045 -MP
  INCLUDES = -IC:\Users\19697\Documents\KeygenSDK\KeygenSDK\build-vs\vcpkg_installed\vcpkg\blds\curl\src\url-8_21_0-3ffa9f46b7.clean\include -IC:\Users\19697\Documents\KeygenSDK\KeygenSDK\build-vs\vcpkg_installed\vcpkg\blds\curl\x64-windows-dbg\lib -IC:\Users\19697\Documents\KeygenSDK\KeygenSDK\build-vs\vcpkg_installed\vcpkg\blds\curl\src\url-8_21_0-3ffa9f46b7.clean\lib -external:IC:\Users\19697\Documents\KeygenSDK\KeygenSDK\build-vs\vcpkg_installed\x64-windows\include -external:W0
  OBJECT_DIR = lib\CMakeFiles\libcurl_shared.dir
  OBJECT_FILE_DIR = lib\CMakeFiles\libcurl_shared.dir
  TARGET_COMPILE_PDB = lib\CMakeFiles\libcurl_shared.dir\
  TARGET_PDB = lib\libcurl-d.pdb
  TARGET_SUPPORT_DIR = lib\CMakeFiles\libcurl_shared.dir

build lib\CMakeFiles\libcurl_shared.dir\ldap.c.obj: C_COMPILER__libcurl_shared_unscanned_Debug C$:\Users\19697\Documents\KeygenSDK\KeygenSDK\build-vs\vcpkg_installed\vcpkg\blds\curl\src\url-8_21_0-3ffa9f46b7.clean\lib\ldap.c || cmake_object_order_depends_target_libcurl_shared
  CONFIG = Debug
  DEFINES = -DBUILDING_LIBCURL -DCURL_HIDDEN_SYMBOLS -DHAVE_CONFIG_H -DUNICODE -D_UNICODE -Dlibcurl_shared_EXPORTS
  FLAGS = /nologo /DWIN32 /D_WINDOWS /utf-8 /MP  /MDd /Z7 /Ob0 /Od /RTC1  -MDd -W4 -Wall -wd4061 -wd4191 -wd4255 -wd4464 -wd4548 -wd4574 -wd4668 -wd4710 -wd4711 -wd4746 -wd4820 -wd5045 -MP
  INCLUDES = -IC:\Users\19697\Documents\KeygenSDK\KeygenSDK\build-vs\vcpkg_installed\vcpkg\blds\curl\src\url-8_21_0-3ffa9f46b7.clean\include -IC:\Users\19697\Documents\KeygenSDK\KeygenSDK\build-vs\vcpkg_installed\vcpkg\blds\curl\x64-windows-dbg\lib -IC:\Users\19697\Documents\KeygenSDK\KeygenSDK\build-vs\vcpkg_installed\vcpkg\blds\curl\src\url-8_21_0-3ffa9f46b7.clean\lib -external:IC:\Users\19697\Documents\KeygenSDK\KeygenSDK\build-vs\vcpkg_installed\x64-windows\include -external:W0
  OBJECT_DIR = lib\CMakeFiles\libcurl_shared.dir
  OBJECT_FILE_DIR = lib\CMakeFiles\libcurl_shared.dir
  TARGET_COMPILE_PDB = lib\CMakeFiles\libcurl_shared.dir\
  TARGET_PDB = lib\libcurl-d.pdb
  TARGET_SUPPORT_DIR = lib\CMakeFiles\libcurl_shared.dir

build lib\CMakeFiles\libcurl_shared.dir\llist.c.obj: C_COMPILER__libcurl_shared_unscanned_Debug C$:\Users\19697\Documents\KeygenSDK\KeygenSDK\build-vs\vcpkg_installed\vcpkg\blds\curl\src\url-8_21_0-3ffa9f46b7.clean\lib\llist.c || cmake_object_order_depends_target_libcurl_shared
  CONFIG = Debug
  DEFINES = -DBUILDING_LIBCURL -DCURL_HIDDEN_SYMBOLS -DHAVE_CONFIG_H -DUNICODE -D_UNICODE -Dlibcurl_shared_EXPORTS
  FLAGS = /nologo /DWIN32 /D_WINDOWS /utf-8 /MP  /MDd /Z7 /Ob0 /Od /RTC1  -MDd -W4 -Wall -wd4061 -wd4191 -wd4255 -wd4464 -wd4548 -wd4574 -wd4668 -wd4710 -wd4711 -wd4746 -wd4820 -wd5045 -MP
  INCLUDES = -IC:\Users\19697\Documents\KeygenSDK\KeygenSDK\build-vs\vcpkg_installed\vcpkg\blds\curl\src\url-8_21_0-3ffa9f46b7.clean\include -IC:\Users\19697\Documents\KeygenSDK\KeygenSDK\build-vs\vcpkg_installed\vcpkg\blds\curl\x64-windows-dbg\lib -IC:\Users\19697\Documents\KeygenSDK\KeygenSDK\build-vs\vcpkg_installed\vcpkg\blds\curl\src\url-8_21_0-3ffa9f46b7.clean\lib -external:IC:\Users\19697\Documents\KeygenSDK\KeygenSDK\build-vs\vcpkg_installed\x64-windows\include -external:W0
  OBJECT_DIR = lib\CMakeFiles\libcurl_shared.dir
  OBJECT_FILE_DIR = lib\CMakeFiles\libcurl_shared.dir
  TARGET_COMPILE_PDB = lib\CMakeFiles\libcurl_shared.dir\
  TARGET_PDB = lib\libcurl-d.pdb
  TARGET_SUPPORT_DIR = lib\CMakeFiles\libcurl_shared.dir

build lib\CMakeFiles\libcurl_shared.dir\macos.c.obj: C_COMPILER__libcurl_shared_unscanned_Debug C$:\Users\19697\Documents\KeygenSDK\KeygenSDK\build-vs\vcpkg_installed\vcpkg\blds\curl\src\url-8_21_0-3ffa9f46b7.clean\lib\macos.c || cmake_object_order_depends_target_libcurl_shared
  CONFIG = Debug
  DEFINES = -DBUILDING_LIBCURL -DCURL_HIDDEN_SYMBOLS -DHAVE_CONFIG_H -DUNICODE -D_UNICODE -Dlibcurl_shared_EXPORTS
  FLAGS = /nologo /DWIN32 /D_WINDOWS /utf-8 /MP  /MDd /Z7 /Ob0 /Od /RTC1  -MDd -W4 -Wall -wd4061 -wd4191 -wd4255 -wd4464 -wd4548 -wd4574 -wd4668 -wd4710 -wd4711 -wd4746 -wd4820 -wd5045 -MP
  INCLUDES = -IC:\Users\19697\Documents\KeygenSDK\KeygenSDK\build-vs\vcpkg_installed\vcpkg\blds\curl\src\url-8_21_0-3ffa9f46b7.clean\include -IC:\Users\19697\Documents\KeygenSDK\KeygenSDK\build-vs\vcpkg_installed\vcpkg\blds\curl\x64-windows-dbg\lib -IC:\Users\19697\Documents\KeygenSDK\KeygenSDK\build-vs\vcpkg_installed\vcpkg\blds\curl\src\url-8_21_0-3ffa9f46b7.clean\lib -external:IC:\Users\19697\Documents\KeygenSDK\KeygenSDK\build-vs\vcpkg_installed\x64-windows\include -external:W0
  OBJECT_DIR = lib\CMakeFiles\libcurl_shared.dir
  OBJECT_FILE_DIR = lib\CMakeFiles\libcurl_shared.dir
  TARGET_COMPILE_PDB = lib\CMakeFiles\libcurl_shared.dir\
  TARGET_PDB = lib\libcurl-d.pdb
  TARGET_SUPPORT_DIR = lib\CMakeFiles\libcurl_shared.dir

build lib\CMakeFiles\libcurl_shared.dir\md4.c.obj: C_COMPILER__libcurl_shared_unscanned_Debug C$:\Users\19697\Documents\KeygenSDK\KeygenSDK\build-vs\vcpkg_installed\vcpkg\blds\curl\src\url-8_21_0-3ffa9f46b7.clean\lib\md4.c || cmake_object_order_depends_target_libcurl_shared
  CONFIG = Debug
  DEFINES = -DBUILDING_LIBCURL -DCURL_HIDDEN_SYMBOLS -DHAVE_CONFIG_H -DUNICODE -D_UNICODE -Dlibcurl_shared_EXPORTS
  FLAGS = /nologo /DWIN32 /D_WINDOWS /utf-8 /MP  /MDd /Z7 /Ob0 /Od /RTC1  -MDd -W4 -Wall -wd4061 -wd4191 -wd4255 -wd4464 -wd4548 -wd4574 -wd4668 -wd4710 -wd4711 -wd4746 -wd4820 -wd5045 -MP
  INCLUDES = -IC:\Users\19697\Documents\KeygenSDK\KeygenSDK\build-vs\vcpkg_installed\vcpkg\blds\curl\src\url-8_21_0-3ffa9f46b7.clean\include -IC:\Users\19697\Documents\KeygenSDK\KeygenSDK\build-vs\vcpkg_installed\vcpkg\blds\curl\x64-windows-dbg\lib -IC:\Users\19697\Documents\KeygenSDK\KeygenSDK\build-vs\vcpkg_installed\vcpkg\blds\curl\src\url-8_21_0-3ffa9f46b7.clean\lib -external:IC:\Users\19697\Documents\KeygenSDK\KeygenSDK\build-vs\vcpkg_installed\x64-windows\include -external:W0
  OBJECT_DIR = lib\CMakeFiles\libcurl_shared.dir
  OBJECT_FILE_DIR = lib\CMakeFiles\libcurl_shared.dir
  TARGET_COMPILE_PDB = lib\CMakeFiles\libcurl_shared.dir\
  TARGET_PDB = lib\libcurl-d.pdb
  TARGET_SUPPORT_DIR = lib\CMakeFiles\libcurl_shared.dir

build lib\CMakeFiles\libcurl_shared.dir\md5.c.obj: C_COMPILER__libcurl_shared_unscanned_Debug C$:\Users\19697\Documents\KeygenSDK\KeygenSDK\build-vs\vcpkg_installed\vcpkg\blds\curl\src\url-8_21_0-3ffa9f46b7.clean\lib\md5.c || cmake_object_order_depends_target_libcurl_shared
  CONFIG = Debug
  DEFINES = -DBUILDING_LIBCURL -DCURL_HIDDEN_SYMBOLS -DHAVE_CONFIG_H -DUNICODE -D_UNICODE -Dlibcurl_shared_EXPORTS
  FLAGS = /nologo /DWIN32 /D_WINDOWS /utf-8 /MP  /MDd /Z7 /Ob0 /Od /RTC1  -MDd -W4 -Wall -wd4061 -wd4191 -wd4255 -wd4464 -wd4548 -wd4574 -wd4668 -wd4710 -wd4711 -wd4746 -wd4820 -wd5045 -MP
  INCLUDES = -IC:\Users\19697\Documents\KeygenSDK\KeygenSDK\build-vs\vcpkg_installed\vcpkg\blds\curl\src\url-8_21_0-3ffa9f46b7.clean\include -IC:\Users\19697\Documents\KeygenSDK\KeygenSDK\build-vs\vcpkg_installed\vcpkg\blds\curl\x64-windows-dbg\lib -IC:\Users\19697\Documents\KeygenSDK\KeygenSDK\build-vs\vcpkg_installed\vcpkg\blds\curl\src\url-8_21_0-3ffa9f46b7.clean\lib -external:IC:\Users\19697\Documents\KeygenSDK\KeygenSDK\build-vs\vcpkg_installed\x64-windows\include -external:W0
  OBJECT_DIR = lib\CMakeFiles\libcurl_shared.dir
  OBJECT_FILE_DIR = lib\CMakeFiles\libcurl_shared.dir
  TARGET_COMPILE_PDB = lib\CMakeFiles\libcurl_shared.dir\
  TARGET_PDB = lib\libcurl-d.pdb
  TARGET_SUPPORT_DIR = lib\CMakeFiles\libcurl_shared.dir

build lib\CMakeFiles\libcurl_shared.dir\memdebug.c.obj: C_COMPILER__libcurl_shared_unscanned_Debug C$:\Users\19697\Documents\KeygenSDK\KeygenSDK\build-vs\vcpkg_installed\vcpkg\blds\curl\src\url-8_21_0-3ffa9f46b7.clean\lib\memdebug.c || cmake_object_order_depends_target_libcurl_shared
  CONFIG = Debug
  DEFINES = -DBUILDING_LIBCURL -DCURL_HIDDEN_SYMBOLS -DHAVE_CONFIG_H -DUNICODE -D_UNICODE -Dlibcurl_shared_EXPORTS
  FLAGS = /nologo /DWIN32 /D_WINDOWS /utf-8 /MP  /MDd /Z7 /Ob0 /Od /RTC1  -MDd -W4 -Wall -wd4061 -wd4191 -wd4255 -wd4464 -wd4548 -wd4574 -wd4668 -wd4710 -wd4711 -wd4746 -wd4820 -wd5045 -MP
  INCLUDES = -IC:\Users\19697\Documents\KeygenSDK\KeygenSDK\build-vs\vcpkg_installed\vcpkg\blds\curl\src\url-8_21_0-3ffa9f46b7.clean\include -IC:\Users\19697\Documents\KeygenSDK\KeygenSDK\build-vs\vcpkg_installed\vcpkg\blds\curl\x64-windows-dbg\lib -IC:\Users\19697\Documents\KeygenSDK\KeygenSDK\build-vs\vcpkg_installed\vcpkg\blds\curl\src\url-8_21_0-3ffa9f46b7.clean\lib -external:IC:\Users\19697\Documents\KeygenSDK\KeygenSDK\build-vs\vcpkg_installed\x64-windows\include -external:W0
  OBJECT_DIR = lib\CMakeFiles\libcurl_shared.dir
  OBJECT_FILE_DIR = lib\CMakeFiles\libcurl_shared.dir
  TARGET_COMPILE_PDB = lib\CMakeFiles\libcurl_shared.dir\
  TARGET_PDB = lib\libcurl-d.pdb
  TARGET_SUPPORT_DIR = lib\CMakeFiles\libcurl_shared.dir

build lib\CMakeFiles\libcurl_shared.dir\mime.c.obj: C_COMPILER__libcurl_shared_unscanned_Debug C$:\Users\19697\Documents\KeygenSDK\KeygenSDK\build-vs\vcpkg_installed\vcpkg\blds\curl\src\url-8_21_0-3ffa9f46b7.clean\lib\mime.c || cmake_object_order_depends_target_libcurl_shared
  CONFIG = Debug
  DEFINES = -DBUILDING_LIBCURL -DCURL_HIDDEN_SYMBOLS -DHAVE_CONFIG_H -DUNICODE -D_UNICODE -Dlibcurl_shared_EXPORTS
  FLAGS = /nologo /DWIN32 /D_WINDOWS /utf-8 /MP  /MDd /Z7 /Ob0 /Od /RTC1  -MDd -W4 -Wall -wd4061 -wd4191 -wd4255 -wd4464 -wd4548 -wd4574 -wd4668 -wd4710 -wd4711 -wd4746 -wd4820 -wd5045 -MP
  INCLUDES = -IC:\Users\19697\Documents\KeygenSDK\KeygenSDK\build-vs\vcpkg_installed\vcpkg\blds\curl\src\url-8_21_0-3ffa9f46b7.clean\include -IC:\Users\19697\Documents\KeygenSDK\KeygenSDK\build-vs\vcpkg_installed\vcpkg\blds\curl\x64-windows-dbg\lib -IC:\Users\19697\Documents\KeygenSDK\KeygenSDK\build-vs\vcpkg_installed\vcpkg\blds\curl\src\url-8_21_0-3ffa9f46b7.clean\lib -external:IC:\Users\19697\Documents\KeygenSDK\KeygenSDK\build-vs\vcpkg_installed\x64-windows\include -external:W0
  OBJECT_DIR = lib\CMakeFiles\libcurl_shared.dir
  OBJECT_FILE_DIR = lib\CMakeFiles\libcurl_shared.dir
  TARGET_COMPILE_PDB = lib\CMakeFiles\libcurl_shared.dir\
  TARGET_PDB = lib\libcurl-d.pdb
  TARGET_SUPPORT_DIR = lib\CMakeFiles\libcurl_shared.dir

build lib\CMakeFiles\libcurl_shared.dir\mprintf.c.obj: C_COMPILER__libcurl_shared_unscanned_Debug C$:\Users\19697\Documents\KeygenSDK\KeygenSDK\build-vs\vcpkg_installed\vcpkg\blds\curl\src\url-8_21_0-3ffa9f46b7.clean\lib\mprintf.c || cmake_object_order_depends_target_libcurl_shared
  CONFIG = Debug
  DEFINES = -DBUILDING_LIBCURL -DCURL_HIDDEN_SYMBOLS -DHAVE_CONFIG_H -DUNICODE -D_UNICODE -Dlibcurl_shared_EXPORTS
  FLAGS = /nologo /DWIN32 /D_WINDOWS /utf-8 /MP  /MDd /Z7 /Ob0 /Od /RTC1  -MDd -W4 -Wall -wd4061 -wd4191 -wd4255 -wd4464 -wd4548 -wd4574 -wd4668 -wd4710 -wd4711 -wd4746 -wd4820 -wd5045 -MP
  INCLUDES = -IC:\Users\19697\Documents\KeygenSDK\KeygenSDK\build-vs\vcpkg_installed\vcpkg\blds\curl\src\url-8_21_0-3ffa9f46b7.clean\include -IC:\Users\19697\Documents\KeygenSDK\KeygenSDK\build-vs\vcpkg_installed\vcpkg\blds\curl\x64-windows-dbg\lib -IC:\Users\19697\Documents\KeygenSDK\KeygenSDK\build-vs\vcpkg_installed\vcpkg\blds\curl\src\url-8_21_0-3ffa9f46b7.clean\lib -external:IC:\Users\19697\Documents\KeygenSDK\KeygenSDK\build-vs\vcpkg_installed\x64-windows\include -external:W0
  OBJECT_DIR = lib\CMakeFiles\libcurl_shared.dir
  OBJECT_FILE_DIR = lib\CMakeFiles\libcurl_shared.dir
  TARGET_COMPILE_PDB = lib\CMakeFiles\libcurl_shared.dir\
  TARGET_PDB = lib\libcurl-d.pdb
  TARGET_SUPPORT_DIR = lib\CMakeFiles\libcurl_shared.dir

build lib\CMakeFiles\libcurl_shared.dir\mqtt.c.obj: C_COMPILER__libcurl_shared_unscanned_Debug C$:\Users\19697\Documents\KeygenSDK\KeygenSDK\build-vs\vcpkg_installed\vcpkg\blds\curl\src\url-8_21_0-3ffa9f46b7.clean\lib\mqtt.c || cmake_object_order_depends_target_libcurl_shared
  CONFIG = Debug
  DEFINES = -DBUILDING_LIBCURL -DCURL_HIDDEN_SYMBOLS -DHAVE_CONFIG_H -DUNICODE -D_UNICODE -Dlibcurl_shared_EXPORTS
  FLAGS = /nologo /DWIN32 /D_WINDOWS /utf-8 /MP  /MDd /Z7 /Ob0 /Od /RTC1  -MDd -W4 -Wall -wd4061 -wd4191 -wd4255 -wd4464 -wd4548 -wd4574 -wd4668 -wd4710 -wd4711 -wd4746 -wd4820 -wd5045 -MP
  INCLUDES = -IC:\Users\19697\Documents\KeygenSDK\KeygenSDK\build-vs\vcpkg_installed\vcpkg\blds\curl\src\url-8_21_0-3ffa9f46b7.clean\include -IC:\Users\19697\Documents\KeygenSDK\KeygenSDK\build-vs\vcpkg_installed\vcpkg\blds\curl\x64-windows-dbg\lib -IC:\Users\19697\Documents\KeygenSDK\KeygenSDK\build-vs\vcpkg_installed\vcpkg\blds\curl\src\url-8_21_0-3ffa9f46b7.clean\lib -external:IC:\Users\19697\Documents\KeygenSDK\KeygenSDK\build-vs\vcpkg_installed\x64-windows\include -external:W0
  OBJECT_DIR = lib\CMakeFiles\libcurl_shared.dir
  OBJECT_FILE_DIR = lib\CMakeFiles\libcurl_shared.dir
  TARGET_COMPILE_PDB = lib\CMakeFiles\libcurl_shared.dir\
  TARGET_PDB = lib\libcurl-d.pdb
  TARGET_SUPPORT_DIR = lib\CMakeFiles\libcurl_shared.dir

build lib\CMakeFiles\libcurl_shared.dir\multi.c.obj: C_COMPILER__libcurl_shared_unscanned_Debug C$:\Users\19697\Documents\KeygenSDK\KeygenSDK\build-vs\vcpkg_installed\vcpkg\blds\curl\src\url-8_21_0-3ffa9f46b7.clean\lib\multi.c || cmake_object_order_depends_target_libcurl_shared
  CONFIG = Debug
  DEFINES = -DBUILDING_LIBCURL -DCURL_HIDDEN_SYMBOLS -DHAVE_CONFIG_H -DUNICODE -D_UNICODE -Dlibcurl_shared_EXPORTS
  FLAGS = /nologo /DWIN32 /D_WINDOWS /utf-8 /MP  /MDd /Z7 /Ob0 /Od /RTC1  -MDd -W4 -Wall -wd4061 -wd4191 -wd4255 -wd4464 -wd4548 -wd4574 -wd4668 -wd4710 -wd4711 -wd4746 -wd4820 -wd5045 -MP
  INCLUDES = -IC:\Users\19697\Documents\KeygenSDK\KeygenSDK\build-vs\vcpkg_installed\vcpkg\blds\curl\src\url-8_21_0-3ffa9f46b7.clean\include -IC:\Users\19697\Documents\KeygenSDK\KeygenSDK\build-vs\vcpkg_installed\vcpkg\blds\curl\x64-windows-dbg\lib -IC:\Users\19697\Documents\KeygenSDK\KeygenSDK\build-vs\vcpkg_installed\vcpkg\blds\curl\src\url-8_21_0-3ffa9f46b7.clean\lib -external:IC:\Users\19697\Documents\KeygenSDK\KeygenSDK\build-vs\vcpkg_installed\x64-windows\include -external:W0
  OBJECT_DIR = lib\CMakeFiles\libcurl_shared.dir
  OBJECT_FILE_DIR = lib\CMakeFiles\libcurl_shared.dir
  TARGET_COMPILE_PDB = lib\CMakeFiles\libcurl_shared.dir\
  TARGET_PDB = lib\libcurl-d.pdb
  TARGET_SUPPORT_DIR = lib\CMakeFiles\libcurl_shared.dir

build lib\CMakeFiles\libcurl_shared.dir\multi_ev.c.obj: C_COMPILER__libcurl_shared_unscanned_Debug C$:\Users\19697\Documents\KeygenSDK\KeygenSDK\build-vs\vcpkg_installed\vcpkg\blds\curl\src\url-8_21_0-3ffa9f46b7.clean\lib\multi_ev.c || cmake_object_order_depends_target_libcurl_shared
  CONFIG = Debug
  DEFINES = -DBUILDING_LIBCURL -DCURL_HIDDEN_SYMBOLS -DHAVE_CONFIG_H -DUNICODE -D_UNICODE -Dlibcurl_shared_EXPORTS
  FLAGS = /nologo /DWIN32 /D_WINDOWS /utf-8 /MP  /MDd /Z7 /Ob0 /Od /RTC1  -MDd -W4 -Wall -wd4061 -wd4191 -wd4255 -wd4464 -wd4548 -wd4574 -wd4668 -wd4710 -wd4711 -wd4746 -wd4820 -wd5045 -MP
  INCLUDES = -IC:\Users\19697\Documents\KeygenSDK\KeygenSDK\build-vs\vcpkg_installed\vcpkg\blds\curl\src\url-8_21_0-3ffa9f46b7.clean\include -IC:\Users\19697\Documents\KeygenSDK\KeygenSDK\build-vs\vcpkg_installed\vcpkg\blds\curl\x64-windows-dbg\lib -IC:\Users\19697\Documents\KeygenSDK\KeygenSDK\build-vs\vcpkg_installed\vcpkg\blds\curl\src\url-8_21_0-3ffa9f46b7.clean\lib -external:IC:\Users\19697\Documents\KeygenSDK\KeygenSDK\build-vs\vcpkg_installed\x64-windows\include -external:W0
  OBJECT_DIR = lib\CMakeFiles\libcurl_shared.dir
  OBJECT_FILE_DIR = lib\CMakeFiles\libcurl_shared.dir
  TARGET_COMPILE_PDB = lib\CMakeFiles\libcurl_shared.dir\
  TARGET_PDB = lib\libcurl-d.pdb
  TARGET_SUPPORT_DIR = lib\CMakeFiles\libcurl_shared.dir

build lib\CMakeFiles\libcurl_shared.dir\multi_ntfy.c.obj: C_COMPILER__libcurl_shared_unscanned_Debug C$:\Users\19697\Documents\KeygenSDK\KeygenSDK\build-vs\vcpkg_installed\vcpkg\blds\curl\src\url-8_21_0-3ffa9f46b7.clean\lib\multi_ntfy.c || cmake_object_order_depends_target_libcurl_shared
  CONFIG = Debug
  DEFINES = -DBUILDING_LIBCURL -DCURL_HIDDEN_SYMBOLS -DHAVE_CONFIG_H -DUNICODE -D_UNICODE -Dlibcurl_shared_EXPORTS
  FLAGS = /nologo /DWIN32 /D_WINDOWS /utf-8 /MP  /MDd /Z7 /Ob0 /Od /RTC1  -MDd -W4 -Wall -wd4061 -wd4191 -wd4255 -wd4464 -wd4548 -wd4574 -wd4668 -wd4710 -wd4711 -wd4746 -wd4820 -wd5045 -MP
  INCLUDES = -IC:\Users\19697\Documents\KeygenSDK\KeygenSDK\build-vs\vcpkg_installed\vcpkg\blds\curl\src\url-8_21_0-3ffa9f46b7.clean\include -IC:\Users\19697\Documents\KeygenSDK\KeygenSDK\build-vs\vcpkg_installed\vcpkg\blds\curl\x64-windows-dbg\lib -IC:\Users\19697\Documents\KeygenSDK\KeygenSDK\build-vs\vcpkg_installed\vcpkg\blds\curl\src\url-8_21_0-3ffa9f46b7.clean\lib -external:IC:\Users\19697\Documents\KeygenSDK\KeygenSDK\build-vs\vcpkg_installed\x64-windows\include -external:W0
  OBJECT_DIR = lib\CMakeFiles\libcurl_shared.dir
  OBJECT_FILE_DIR = lib\CMakeFiles\libcurl_shared.dir
  TARGET_COMPILE_PDB = lib\CMakeFiles\libcurl_shared.dir\
  TARGET_PDB = lib\libcurl-d.pdb
  TARGET_SUPPORT_DIR = lib\CMakeFiles\libcurl_shared.dir

build lib\CMakeFiles\libcurl_shared.dir\netrc.c.obj: C_COMPILER__libcurl_shared_unscanned_Debug C$:\Users\19697\Documents\KeygenSDK\KeygenSDK\build-vs\vcpkg_installed\vcpkg\blds\curl\src\url-8_21_0-3ffa9f46b7.clean\lib\netrc.c || cmake_object_order_depends_target_libcurl_shared
  CONFIG = Debug
  DEFINES = -DBUILDING_LIBCURL -DCURL_HIDDEN_SYMBOLS -DHAVE_CONFIG_H -DUNICODE -D_UNICODE -Dlibcurl_shared_EXPORTS
  FLAGS = /nologo /DWIN32 /D_WINDOWS /utf-8 /MP  /MDd /Z7 /Ob0 /Od /RTC1  -MDd -W4 -Wall -wd4061 -wd4191 -wd4255 -wd4464 -wd4548 -wd4574 -wd4668 -wd4710 -wd4711 -wd4746 -wd4820 -wd5045 -MP
  INCLUDES = -IC:\Users\19697\Documents\KeygenSDK\KeygenSDK\build-vs\vcpkg_installed\vcpkg\blds\curl\src\url-8_21_0-3ffa9f46b7.clean\include -IC:\Users\19697\Documents\KeygenSDK\KeygenSDK\build-vs\vcpkg_installed\vcpkg\blds\curl\x64-windows-dbg\lib -IC:\Users\19697\Documents\KeygenSDK\KeygenSDK\build-vs\vcpkg_installed\vcpkg\blds\curl\src\url-8_21_0-3ffa9f46b7.clean\lib -external:IC:\Users\19697\Documents\KeygenSDK\KeygenSDK\build-vs\vcpkg_installed\x64-windows\include -external:W0
  OBJECT_DIR = lib\CMakeFiles\libcurl_shared.dir
  OBJECT_FILE_DIR = lib\CMakeFiles\libcurl_shared.dir
  TARGET_COMPILE_PDB = lib\CMakeFiles\libcurl_shared.dir\
  TARGET_PDB = lib\libcurl-d.pdb
  TARGET_SUPPORT_DIR = lib\CMakeFiles\libcurl_shared.dir

build lib\CMakeFiles\libcurl_shared.dir\openldap.c.obj: C_COMPILER__libcurl_shared_unscanned_Debug C$:\Users\19697\Documents\KeygenSDK\KeygenSDK\build-vs\vcpkg_installed\vcpkg\blds\curl\src\url-8_21_0-3ffa9f46b7.clean\lib\openldap.c || cmake_object_order_depends_target_libcurl_shared
  CONFIG = Debug
  DEFINES = -DBUILDING_LIBCURL -DCURL_HIDDEN_SYMBOLS -DHAVE_CONFIG_H -DUNICODE -D_UNICODE -Dlibcurl_shared_EXPORTS
  FLAGS = /nologo /DWIN32 /D_WINDOWS /utf-8 /MP  /MDd /Z7 /Ob0 /Od /RTC1  -MDd -W4 -Wall -wd4061 -wd4191 -wd4255 -wd4464 -wd4548 -wd4574 -wd4668 -wd4710 -wd4711 -wd4746 -wd4820 -wd5045 -MP
  INCLUDES = -IC:\Users\19697\Documents\KeygenSDK\KeygenSDK\build-vs\vcpkg_installed\vcpkg\blds\curl\src\url-8_21_0-3ffa9f46b7.clean\include -IC:\Users\19697\Documents\KeygenSDK\KeygenSDK\build-vs\vcpkg_installed\vcpkg\blds\curl\x64-windows-dbg\lib -IC:\Users\19697\Documents\KeygenSDK\KeygenSDK\build-vs\vcpkg_installed\vcpkg\blds\curl\src\url-8_21_0-3ffa9f46b7.clean\lib -external:IC:\Users\19697\Documents\KeygenSDK\KeygenSDK\build-vs\vcpkg_installed\x64-windows\include -external:W0
  OBJECT_DIR = lib\CMakeFiles\libcurl_shared.dir
  OBJECT_FILE_DIR = lib\CMakeFiles\libcurl_shared.dir
  TARGET_COMPILE_PDB = lib\CMakeFiles\libcurl_shared.dir\
  TARGET_PDB = lib\libcurl-d.pdb
  TARGET_SUPPORT_DIR = lib\CMakeFiles\libcurl_shared.dir

build lib\CMakeFiles\libcurl_shared.dir\parsedate.c.obj: C_COMPILER__libcurl_shared_unscanned_Debug C$:\Users\19697\Documents\KeygenSDK\KeygenSDK\build-vs\vcpkg_installed\vcpkg\blds\curl\src\url-8_21_0-3ffa9f46b7.clean\lib\parsedate.c || cmake_object_order_depends_target_libcurl_shared
  CONFIG = Debug
  DEFINES = -DBUILDING_LIBCURL -DCURL_HIDDEN_SYMBOLS -DHAVE_CONFIG_H -DUNICODE -D_UNICODE -Dlibcurl_shared_EXPORTS
  FLAGS = /nologo /DWIN32 /D_WINDOWS /utf-8 /MP  /MDd /Z7 /Ob0 /Od /RTC1  -MDd -W4 -Wall -wd4061 -wd4191 -wd4255 -wd4464 -wd4548 -wd4574 -wd4668 -wd4710 -wd4711 -wd4746 -wd4820 -wd5045 -MP
  INCLUDES = -IC:\Users\19697\Documents\KeygenSDK\KeygenSDK\build-vs\vcpkg_installed\vcpkg\blds\curl\src\url-8_21_0-3ffa9f46b7.clean\include -IC:\Users\19697\Documents\KeygenSDK\KeygenSDK\build-vs\vcpkg_installed\vcpkg\blds\curl\x64-windows-dbg\lib -IC:\Users\19697\Documents\KeygenSDK\KeygenSDK\build-vs\vcpkg_installed\vcpkg\blds\curl\src\url-8_21_0-3ffa9f46b7.clean\lib -external:IC:\Users\19697\Documents\KeygenSDK\KeygenSDK\build-vs\vcpkg_installed\x64-windows\include -external:W0
  OBJECT_DIR = lib\CMakeFiles\libcurl_shared.dir
  OBJECT_FILE_DIR = lib\CMakeFiles\libcurl_shared.dir
  TARGET_COMPILE_PDB = lib\CMakeFiles\libcurl_shared.dir\
  TARGET_PDB = lib\libcurl-d.pdb
  TARGET_SUPPORT_DIR = lib\CMakeFiles\libcurl_shared.dir

build lib\CMakeFiles\libcurl_shared.dir\peer.c.obj: C_COMPILER__libcurl_shared_unscanned_Debug C$:\Users\19697\Documents\KeygenSDK\KeygenSDK\build-vs\vcpkg_installed\vcpkg\blds\curl\src\url-8_21_0-3ffa9f46b7.clean\lib\peer.c || cmake_object_order_depends_target_libcurl_shared
  CONFIG = Debug
  DEFINES = -DBUILDING_LIBCURL -DCURL_HIDDEN_SYMBOLS -DHAVE_CONFIG_H -DUNICODE -D_UNICODE -Dlibcurl_shared_EXPORTS
  FLAGS = /nologo /DWIN32 /D_WINDOWS /utf-8 /MP  /MDd /Z7 /Ob0 /Od /RTC1  -MDd -W4 -Wall -wd4061 -wd4191 -wd4255 -wd4464 -wd4548 -wd4574 -wd4668 -wd4710 -wd4711 -wd4746 -wd4820 -wd5045 -MP
  INCLUDES = -IC:\Users\19697\Documents\KeygenSDK\KeygenSDK\build-vs\vcpkg_installed\vcpkg\blds\curl\src\url-8_21_0-3ffa9f46b7.clean\include -IC:\Users\19697\Documents\KeygenSDK\KeygenSDK\build-vs\vcpkg_installed\vcpkg\blds\curl\x64-windows-dbg\lib -IC:\Users\19697\Documents\KeygenSDK\KeygenSDK\build-vs\vcpkg_installed\vcpkg\blds\curl\src\url-8_21_0-3ffa9f46b7.clean\lib -external:IC:\Users\19697\Documents\KeygenSDK\KeygenSDK\build-vs\vcpkg_installed\x64-windows\include -external:W0
  OBJECT_DIR = lib\CMakeFiles\libcurl_shared.dir
  OBJECT_FILE_DIR = lib\CMakeFiles\libcurl_shared.dir
  TARGET_COMPILE_PDB = lib\CMakeFiles\libcurl_shared.dir\
  TARGET_PDB = lib\libcurl-d.pdb
  TARGET_SUPPORT_DIR = lib\CMakeFiles\libcurl_shared.dir

build lib\CMakeFiles\libcurl_shared.dir\pingpong.c.obj: C_COMPILER__libcurl_shared_unscanned_Debug C$:\Users\19697\Documents\KeygenSDK\KeygenSDK\build-vs\vcpkg_installed\vcpkg\blds\curl\src\url-8_21_0-3ffa9f46b7.clean\lib\pingpong.c || cmake_object_order_depends_target_libcurl_shared
  CONFIG = Debug
  DEFINES = -DBUILDING_LIBCURL -DCURL_HIDDEN_SYMBOLS -DHAVE_CONFIG_H -DUNICODE -D_UNICODE -Dlibcurl_shared_EXPORTS
  FLAGS = /nologo /DWIN32 /D_WINDOWS /utf-8 /MP  /MDd /Z7 /Ob0 /Od /RTC1  -MDd -W4 -Wall -wd4061 -wd4191 -wd4255 -wd4464 -wd4548 -wd4574 -wd4668 -wd4710 -wd4711 -wd4746 -wd4820 -wd5045 -MP
  INCLUDES = -IC:\Users\19697\Documents\KeygenSDK\KeygenSDK\build-vs\vcpkg_installed\vcpkg\blds\curl\src\url-8_21_0-3ffa9f46b7.clean\include -IC:\Users\19697\Documents\KeygenSDK\KeygenSDK\build-vs\vcpkg_installed\vcpkg\blds\curl\x64-windows-dbg\lib -IC:\Users\19697\Documents\KeygenSDK\KeygenSDK\build-vs\vcpkg_installed\vcpkg\blds\curl\src\url-8_21_0-3ffa9f46b7.clean\lib -external:IC:\Users\19697\Documents\KeygenSDK\KeygenSDK\build-vs\vcpkg_installed\x64-windows\include -external:W0
  OBJECT_DIR = lib\CMakeFiles\libcurl_shared.dir
  OBJECT_FILE_DIR = lib\CMakeFiles\libcurl_shared.dir
  TARGET_COMPILE_PDB = lib\CMakeFiles\libcurl_shared.dir\
  TARGET_PDB = lib\libcurl-d.pdb
  TARGET_SUPPORT_DIR = lib\CMakeFiles\libcurl_shared.dir

build lib\CMakeFiles\libcurl_shared.dir\pop3.c.obj: C_COMPILER__libcurl_shared_unscanned_Debug C$:\Users\19697\Documents\KeygenSDK\KeygenSDK\build-vs\vcpkg_installed\vcpkg\blds\curl\src\url-8_21_0-3ffa9f46b7.clean\lib\pop3.c || cmake_object_order_depends_target_libcurl_shared
  CONFIG = Debug
  DEFINES = -DBUILDING_LIBCURL -DCURL_HIDDEN_SYMBOLS -DHAVE_CONFIG_H -DUNICODE -D_UNICODE -Dlibcurl_shared_EXPORTS
  FLAGS = /nologo /DWIN32 /D_WINDOWS /utf-8 /MP  /MDd /Z7 /Ob0 /Od /RTC1  -MDd -W4 -Wall -wd4061 -wd4191 -wd4255 -wd4464 -wd4548 -wd4574 -wd4668 -wd4710 -wd4711 -wd4746 -wd4820 -wd5045 -MP
  INCLUDES = -IC:\Users\19697\Documents\KeygenSDK\KeygenSDK\build-vs\vcpkg_installed\vcpkg\blds\curl\src\url-8_21_0-3ffa9f46b7.clean\include -IC:\Users\19697\Documents\KeygenSDK\KeygenSDK\build-vs\vcpkg_installed\vcpkg\blds\curl\x64-windows-dbg\lib -IC:\Users\19697\Documents\KeygenSDK\KeygenSDK\build-vs\vcpkg_installed\vcpkg\blds\curl\src\url-8_21_0-3ffa9f46b7.clean\lib -external:IC:\Users\19697\Documents\KeygenSDK\KeygenSDK\build-vs\vcpkg_installed\x64-windows\include -external:W0
  OBJECT_DIR = lib\CMakeFiles\libcurl_shared.dir
  OBJECT_FILE_DIR = lib\CMakeFiles\libcurl_shared.dir
  TARGET_COMPILE_PDB = lib\CMakeFiles\libcurl_shared.dir\
  TARGET_PDB = lib\libcurl-d.pdb
  TARGET_SUPPORT_DIR = lib\CMakeFiles\libcurl_shared.dir

build lib\CMakeFiles\libcurl_shared.dir\progress.c.obj: C_COMPILER__libcurl_shared_unscanned_Debug C$:\Users\19697\Documents\KeygenSDK\KeygenSDK\build-vs\vcpkg_installed\vcpkg\blds\curl\src\url-8_21_0-3ffa9f46b7.clean\lib\progress.c || cmake_object_order_depends_target_libcurl_shared
  CONFIG = Debug
  DEFINES = -DBUILDING_LIBCURL -DCURL_HIDDEN_SYMBOLS -DHAVE_CONFIG_H -DUNICODE -D_UNICODE -Dlibcurl_shared_EXPORTS
  FLAGS = /nologo /DWIN32 /D_WINDOWS /utf-8 /MP  /MDd /Z7 /Ob0 /Od /RTC1  -MDd -W4 -Wall -wd4061 -wd4191 -wd4255 -wd4464 -wd4548 -wd4574 -wd4668 -wd4710 -wd4711 -wd4746 -wd4820 -wd5045 -MP
  INCLUDES = -IC:\Users\19697\Documents\KeygenSDK\KeygenSDK\build-vs\vcpkg_installed\vcpkg\blds\curl\src\url-8_21_0-3ffa9f46b7.clean\include -IC:\Users\19697\Documents\KeygenSDK\KeygenSDK\build-vs\vcpkg_installed\vcpkg\blds\curl\x64-windows-dbg\lib -IC:\Users\19697\Documents\KeygenSDK\KeygenSDK\build-vs\vcpkg_installed\vcpkg\blds\curl\src\url-8_21_0-3ffa9f46b7.clean\lib -external:IC:\Users\19697\Documents\KeygenSDK\KeygenSDK\build-vs\vcpkg_installed\x64-windows\include -external:W0
  OBJECT_DIR = lib\CMakeFiles\libcurl_shared.dir
  OBJECT_FILE_DIR = lib\CMakeFiles\libcurl_shared.dir
  TARGET_COMPILE_PDB = lib\CMakeFiles\libcurl_shared.dir\
  TARGET_PDB = lib\libcurl-d.pdb
  TARGET_SUPPORT_DIR = lib\CMakeFiles\libcurl_shared.dir

build lib\CMakeFiles\libcurl_shared.dir\protocol.c.obj: C_COMPILER__libcurl_shared_unscanned_Debug C$:\Users\19697\Documents\KeygenSDK\KeygenSDK\build-vs\vcpkg_installed\vcpkg\blds\curl\src\url-8_21_0-3ffa9f46b7.clean\lib\protocol.c || cmake_object_order_depends_target_libcurl_shared
  CONFIG = Debug
  DEFINES = -DBUILDING_LIBCURL -DCURL_HIDDEN_SYMBOLS -DHAVE_CONFIG_H -DUNICODE -D_UNICODE -Dlibcurl_shared_EXPORTS
  FLAGS = /nologo /DWIN32 /D_WINDOWS /utf-8 /MP  /MDd /Z7 /Ob0 /Od /RTC1  -MDd -W4 -Wall -wd4061 -wd4191 -wd4255 -wd4464 -wd4548 -wd4574 -wd4668 -wd4710 -wd4711 -wd4746 -wd4820 -wd5045 -MP
  INCLUDES = -IC:\Users\19697\Documents\KeygenSDK\KeygenSDK\build-vs\vcpkg_installed\vcpkg\blds\curl\src\url-8_21_0-3ffa9f46b7.clean\include -IC:\Users\19697\Documents\KeygenSDK\KeygenSDK\build-vs\vcpkg_installed\vcpkg\blds\curl\x64-windows-dbg\lib -IC:\Users\19697\Documents\KeygenSDK\KeygenSDK\build-vs\vcpkg_installed\vcpkg\blds\curl\src\url-8_21_0-3ffa9f46b7.clean\lib -external:IC:\Users\19697\Documents\KeygenSDK\KeygenSDK\build-vs\vcpkg_installed\x64-windows\include -external:W0
  OBJECT_DIR = lib\CMakeFiles\libcurl_shared.dir
  OBJECT_FILE_DIR = lib\CMakeFiles\libcurl_shared.dir
  TARGET_COMPILE_PDB = lib\CMakeFiles\libcurl_shared.dir\
  TARGET_PDB = lib\libcurl-d.pdb
  TARGET_SUPPORT_DIR = lib\CMakeFiles\libcurl_shared.dir

build lib\CMakeFiles\libcurl_shared.dir\proxy.c.obj: C_COMPILER__libcurl_shared_unscanned_Debug C$:\Users\19697\Documents\KeygenSDK\KeygenSDK\build-vs\vcpkg_installed\vcpkg\blds\curl\src\url-8_21_0-3ffa9f46b7.clean\lib\proxy.c || cmake_object_order_depends_target_libcurl_shared
  CONFIG = Debug
  DEFINES = -DBUILDING_LIBCURL -DCURL_HIDDEN_SYMBOLS -DHAVE_CONFIG_H -DUNICODE -D_UNICODE -Dlibcurl_shared_EXPORTS
  FLAGS = /nologo /DWIN32 /D_WINDOWS /utf-8 /MP  /MDd /Z7 /Ob0 /Od /RTC1  -MDd -W4 -Wall -wd4061 -wd4191 -wd4255 -wd4464 -wd4548 -wd4574 -wd4668 -wd4710 -wd4711 -wd4746 -wd4820 -wd5045 -MP
  INCLUDES = -IC:\Users\19697\Documents\KeygenSDK\KeygenSDK\build-vs\vcpkg_installed\vcpkg\blds\curl\src\url-8_21_0-3ffa9f46b7.clean\include -IC:\Users\19697\Documents\KeygenSDK\KeygenSDK\build-vs\vcpkg_installed\vcpkg\blds\curl\x64-windows-dbg\lib -IC:\Users\19697\Documents\KeygenSDK\KeygenSDK\build-vs\vcpkg_installed\vcpkg\blds\curl\src\url-8_21_0-3ffa9f46b7.clean\lib -external:IC:\Users\19697\Documents\KeygenSDK\KeygenSDK\build-vs\vcpkg_installed\x64-windows\include -external:W0
  OBJECT_DIR = lib\CMakeFiles\libcurl_shared.dir
  OBJECT_FILE_DIR = lib\CMakeFiles\libcurl_shared.dir
  TARGET_COMPILE_PDB = lib\CMakeFiles\libcurl_shared.dir\
  TARGET_PDB = lib\libcurl-d.pdb
  TARGET_SUPPORT_DIR = lib\CMakeFiles\libcurl_shared.dir

build lib\CMakeFiles\libcurl_shared.dir\psl.c.obj: C_COMPILER__libcurl_shared_unscanned_Debug C$:\Users\19697\Documents\KeygenSDK\KeygenSDK\build-vs\vcpkg_installed\vcpkg\blds\curl\src\url-8_21_0-3ffa9f46b7.clean\lib\psl.c || cmake_object_order_depends_target_libcurl_shared
  CONFIG = Debug
  DEFINES = -DBUILDING_LIBCURL -DCURL_HIDDEN_SYMBOLS -DHAVE_CONFIG_H -DUNICODE -D_UNICODE -Dlibcurl_shared_EXPORTS
  FLAGS = /nologo /DWIN32 /D_WINDOWS /utf-8 /MP  /MDd /Z7 /Ob0 /Od /RTC1  -MDd -W4 -Wall -wd4061 -wd4191 -wd4255 -wd4464 -wd4548 -wd4574 -wd4668 -wd4710 -wd4711 -wd4746 -wd4820 -wd5045 -MP
  INCLUDES = -IC:\Users\19697\Documents\KeygenSDK\KeygenSDK\build-vs\vcpkg_installed\vcpkg\blds\curl\src\url-8_21_0-3ffa9f46b7.clean\include -IC:\Users\19697\Documents\KeygenSDK\KeygenSDK\build-vs\vcpkg_installed\vcpkg\blds\curl\x64-windows-dbg\lib -IC:\Users\19697\Documents\KeygenSDK\KeygenSDK\build-vs\vcpkg_installed\vcpkg\blds\curl\src\url-8_21_0-3ffa9f46b7.clean\lib -external:IC:\Users\19697\Documents\KeygenSDK\KeygenSDK\build-vs\vcpkg_installed\x64-windows\include -external:W0
  OBJECT_DIR = lib\CMakeFiles\libcurl_shared.dir
  OBJECT_FILE_DIR = lib\CMakeFiles\libcurl_shared.dir
  TARGET_COMPILE_PDB = lib\CMakeFiles\libcurl_shared.dir\
  TARGET_PDB = lib\libcurl-d.pdb
  TARGET_SUPPORT_DIR = lib\CMakeFiles\libcurl_shared.dir

build lib\CMakeFiles\libcurl_shared.dir\rand.c.obj: C_COMPILER__libcurl_shared_unscanned_Debug C$:\Users\19697\Documents\KeygenSDK\KeygenSDK\build-vs\vcpkg_installed\vcpkg\blds\curl\src\url-8_21_0-3ffa9f46b7.clean\lib\rand.c || cmake_object_order_depends_target_libcurl_shared
  CONFIG = Debug
  DEFINES = -DBUILDING_LIBCURL -DCURL_HIDDEN_SYMBOLS -DHAVE_CONFIG_H -DUNICODE -D_UNICODE -Dlibcurl_shared_EXPORTS
  FLAGS = /nologo /DWIN32 /D_WINDOWS /utf-8 /MP  /MDd /Z7 /Ob0 /Od /RTC1  -MDd -W4 -Wall -wd4061 -wd4191 -wd4255 -wd4464 -wd4548 -wd4574 -wd4668 -wd4710 -wd4711 -wd4746 -wd4820 -wd5045 -MP
  INCLUDES = -IC:\Users\19697\Documents\KeygenSDK\KeygenSDK\build-vs\vcpkg_installed\vcpkg\blds\curl\src\url-8_21_0-3ffa9f46b7.clean\include -IC:\Users\19697\Documents\KeygenSDK\KeygenSDK\build-vs\vcpkg_installed\vcpkg\blds\curl\x64-windows-dbg\lib -IC:\Users\19697\Documents\KeygenSDK\KeygenSDK\build-vs\vcpkg_installed\vcpkg\blds\curl\src\url-8_21_0-3ffa9f46b7.clean\lib -external:IC:\Users\19697\Documents\KeygenSDK\KeygenSDK\build-vs\vcpkg_installed\x64-windows\include -external:W0
  OBJECT_DIR = lib\CMakeFiles\libcurl_shared.dir
  OBJECT_FILE_DIR = lib\CMakeFiles\libcurl_shared.dir
  TARGET_COMPILE_PDB = lib\CMakeFiles\libcurl_shared.dir\
  TARGET_PDB = lib\libcurl-d.pdb
  TARGET_SUPPORT_DIR = lib\CMakeFiles\libcurl_shared.dir

build lib\CMakeFiles\libcurl_shared.dir\ratelimit.c.obj: C_COMPILER__libcurl_shared_unscanned_Debug C$:\Users\19697\Documents\KeygenSDK\KeygenSDK\build-vs\vcpkg_installed\vcpkg\blds\curl\src\url-8_21_0-3ffa9f46b7.clean\lib\ratelimit.c || cmake_object_order_depends_target_libcurl_shared
  CONFIG = Debug
  DEFINES = -DBUILDING_LIBCURL -DCURL_HIDDEN_SYMBOLS -DHAVE_CONFIG_H -DUNICODE -D_UNICODE -Dlibcurl_shared_EXPORTS
  FLAGS = /nologo /DWIN32 /D_WINDOWS /utf-8 /MP  /MDd /Z7 /Ob0 /Od /RTC1  -MDd -W4 -Wall -wd4061 -wd4191 -wd4255 -wd4464 -wd4548 -wd4574 -wd4668 -wd4710 -wd4711 -wd4746 -wd4820 -wd5045 -MP
  INCLUDES = -IC:\Users\19697\Documents\KeygenSDK\KeygenSDK\build-vs\vcpkg_installed\vcpkg\blds\curl\src\url-8_21_0-3ffa9f46b7.clean\include -IC:\Users\19697\Documents\KeygenSDK\KeygenSDK\build-vs\vcpkg_installed\vcpkg\blds\curl\x64-windows-dbg\lib -IC:\Users\19697\Documents\KeygenSDK\KeygenSDK\build-vs\vcpkg_installed\vcpkg\blds\curl\src\url-8_21_0-3ffa9f46b7.clean\lib -external:IC:\Users\19697\Documents\KeygenSDK\KeygenSDK\build-vs\vcpkg_installed\x64-windows\include -external:W0
  OBJECT_DIR = lib\CMakeFiles\libcurl_shared.dir
  OBJECT_FILE_DIR = lib\CMakeFiles\libcurl_shared.dir
  TARGET_COMPILE_PDB = lib\CMakeFiles\libcurl_shared.dir\
  TARGET_PDB = lib\libcurl-d.pdb
  TARGET_SUPPORT_DIR = lib\CMakeFiles\libcurl_shared.dir

build lib\CMakeFiles\libcurl_shared.dir\request.c.obj: C_COMPILER__libcurl_shared_unscanned_Debug C$:\Users\19697\Documents\KeygenSDK\KeygenSDK\build-vs\vcpkg_installed\vcpkg\blds\curl\src\url-8_21_0-3ffa9f46b7.clean\lib\request.c || cmake_object_order_depends_target_libcurl_shared
  CONFIG = Debug
  DEFINES = -DBUILDING_LIBCURL -DCURL_HIDDEN_SYMBOLS -DHAVE_CONFIG_H -DUNICODE -D_UNICODE -Dlibcurl_shared_EXPORTS
  FLAGS = /nologo /DWIN32 /D_WINDOWS /utf-8 /MP  /MDd /Z7 /Ob0 /Od /RTC1  -MDd -W4 -Wall -wd4061 -wd4191 -wd4255 -wd4464 -wd4548 -wd4574 -wd4668 -wd4710 -wd4711 -wd4746 -wd4820 -wd5045 -MP
  INCLUDES = -IC:\Users\19697\Documents\KeygenSDK\KeygenSDK\build-vs\vcpkg_installed\vcpkg\blds\curl\src\url-8_21_0-3ffa9f46b7.clean\include -IC:\Users\19697\Documents\KeygenSDK\KeygenSDK\build-vs\vcpkg_installed\vcpkg\blds\curl\x64-windows-dbg\lib -IC:\Users\19697\Documents\KeygenSDK\KeygenSDK\build-vs\vcpkg_installed\vcpkg\blds\curl\src\url-8_21_0-3ffa9f46b7.clean\lib -external:IC:\Users\19697\Documents\KeygenSDK\KeygenSDK\build-vs\vcpkg_installed\x64-windows\include -external:W0
  OBJECT_DIR = lib\CMakeFiles\libcurl_shared.dir
  OBJECT_FILE_DIR = lib\CMakeFiles\libcurl_shared.dir
  TARGET_COMPILE_PDB = lib\CMakeFiles\libcurl_shared.dir\
  TARGET_PDB = lib\libcurl-d.pdb
  TARGET_SUPPORT_DIR = lib\CMakeFiles\libcurl_shared.dir

build lib\CMakeFiles\libcurl_shared.dir\rtsp.c.obj: C_COMPILER__libcurl_shared_unscanned_Debug C$:\Users\19697\Documents\KeygenSDK\KeygenSDK\build-vs\vcpkg_installed\vcpkg\blds\curl\src\url-8_21_0-3ffa9f46b7.clean\lib\rtsp.c || cmake_object_order_depends_target_libcurl_shared
  CONFIG = Debug
  DEFINES = -DBUILDING_LIBCURL -DCURL_HIDDEN_SYMBOLS -DHAVE_CONFIG_H -DUNICODE -D_UNICODE -Dlibcurl_shared_EXPORTS
  FLAGS = /nologo /DWIN32 /D_WINDOWS /utf-8 /MP  /MDd /Z7 /Ob0 /Od /RTC1  -MDd -W4 -Wall -wd4061 -wd4191 -wd4255 -wd4464 -wd4548 -wd4574 -wd4668 -wd4710 -wd4711 -wd4746 -wd4820 -wd5045 -MP
  INCLUDES = -IC:\Users\19697\Documents\KeygenSDK\KeygenSDK\build-vs\vcpkg_installed\vcpkg\blds\curl\src\url-8_21_0-3ffa9f46b7.clean\include -IC:\Users\19697\Documents\KeygenSDK\KeygenSDK\build-vs\vcpkg_installed\vcpkg\blds\curl\x64-windows-dbg\lib -IC:\Users\19697\Documents\KeygenSDK\KeygenSDK\build-vs\vcpkg_installed\vcpkg\blds\curl\src\url-8_21_0-3ffa9f46b7.clean\lib -external:IC:\Users\19697\Documents\KeygenSDK\KeygenSDK\build-vs\vcpkg_installed\x64-windows\include -external:W0
  OBJECT_DIR = lib\CMakeFiles\libcurl_shared.dir
  OBJECT_FILE_DIR = lib\CMakeFiles\libcurl_shared.dir
  TARGET_COMPILE_PDB = lib\CMakeFiles\libcurl_shared.dir\
  TARGET_PDB = lib\libcurl-d.pdb
  TARGET_SUPPORT_DIR = lib\CMakeFiles\libcurl_shared.dir

build lib\CMakeFiles\libcurl_shared.dir\select.c.obj: C_COMPILER__libcurl_shared_unscanned_Debug C$:\Users\19697\Documents\KeygenSDK\KeygenSDK\build-vs\vcpkg_installed\vcpkg\blds\curl\src\url-8_21_0-3ffa9f46b7.clean\lib\select.c || cmake_object_order_depends_target_libcurl_shared
  CONFIG = Debug
  DEFINES = -DBUILDING_LIBCURL -DCURL_HIDDEN_SYMBOLS -DHAVE_CONFIG_H -DUNICODE -D_UNICODE -Dlibcurl_shared_EXPORTS
  FLAGS = /nologo /DWIN32 /D_WINDOWS /utf-8 /MP  /MDd /Z7 /Ob0 /Od /RTC1  -MDd -W4 -Wall -wd4061 -wd4191 -wd4255 -wd4464 -wd4548 -wd4574 -wd4668 -wd4710 -wd4711 -wd4746 -wd4820 -wd5045 -MP
  INCLUDES = -IC:\Users\19697\Documents\KeygenSDK\KeygenSDK\build-vs\vcpkg_installed\vcpkg\blds\curl\src\url-8_21_0-3ffa9f46b7.clean\include -IC:\Users\19697\Documents\KeygenSDK\KeygenSDK\build-vs\vcpkg_installed\vcpkg\blds\curl\x64-windows-dbg\lib -IC:\Users\19697\Documents\KeygenSDK\KeygenSDK\build-vs\vcpkg_installed\vcpkg\blds\curl\src\url-8_21_0-3ffa9f46b7.clean\lib -external:IC:\Users\19697\Documents\KeygenSDK\KeygenSDK\build-vs\vcpkg_installed\x64-windows\include -external:W0
  OBJECT_DIR = lib\CMakeFiles\libcurl_shared.dir
  OBJECT_FILE_DIR = lib\CMakeFiles\libcurl_shared.dir
  TARGET_COMPILE_PDB = lib\CMakeFiles\libcurl_shared.dir\
  TARGET_PDB = lib\libcurl-d.pdb
  TARGET_SUPPORT_DIR = lib\CMakeFiles\libcurl_shared.dir

build lib\CMakeFiles\libcurl_shared.dir\sendf.c.obj: C_COMPILER__libcurl_shared_unscanned_Debug C$:\Users\19697\Documents\KeygenSDK\KeygenSDK\build-vs\vcpkg_installed\vcpkg\blds\curl\src\url-8_21_0-3ffa9f46b7.clean\lib\sendf.c || cmake_object_order_depends_target_libcurl_shared
  CONFIG = Debug
  DEFINES = -DBUILDING_LIBCURL -DCURL_HIDDEN_SYMBOLS -DHAVE_CONFIG_H -DUNICODE -D_UNICODE -Dlibcurl_shared_EXPORTS
  FLAGS = /nologo /DWIN32 /D_WINDOWS /utf-8 /MP  /MDd /Z7 /Ob0 /Od /RTC1  -MDd -W4 -Wall -wd4061 -wd4191 -wd4255 -wd4464 -wd4548 -wd4574 -wd4668 -wd4710 -wd4711 -wd4746 -wd4820 -wd5045 -MP
  INCLUDES = -IC:\Users\19697\Documents\KeygenSDK\KeygenSDK\build-vs\vcpkg_installed\vcpkg\blds\curl\src\url-8_21_0-3ffa9f46b7.clean\include -IC:\Users\19697\Documents\KeygenSDK\KeygenSDK\build-vs\vcpkg_installed\vcpkg\blds\curl\x64-windows-dbg\lib -IC:\Users\19697\Documents\KeygenSDK\KeygenSDK\build-vs\vcpkg_installed\vcpkg\blds\curl\src\url-8_21_0-3ffa9f46b7.clean\lib -external:IC:\Users\19697\Documents\KeygenSDK\KeygenSDK\build-vs\vcpkg_installed\x64-windows\include -external:W0
  OBJECT_DIR = lib\CMakeFiles\libcurl_shared.dir
  OBJECT_FILE_DIR = lib\CMakeFiles\libcurl_shared.dir
  TARGET_COMPILE_PDB = lib\CMakeFiles\libcurl_shared.dir\
  TARGET_PDB = lib\libcurl-d.pdb
  TARGET_SUPPORT_DIR = lib\CMakeFiles\libcurl_shared.dir

build lib\CMakeFiles\libcurl_shared.dir\setopt.c.obj: C_COMPILER__libcurl_shared_unscanned_Debug C$:\Users\19697\Documents\KeygenSDK\KeygenSDK\build-vs\vcpkg_installed\vcpkg\blds\curl\src\url-8_21_0-3ffa9f46b7.clean\lib\setopt.c || cmake_object_order_depends_target_libcurl_shared
  CONFIG = Debug
  DEFINES = -DBUILDING_LIBCURL -DCURL_HIDDEN_SYMBOLS -DHAVE_CONFIG_H -DUNICODE -D_UNICODE -Dlibcurl_shared_EXPORTS
  FLAGS = /nologo /DWIN32 /D_WINDOWS /utf-8 /MP  /MDd /Z7 /Ob0 /Od /RTC1  -MDd -W4 -Wall -wd4061 -wd4191 -wd4255 -wd4464 -wd4548 -wd4574 -wd4668 -wd4710 -wd4711 -wd4746 -wd4820 -wd5045 -MP
  INCLUDES = -IC:\Users\19697\Documents\KeygenSDK\KeygenSDK\build-vs\vcpkg_installed\vcpkg\blds\curl\src\url-8_21_0-3ffa9f46b7.clean\include -IC:\Users\19697\Documents\KeygenSDK\KeygenSDK\build-vs\vcpkg_installed\vcpkg\blds\curl\x64-windows-dbg\lib -IC:\Users\19697\Documents\KeygenSDK\KeygenSDK\build-vs\vcpkg_installed\vcpkg\blds\curl\src\url-8_21_0-3ffa9f46b7.clean\lib -external:IC:\Users\19697\Documents\KeygenSDK\KeygenSDK\build-vs\vcpkg_installed\x64-windows\include -external:W0
  OBJECT_DIR = lib\CMakeFiles\libcurl_shared.dir
  OBJECT_FILE_DIR = lib\CMakeFiles\libcurl_shared.dir
  TARGET_COMPILE_PDB = lib\CMakeFiles\libcurl_shared.dir\
  TARGET_PDB = lib\libcurl-d.pdb
  TARGET_SUPPORT_DIR = lib\CMakeFiles\libcurl_shared.dir

build lib\CMakeFiles\libcurl_shared.dir\sha256.c.obj: C_COMPILER__libcurl_shared_unscanned_Debug C$:\Users\19697\Documents\KeygenSDK\KeygenSDK\build-vs\vcpkg_installed\vcpkg\blds\curl\src\url-8_21_0-3ffa9f46b7.clean\lib\sha256.c || cmake_object_order_depends_target_libcurl_shared
  CONFIG = Debug
  DEFINES = -DBUILDING_LIBCURL -DCURL_HIDDEN_SYMBOLS -DHAVE_CONFIG_H -DUNICODE -D_UNICODE -Dlibcurl_shared_EXPORTS
  FLAGS = /nologo /DWIN32 /D_WINDOWS /utf-8 /MP  /MDd /Z7 /Ob0 /Od /RTC1  -MDd -W4 -Wall -wd4061 -wd4191 -wd4255 -wd4464 -wd4548 -wd4574 -wd4668 -wd4710 -wd4711 -wd4746 -wd4820 -wd5045 -MP
  INCLUDES = -IC:\Users\19697\Documents\KeygenSDK\KeygenSDK\build-vs\vcpkg_installed\vcpkg\blds\curl\src\url-8_21_0-3ffa9f46b7.clean\include -IC:\Users\19697\Documents\KeygenSDK\KeygenSDK\build-vs\vcpkg_installed\vcpkg\blds\curl\x64-windows-dbg\lib -IC:\Users\19697\Documents\KeygenSDK\KeygenSDK\build-vs\vcpkg_installed\vcpkg\blds\curl\src\url-8_21_0-3ffa9f46b7.clean\lib -external:IC:\Users\19697\Documents\KeygenSDK\KeygenSDK\build-vs\vcpkg_installed\x64-windows\include -external:W0
  OBJECT_DIR = lib\CMakeFiles\libcurl_shared.dir
  OBJECT_FILE_DIR = lib\CMakeFiles\libcurl_shared.dir
  TARGET_COMPILE_PDB = lib\CMakeFiles\libcurl_shared.dir\
  TARGET_PDB = lib\libcurl-d.pdb
  TARGET_SUPPORT_DIR = lib\CMakeFiles\libcurl_shared.dir

build lib\CMakeFiles\libcurl_shared.dir\slist.c.obj: C_COMPILER__libcurl_shared_unscanned_Debug C$:\Users\19697\Documents\KeygenSDK\KeygenSDK\build-vs\vcpkg_installed\vcpkg\blds\curl\src\url-8_21_0-3ffa9f46b7.clean\lib\slist.c || cmake_object_order_depends_target_libcurl_shared
  CONFIG = Debug
  DEFINES = -DBUILDING_LIBCURL -DCURL_HIDDEN_SYMBOLS -DHAVE_CONFIG_H -DUNICODE -D_UNICODE -Dlibcurl_shared_EXPORTS
  FLAGS = /nologo /DWIN32 /D_WINDOWS /utf-8 /MP  /MDd /Z7 /Ob0 /Od /RTC1  -MDd -W4 -Wall -wd4061 -wd4191 -wd4255 -wd4464 -wd4548 -wd4574 -wd4668 -wd4710 -wd4711 -wd4746 -wd4820 -wd5045 -MP
  INCLUDES = -IC:\Users\19697\Documents\KeygenSDK\KeygenSDK\build-vs\vcpkg_installed\vcpkg\blds\curl\src\url-8_21_0-3ffa9f46b7.clean\include -IC:\Users\19697\Documents\KeygenSDK\KeygenSDK\build-vs\vcpkg_installed\vcpkg\blds\curl\x64-windows-dbg\lib -IC:\Users\19697\Documents\KeygenSDK\KeygenSDK\build-vs\vcpkg_installed\vcpkg\blds\curl\src\url-8_21_0-3ffa9f46b7.clean\lib -external:IC:\Users\19697\Documents\KeygenSDK\KeygenSDK\build-vs\vcpkg_installed\x64-windows\include -external:W0
  OBJECT_DIR = lib\CMakeFiles\libcurl_shared.dir
  OBJECT_FILE_DIR = lib\CMakeFiles\libcurl_shared.dir
  TARGET_COMPILE_PDB = lib\CMakeFiles\libcurl_shared.dir\
  TARGET_PDB = lib\libcurl-d.pdb
  TARGET_SUPPORT_DIR = lib\CMakeFiles\libcurl_shared.dir

build lib\CMakeFiles\libcurl_shared.dir\smb.c.obj: C_COMPILER__libcurl_shared_unscanned_Debug C$:\Users\19697\Documents\KeygenSDK\KeygenSDK\build-vs\vcpkg_installed\vcpkg\blds\curl\src\url-8_21_0-3ffa9f46b7.clean\lib\smb.c || cmake_object_order_depends_target_libcurl_shared
  CONFIG = Debug
  DEFINES = -DBUILDING_LIBCURL -DCURL_HIDDEN_SYMBOLS -DHAVE_CONFIG_H -DUNICODE -D_UNICODE -Dlibcurl_shared_EXPORTS
  FLAGS = /nologo /DWIN32 /D_WINDOWS /utf-8 /MP  /MDd /Z7 /Ob0 /Od /RTC1  -MDd -W4 -Wall -wd4061 -wd4191 -wd4255 -wd4464 -wd4548 -wd4574 -wd4668 -wd4710 -wd4711 -wd4746 -wd4820 -wd5045 -MP
  INCLUDES = -IC:\Users\19697\Documents\KeygenSDK\KeygenSDK\build-vs\vcpkg_installed\vcpkg\blds\curl\src\url-8_21_0-3ffa9f46b7.clean\include -IC:\Users\19697\Documents\KeygenSDK\KeygenSDK\build-vs\vcpkg_installed\vcpkg\blds\curl\x64-windows-dbg\lib -IC:\Users\19697\Documents\KeygenSDK\KeygenSDK\build-vs\vcpkg_installed\vcpkg\blds\curl\src\url-8_21_0-3ffa9f46b7.clean\lib -external:IC:\Users\19697\Documents\KeygenSDK\KeygenSDK\build-vs\vcpkg_installed\x64-windows\include -external:W0
  OBJECT_DIR = lib\CMakeFiles\libcurl_shared.dir
  OBJECT_FILE_DIR = lib\CMakeFiles\libcurl_shared.dir
  TARGET_COMPILE_PDB = lib\CMakeFiles\libcurl_shared.dir\
  TARGET_PDB = lib\libcurl-d.pdb
  TARGET_SUPPORT_DIR = lib\CMakeFiles\libcurl_shared.dir

build lib\CMakeFiles\libcurl_shared.dir\smtp.c.obj: C_COMPILER__libcurl_shared_unscanned_Debug C$:\Users\19697\Documents\KeygenSDK\KeygenSDK\build-vs\vcpkg_installed\vcpkg\blds\curl\src\url-8_21_0-3ffa9f46b7.clean\lib\smtp.c || cmake_object_order_depends_target_libcurl_shared
  CONFIG = Debug
  DEFINES = -DBUILDING_LIBCURL -DCURL_HIDDEN_SYMBOLS -DHAVE_CONFIG_H -DUNICODE -D_UNICODE -Dlibcurl_shared_EXPORTS
  FLAGS = /nologo /DWIN32 /D_WINDOWS /utf-8 /MP  /MDd /Z7 /Ob0 /Od /RTC1  -MDd -W4 -Wall -wd4061 -wd4191 -wd4255 -wd4464 -wd4548 -wd4574 -wd4668 -wd4710 -wd4711 -wd4746 -wd4820 -wd5045 -MP
  INCLUDES = -IC:\Users\19697\Documents\KeygenSDK\KeygenSDK\build-vs\vcpkg_installed\vcpkg\blds\curl\src\url-8_21_0-3ffa9f46b7.clean\include -IC:\Users\19697\Documents\KeygenSDK\KeygenSDK\build-vs\vcpkg_installed\vcpkg\blds\curl\x64-windows-dbg\lib -IC:\Users\19697\Documents\KeygenSDK\KeygenSDK\build-vs\vcpkg_installed\vcpkg\blds\curl\src\url-8_21_0-3ffa9f46b7.clean\lib -external:IC:\Users\19697\Documents\KeygenSDK\KeygenSDK\build-vs\vcpkg_installed\x64-windows\include -external:W0
  OBJECT_DIR = lib\CMakeFiles\libcurl_shared.dir
  OBJECT_FILE_DIR = lib\CMakeFiles\libcurl_shared.dir
  TARGET_COMPILE_PDB = lib\CMakeFiles\libcurl_shared.dir\
  TARGET_PDB = lib\libcurl-d.pdb
  TARGET_SUPPORT_DIR = lib\CMakeFiles\libcurl_shared.dir

build lib\CMakeFiles\libcurl_shared.dir\socketpair.c.obj: C_COMPILER__libcurl_shared_unscanned_Debug C$:\Users\19697\Documents\KeygenSDK\KeygenSDK\build-vs\vcpkg_installed\vcpkg\blds\curl\src\url-8_21_0-3ffa9f46b7.clean\lib\socketpair.c || cmake_object_order_depends_target_libcurl_shared
  CONFIG = Debug
  DEFINES = -DBUILDING_LIBCURL -DCURL_HIDDEN_SYMBOLS -DHAVE_CONFIG_H -DUNICODE -D_UNICODE -Dlibcurl_shared_EXPORTS
  FLAGS = /nologo /DWIN32 /D_WINDOWS /utf-8 /MP  /MDd /Z7 /Ob0 /Od /RTC1  -MDd -W4 -Wall -wd4061 -wd4191 -wd4255 -wd4464 -wd4548 -wd4574 -wd4668 -wd4710 -wd4711 -wd4746 -wd4820 -wd5045 -MP
  INCLUDES = -IC:\Users\19697\Documents\KeygenSDK\KeygenSDK\build-vs\vcpkg_installed\vcpkg\blds\curl\src\url-8_21_0-3ffa9f46b7.clean\include -IC:\Users\19697\Documents\KeygenSDK\KeygenSDK\build-vs\vcpkg_installed\vcpkg\blds\curl\x64-windows-dbg\lib -IC:\Users\19697\Documents\KeygenSDK\KeygenSDK\build-vs\vcpkg_installed\vcpkg\blds\curl\src\url-8_21_0-3ffa9f46b7.clean\lib -external:IC:\Users\19697\Documents\KeygenSDK\KeygenSDK\build-vs\vcpkg_installed\x64-windows\include -external:W0
  OBJECT_DIR = lib\CMakeFiles\libcurl_shared.dir
  OBJECT_FILE_DIR = lib\CMakeFiles\libcurl_shared.dir
  TARGET_COMPILE_PDB = lib\CMakeFiles\libcurl_shared.dir\
  TARGET_PDB = lib\libcurl-d.pdb
  TARGET_SUPPORT_DIR = lib\CMakeFiles\libcurl_shared.dir

build lib\CMakeFiles\libcurl_shared.dir\socks.c.obj: C_COMPILER__libcurl_shared_unscanned_Debug C$:\Users\19697\Documents\KeygenSDK\KeygenSDK\build-vs\vcpkg_installed\vcpkg\blds\curl\src\url-8_21_0-3ffa9f46b7.clean\lib\socks.c || cmake_object_order_depends_target_libcurl_shared
  CONFIG = Debug
  DEFINES = -DBUILDING_LIBCURL -DCURL_HIDDEN_SYMBOLS -DHAVE_CONFIG_H -DUNICODE -D_UNICODE -Dlibcurl_shared_EXPORTS
  FLAGS = /nologo /DWIN32 /D_WINDOWS /utf-8 /MP  /MDd /Z7 /Ob0 /Od /RTC1  -MDd -W4 -Wall -wd4061 -wd4191 -wd4255 -wd4464 -wd4548 -wd4574 -wd4668 -wd4710 -wd4711 -wd4746 -wd4820 -wd5045 -MP
  INCLUDES = -IC:\Users\19697\Documents\KeygenSDK\KeygenSDK\build-vs\vcpkg_installed\vcpkg\blds\curl\src\url-8_21_0-3ffa9f46b7.clean\include -IC:\Users\19697\Documents\KeygenSDK\KeygenSDK\build-vs\vcpkg_installed\vcpkg\blds\curl\x64-windows-dbg\lib -IC:\Users\19697\Documents\KeygenSDK\KeygenSDK\build-vs\vcpkg_installed\vcpkg\blds\curl\src\url-8_21_0-3ffa9f46b7.clean\lib -external:IC:\Users\19697\Documents\KeygenSDK\KeygenSDK\build-vs\vcpkg_installed\x64-windows\include -external:W0
  OBJECT_DIR = lib\CMakeFiles\libcurl_shared.dir
  OBJECT_FILE_DIR = lib\CMakeFiles\libcurl_shared.dir
  TARGET_COMPILE_PDB = lib\CMakeFiles\libcurl_shared.dir\
  TARGET_PDB = lib\libcurl-d.pdb
  TARGET_SUPPORT_DIR = lib\CMakeFiles\libcurl_shared.dir

build lib\CMakeFiles\libcurl_shared.dir\socks_gssapi.c.obj: C_COMPILER__libcurl_shared_unscanned_Debug C$:\Users\19697\Documents\KeygenSDK\KeygenSDK\build-vs\vcpkg_installed\vcpkg\blds\curl\src\url-8_21_0-3ffa9f46b7.clean\lib\socks_gssapi.c || cmake_object_order_depends_target_libcurl_shared
  CONFIG = Debug
  DEFINES = -DBUILDING_LIBCURL -DCURL_HIDDEN_SYMBOLS -DHAVE_CONFIG_H -DUNICODE -D_UNICODE -Dlibcurl_shared_EXPORTS
  FLAGS = /nologo /DWIN32 /D_WINDOWS /utf-8 /MP  /MDd /Z7 /Ob0 /Od /RTC1  -MDd -W4 -Wall -wd4061 -wd4191 -wd4255 -wd4464 -wd4548 -wd4574 -wd4668 -wd4710 -wd4711 -wd4746 -wd4820 -wd5045 -MP
  INCLUDES = -IC:\Users\19697\Documents\KeygenSDK\KeygenSDK\build-vs\vcpkg_installed\vcpkg\blds\curl\src\url-8_21_0-3ffa9f46b7.clean\include -IC:\Users\19697\Documents\KeygenSDK\KeygenSDK\build-vs\vcpkg_installed\vcpkg\blds\curl\x64-windows-dbg\lib -IC:\Users\19697\Documents\KeygenSDK\KeygenSDK\build-vs\vcpkg_installed\vcpkg\blds\curl\src\url-8_21_0-3ffa9f46b7.clean\lib -external:IC:\Users\19697\Documents\KeygenSDK\KeygenSDK\build-vs\vcpkg_installed\x64-windows\include -external:W0
  OBJECT_DIR = lib\CMakeFiles\libcurl_shared.dir
  OBJECT_FILE_DIR = lib\CMakeFiles\libcurl_shared.dir
  TARGET_COMPILE_PDB = lib\CMakeFiles\libcurl_shared.dir\
  TARGET_PDB = lib\libcurl-d.pdb
  TARGET_SUPPORT_DIR = lib\CMakeFiles\libcurl_shared.dir

build lib\CMakeFiles\libcurl_shared.dir\socks_sspi.c.obj: C_COMPILER__libcurl_shared_unscanned_Debug C$:\Users\19697\Documents\KeygenSDK\KeygenSDK\build-vs\vcpkg_installed\vcpkg\blds\curl\src\url-8_21_0-3ffa9f46b7.clean\lib\socks_sspi.c || cmake_object_order_depends_target_libcurl_shared
  CONFIG = Debug
  DEFINES = -DBUILDING_LIBCURL -DCURL_HIDDEN_SYMBOLS -DHAVE_CONFIG_H -DUNICODE -D_UNICODE -Dlibcurl_shared_EXPORTS
  FLAGS = /nologo /DWIN32 /D_WINDOWS /utf-8 /MP  /MDd /Z7 /Ob0 /Od /RTC1  -MDd -W4 -Wall -wd4061 -wd4191 -wd4255 -wd4464 -wd4548 -wd4574 -wd4668 -wd4710 -wd4711 -wd4746 -wd4820 -wd5045 -MP
  INCLUDES = -IC:\Users\19697\Documents\KeygenSDK\KeygenSDK\build-vs\vcpkg_installed\vcpkg\blds\curl\src\url-8_21_0-3ffa9f46b7.clean\include -IC:\Users\19697\Documents\KeygenSDK\KeygenSDK\build-vs\vcpkg_installed\vcpkg\blds\curl\x64-windows-dbg\lib -IC:\Users\19697\Documents\KeygenSDK\KeygenSDK\build-vs\vcpkg_installed\vcpkg\blds\curl\src\url-8_21_0-3ffa9f46b7.clean\lib -external:IC:\Users\19697\Documents\KeygenSDK\KeygenSDK\build-vs\vcpkg_installed\x64-windows\include -external:W0
  OBJECT_DIR = lib\CMakeFiles\libcurl_shared.dir
  OBJECT_FILE_DIR = lib\CMakeFiles\libcurl_shared.dir
  TARGET_COMPILE_PDB = lib\CMakeFiles\libcurl_shared.dir\
  TARGET_PDB = lib\libcurl-d.pdb
  TARGET_SUPPORT_DIR = lib\CMakeFiles\libcurl_shared.dir

build lib\CMakeFiles\libcurl_shared.dir\splay.c.obj: C_COMPILER__libcurl_shared_unscanned_Debug C$:\Users\19697\Documents\KeygenSDK\KeygenSDK\build-vs\vcpkg_installed\vcpkg\blds\curl\src\url-8_21_0-3ffa9f46b7.clean\lib\splay.c || cmake_object_order_depends_target_libcurl_shared
  CONFIG = Debug
  DEFINES = -DBUILDING_LIBCURL -DCURL_HIDDEN_SYMBOLS -DHAVE_CONFIG_H -DUNICODE -D_UNICODE -Dlibcurl_shared_EXPORTS
  FLAGS = /nologo /DWIN32 /D_WINDOWS /utf-8 /MP  /MDd /Z7 /Ob0 /Od /RTC1  -MDd -W4 -Wall -wd4061 -wd4191 -wd4255 -wd4464 -wd4548 -wd4574 -wd4668 -wd4710 -wd4711 -wd4746 -wd4820 -wd5045 -MP
  INCLUDES = -IC:\Users\19697\Documents\KeygenSDK\KeygenSDK\build-vs\vcpkg_installed\vcpkg\blds\curl\src\url-8_21_0-3ffa9f46b7.clean\include -IC:\Users\19697\Documents\KeygenSDK\KeygenSDK\build-vs\vcpkg_installed\vcpkg\blds\curl\x64-windows-dbg\lib -IC:\Users\19697\Documents\KeygenSDK\KeygenSDK\build-vs\vcpkg_installed\vcpkg\blds\curl\src\url-8_21_0-3ffa9f46b7.clean\lib -external:IC:\Users\19697\Documents\KeygenSDK\KeygenSDK\build-vs\vcpkg_installed\x64-windows\include -external:W0
  OBJECT_DIR = lib\CMakeFiles\libcurl_shared.dir
  OBJECT_FILE_DIR = lib\CMakeFiles\libcurl_shared.dir
  TARGET_COMPILE_PDB = lib\CMakeFiles\libcurl_shared.dir\
  TARGET_PDB = lib\libcurl-d.pdb
  TARGET_SUPPORT_DIR = lib\CMakeFiles\libcurl_shared.dir

build lib\CMakeFiles\libcurl_shared.dir\strcase.c.obj: C_COMPILER__libcurl_shared_unscanned_Debug C$:\Users\19697\Documents\KeygenSDK\KeygenSDK\build-vs\vcpkg_installed\vcpkg\blds\curl\src\url-8_21_0-3ffa9f46b7.clean\lib\strcase.c || cmake_object_order_depends_target_libcurl_shared
  CONFIG = Debug
  DEFINES = -DBUILDING_LIBCURL -DCURL_HIDDEN_SYMBOLS -DHAVE_CONFIG_H -DUNICODE -D_UNICODE -Dlibcurl_shared_EXPORTS
  FLAGS = /nologo /DWIN32 /D_WINDOWS /utf-8 /MP  /MDd /Z7 /Ob0 /Od /RTC1  -MDd -W4 -Wall -wd4061 -wd4191 -wd4255 -wd4464 -wd4548 -wd4574 -wd4668 -wd4710 -wd4711 -wd4746 -wd4820 -wd5045 -MP
  INCLUDES = -IC:\Users\19697\Documents\KeygenSDK\KeygenSDK\build-vs\vcpkg_installed\vcpkg\blds\curl\src\url-8_21_0-3ffa9f46b7.clean\include -IC:\Users\19697\Documents\KeygenSDK\KeygenSDK\build-vs\vcpkg_installed\vcpkg\blds\curl\x64-windows-dbg\lib -IC:\Users\19697\Documents\KeygenSDK\KeygenSDK\build-vs\vcpkg_installed\vcpkg\blds\curl\src\url-8_21_0-3ffa9f46b7.clean\lib -external:IC:\Users\19697\Documents\KeygenSDK\KeygenSDK\build-vs\vcpkg_installed\x64-windows\include -external:W0
  OBJECT_DIR = lib\CMakeFiles\libcurl_shared.dir
  OBJECT_FILE_DIR = lib\CMakeFiles\libcurl_shared.dir
  TARGET_COMPILE_PDB = lib\CMakeFiles\libcurl_shared.dir\
  TARGET_PDB = lib\libcurl-d.pdb
  TARGET_SUPPORT_DIR = lib\CMakeFiles\libcurl_shared.dir

build lib\CMakeFiles\libcurl_shared.dir\strequal.c.obj: C_COMPILER__libcurl_shared_unscanned_Debug C$:\Users\19697\Documents\KeygenSDK\KeygenSDK\build-vs\vcpkg_installed\vcpkg\blds\curl\src\url-8_21_0-3ffa9f46b7.clean\lib\strequal.c || cmake_object_order_depends_target_libcurl_shared
  CONFIG = Debug
  DEFINES = -DBUILDING_LIBCURL -DCURL_HIDDEN_SYMBOLS -DHAVE_CONFIG_H -DUNICODE -D_UNICODE -Dlibcurl_shared_EXPORTS
  FLAGS = /nologo /DWIN32 /D_WINDOWS /utf-8 /MP  /MDd /Z7 /Ob0 /Od /RTC1  -MDd -W4 -Wall -wd4061 -wd4191 -wd4255 -wd4464 -wd4548 -wd4574 -wd4668 -wd4710 -wd4711 -wd4746 -wd4820 -wd5045 -MP
  INCLUDES = -IC:\Users\19697\Documents\KeygenSDK\KeygenSDK\build-vs\vcpkg_installed\vcpkg\blds\curl\src\url-8_21_0-3ffa9f46b7.clean\include -IC:\Users\19697\Documents\KeygenSDK\KeygenSDK\build-vs\vcpkg_installed\vcpkg\blds\curl\x64-windows-dbg\lib -IC:\Users\19697\Documents\KeygenSDK\KeygenSDK\build-vs\vcpkg_installed\vcpkg\blds\curl\src\url-8_21_0-3ffa9f46b7.clean\lib -external:IC:\Users\19697\Documents\KeygenSDK\KeygenSDK\build-vs\vcpkg_installed\x64-windows\include -external:W0
  OBJECT_DIR = lib\CMakeFiles\libcurl_shared.dir
  OBJECT_FILE_DIR = lib\CMakeFiles\libcurl_shared.dir
  TARGET_COMPILE_PDB = lib\CMakeFiles\libcurl_shared.dir\
  TARGET_PDB = lib\libcurl-d.pdb
  TARGET_SUPPORT_DIR = lib\CMakeFiles\libcurl_shared.dir

build lib\CMakeFiles\libcurl_shared.dir\strerror.c.obj: C_COMPILER__libcurl_shared_unscanned_Debug C$:\Users\19697\Documents\KeygenSDK\KeygenSDK\build-vs\vcpkg_installed\vcpkg\blds\curl\src\url-8_21_0-3ffa9f46b7.clean\lib\strerror.c || cmake_object_order_depends_target_libcurl_shared
  CONFIG = Debug
  DEFINES = -DBUILDING_LIBCURL -DCURL_HIDDEN_SYMBOLS -DHAVE_CONFIG_H -DUNICODE -D_UNICODE -Dlibcurl_shared_EXPORTS
  FLAGS = /nologo /DWIN32 /D_WINDOWS /utf-8 /MP  /MDd /Z7 /Ob0 /Od /RTC1  -MDd -W4 -Wall -wd4061 -wd4191 -wd4255 -wd4464 -wd4548 -wd4574 -wd4668 -wd4710 -wd4711 -wd4746 -wd4820 -wd5045 -MP
  INCLUDES = -IC:\Users\19697\Documents\KeygenSDK\KeygenSDK\build-vs\vcpkg_installed\vcpkg\blds\curl\src\url-8_21_0-3ffa9f46b7.clean\include -IC:\Users\19697\Documents\KeygenSDK\KeygenSDK\build-vs\vcpkg_installed\vcpkg\blds\curl\x64-windows-dbg\lib -IC:\Users\19697\Documents\KeygenSDK\KeygenSDK\build-vs\vcpkg_installed\vcpkg\blds\curl\src\url-8_21_0-3ffa9f46b7.clean\lib -external:IC:\Users\19697\Documents\KeygenSDK\KeygenSDK\build-vs\vcpkg_installed\x64-windows\include -external:W0
  OBJECT_DIR = lib\CMakeFiles\libcurl_shared.dir
  OBJECT_FILE_DIR = lib\CMakeFiles\libcurl_shared.dir
  TARGET_COMPILE_PDB = lib\CMakeFiles\libcurl_shared.dir\
  TARGET_PDB = lib\libcurl-d.pdb
  TARGET_SUPPORT_DIR = lib\CMakeFiles\libcurl_shared.dir

build lib\CMakeFiles\libcurl_shared.dir\system_win32.c.obj: C_COMPILER__libcurl_shared_unscanned_Debug C$:\Users\19697\Documents\KeygenSDK\KeygenSDK\build-vs\vcpkg_installed\vcpkg\blds\curl\src\url-8_21_0-3ffa9f46b7.clean\lib\system_win32.c || cmake_object_order_depends_target_libcurl_shared
  CONFIG = Debug
  DEFINES = -DBUILDING_LIBCURL -DCURL_HIDDEN_SYMBOLS -DHAVE_CONFIG_H -DUNICODE -D_UNICODE -Dlibcurl_shared_EXPORTS
  FLAGS = /nologo /DWIN32 /D_WINDOWS /utf-8 /MP  /MDd /Z7 /Ob0 /Od /RTC1  -MDd -W4 -Wall -wd4061 -wd4191 -wd4255 -wd4464 -wd4548 -wd4574 -wd4668 -wd4710 -wd4711 -wd4746 -wd4820 -wd5045 -MP
  INCLUDES = -IC:\Users\19697\Documents\KeygenSDK\KeygenSDK\build-vs\vcpkg_installed\vcpkg\blds\curl\src\url-8_21_0-3ffa9f46b7.clean\include -IC:\Users\19697\Documents\KeygenSDK\KeygenSDK\build-vs\vcpkg_installed\vcpkg\blds\curl\x64-windows-dbg\lib -IC:\Users\19697\Documents\KeygenSDK\KeygenSDK\build-vs\vcpkg_installed\vcpkg\blds\curl\src\url-8_21_0-3ffa9f46b7.clean\lib -external:IC:\Users\19697\Documents\KeygenSDK\KeygenSDK\build-vs\vcpkg_installed\x64-windows\include -external:W0
  OBJECT_DIR = lib\CMakeFiles\libcurl_shared.dir
  OBJECT_FILE_DIR = lib\CMakeFiles\libcurl_shared.dir
  TARGET_COMPILE_PDB = lib\CMakeFiles\libcurl_shared.dir\
  TARGET_PDB = lib\libcurl-d.pdb
  TARGET_SUPPORT_DIR = lib\CMakeFiles\libcurl_shared.dir

build lib\CMakeFiles\libcurl_shared.dir\telnet.c.obj: C_COMPILER__libcurl_shared_unscanned_Debug C$:\Users\19697\Documents\KeygenSDK\KeygenSDK\build-vs\vcpkg_installed\vcpkg\blds\curl\src\url-8_21_0-3ffa9f46b7.clean\lib\telnet.c || cmake_object_order_depends_target_libcurl_shared
  CONFIG = Debug
  DEFINES = -DBUILDING_LIBCURL -DCURL_HIDDEN_SYMBOLS -DHAVE_CONFIG_H -DUNICODE -D_UNICODE -Dlibcurl_shared_EXPORTS
  FLAGS = /nologo /DWIN32 /D_WINDOWS /utf-8 /MP  /MDd /Z7 /Ob0 /Od /RTC1  -MDd -W4 -Wall -wd4061 -wd4191 -wd4255 -wd4464 -wd4548 -wd4574 -wd4668 -wd4710 -wd4711 -wd4746 -wd4820 -wd5045 -MP
  INCLUDES = -IC:\Users\19697\Documents\KeygenSDK\KeygenSDK\build-vs\vcpkg_installed\vcpkg\blds\curl\src\url-8_21_0-3ffa9f46b7.clean\include -IC:\Users\19697\Documents\KeygenSDK\KeygenSDK\build-vs\vcpkg_installed\vcpkg\blds\curl\x64-windows-dbg\lib -IC:\Users\19697\Documents\KeygenSDK\KeygenSDK\build-vs\vcpkg_installed\vcpkg\blds\curl\src\url-8_21_0-3ffa9f46b7.clean\lib -external:IC:\Users\19697\Documents\KeygenSDK\KeygenSDK\build-vs\vcpkg_installed\x64-windows\include -external:W0
  OBJECT_DIR = lib\CMakeFiles\libcurl_shared.dir
  OBJECT_FILE_DIR = lib\CMakeFiles\libcurl_shared.dir
  TARGET_COMPILE_PDB = lib\CMakeFiles\libcurl_shared.dir\
  TARGET_PDB = lib\libcurl-d.pdb
  TARGET_SUPPORT_DIR = lib\CMakeFiles\libcurl_shared.dir

build lib\CMakeFiles\libcurl_shared.dir\tftp.c.obj: C_COMPILER__libcurl_shared_unscanned_Debug C$:\Users\19697\Documents\KeygenSDK\KeygenSDK\build-vs\vcpkg_installed\vcpkg\blds\curl\src\url-8_21_0-3ffa9f46b7.clean\lib\tftp.c || cmake_object_order_depends_target_libcurl_shared
  CONFIG = Debug
  DEFINES = -DBUILDING_LIBCURL -DCURL_HIDDEN_SYMBOLS -DHAVE_CONFIG_H -DUNICODE -D_UNICODE -Dlibcurl_shared_EXPORTS
  FLAGS = /nologo /DWIN32 /D_WINDOWS /utf-8 /MP  /MDd /Z7 /Ob0 /Od /RTC1  -MDd -W4 -Wall -wd4061 -wd4191 -wd4255 -wd4464 -wd4548 -wd4574 -wd4668 -wd4710 -wd4711 -wd4746 -wd4820 -wd5045 -MP
  INCLUDES = -IC:\Users\19697\Documents\KeygenSDK\KeygenSDK\build-vs\vcpkg_installed\vcpkg\blds\curl\src\url-8_21_0-3ffa9f46b7.clean\include -IC:\Users\19697\Documents\KeygenSDK\KeygenSDK\build-vs\vcpkg_installed\vcpkg\blds\curl\x64-windows-dbg\lib -IC:\Users\19697\Documents\KeygenSDK\KeygenSDK\build-vs\vcpkg_installed\vcpkg\blds\curl\src\url-8_21_0-3ffa9f46b7.clean\lib -external:IC:\Users\19697\Documents\KeygenSDK\KeygenSDK\build-vs\vcpkg_installed\x64-windows\include -external:W0
  OBJECT_DIR = lib\CMakeFiles\libcurl_shared.dir
  OBJECT_FILE_DIR = lib\CMakeFiles\libcurl_shared.dir
  TARGET_COMPILE_PDB = lib\CMakeFiles\libcurl_shared.dir\
  TARGET_PDB = lib\libcurl-d.pdb
  TARGET_SUPPORT_DIR = lib\CMakeFiles\libcurl_shared.dir

build lib\CMakeFiles\libcurl_shared.dir\thrdpool.c.obj: C_COMPILER__libcurl_shared_unscanned_Debug C$:\Users\19697\Documents\KeygenSDK\KeygenSDK\build-vs\vcpkg_installed\vcpkg\blds\curl\src\url-8_21_0-3ffa9f46b7.clean\lib\thrdpool.c || cmake_object_order_depends_target_libcurl_shared
  CONFIG = Debug
  DEFINES = -DBUILDING_LIBCURL -DCURL_HIDDEN_SYMBOLS -DHAVE_CONFIG_H -DUNICODE -D_UNICODE -Dlibcurl_shared_EXPORTS
  FLAGS = /nologo /DWIN32 /D_WINDOWS /utf-8 /MP  /MDd /Z7 /Ob0 /Od /RTC1  -MDd -W4 -Wall -wd4061 -wd4191 -wd4255 -wd4464 -wd4548 -wd4574 -wd4668 -wd4710 -wd4711 -wd4746 -wd4820 -wd5045 -MP
  INCLUDES = -IC:\Users\19697\Documents\KeygenSDK\KeygenSDK\build-vs\vcpkg_installed\vcpkg\blds\curl\src\url-8_21_0-3ffa9f46b7.clean\include -IC:\Users\19697\Documents\KeygenSDK\KeygenSDK\build-vs\vcpkg_installed\vcpkg\blds\curl\x64-windows-dbg\lib -IC:\Users\19697\Documents\KeygenSDK\KeygenSDK\build-vs\vcpkg_installed\vcpkg\blds\curl\src\url-8_21_0-3ffa9f46b7.clean\lib -external:IC:\Users\19697\Documents\KeygenSDK\KeygenSDK\build-vs\vcpkg_installed\x64-windows\include -external:W0
  OBJECT_DIR = lib\CMakeFiles\libcurl_shared.dir
  OBJECT_FILE_DIR = lib\CMakeFiles\libcurl_shared.dir
  TARGET_COMPILE_PDB = lib\CMakeFiles\libcurl_shared.dir\
  TARGET_PDB = lib\libcurl-d.pdb
  TARGET_SUPPORT_DIR = lib\CMakeFiles\libcurl_shared.dir

build lib\CMakeFiles\libcurl_shared.dir\thrdqueue.c.obj: C_COMPILER__libcurl_shared_unscanned_Debug C$:\Users\19697\Documents\KeygenSDK\KeygenSDK\build-vs\vcpkg_installed\vcpkg\blds\curl\src\url-8_21_0-3ffa9f46b7.clean\lib\thrdqueue.c || cmake_object_order_depends_target_libcurl_shared
  CONFIG = Debug
  DEFINES = -DBUILDING_LIBCURL -DCURL_HIDDEN_SYMBOLS -DHAVE_CONFIG_H -DUNICODE -D_UNICODE -Dlibcurl_shared_EXPORTS
  FLAGS = /nologo /DWIN32 /D_WINDOWS /utf-8 /MP  /MDd /Z7 /Ob0 /Od /RTC1  -MDd -W4 -Wall -wd4061 -wd4191 -wd4255 -wd4464 -wd4548 -wd4574 -wd4668 -wd4710 -wd4711 -wd4746 -wd4820 -wd5045 -MP
  INCLUDES = -IC:\Users\19697\Documents\KeygenSDK\KeygenSDK\build-vs\vcpkg_installed\vcpkg\blds\curl\src\url-8_21_0-3ffa9f46b7.clean\include -IC:\Users\19697\Documents\KeygenSDK\KeygenSDK\build-vs\vcpkg_installed\vcpkg\blds\curl\x64-windows-dbg\lib -IC:\Users\19697\Documents\KeygenSDK\KeygenSDK\build-vs\vcpkg_installed\vcpkg\blds\curl\src\url-8_21_0-3ffa9f46b7.clean\lib -external:IC:\Users\19697\Documents\KeygenSDK\KeygenSDK\build-vs\vcpkg_installed\x64-windows\include -external:W0
  OBJECT_DIR = lib\CMakeFiles\libcurl_shared.dir
  OBJECT_FILE_DIR = lib\CMakeFiles\libcurl_shared.dir
  TARGET_COMPILE_PDB = lib\CMakeFiles\libcurl_shared.dir\
  TARGET_PDB = lib\libcurl-d.pdb
  TARGET_SUPPORT_DIR = lib\CMakeFiles\libcurl_shared.dir

build lib\CMakeFiles\libcurl_shared.dir\transfer.c.obj: C_COMPILER__libcurl_shared_unscanned_Debug C$:\Users\19697\Documents\KeygenSDK\KeygenSDK\build-vs\vcpkg_installed\vcpkg\blds\curl\src\url-8_21_0-3ffa9f46b7.clean\lib\transfer.c || cmake_object_order_depends_target_libcurl_shared
  CONFIG = Debug
  DEFINES = -DBUILDING_LIBCURL -DCURL_HIDDEN_SYMBOLS -DHAVE_CONFIG_H -DUNICODE -D_UNICODE -Dlibcurl_shared_EXPORTS
  FLAGS = /nologo /DWIN32 /D_WINDOWS /utf-8 /MP  /MDd /Z7 /Ob0 /Od /RTC1  -MDd -W4 -Wall -wd4061 -wd4191 -wd4255 -wd4464 -wd4548 -wd4574 -wd4668 -wd4710 -wd4711 -wd4746 -wd4820 -wd5045 -MP
  INCLUDES = -IC:\Users\19697\Documents\KeygenSDK\KeygenSDK\build-vs\vcpkg_installed\vcpkg\blds\curl\src\url-8_21_0-3ffa9f46b7.clean\include -IC:\Users\19697\Documents\KeygenSDK\KeygenSDK\build-vs\vcpkg_installed\vcpkg\blds\curl\x64-windows-dbg\lib -IC:\Users\19697\Documents\KeygenSDK\KeygenSDK\build-vs\vcpkg_installed\vcpkg\blds\curl\src\url-8_21_0-3ffa9f46b7.clean\lib -external:IC:\Users\19697\Documents\KeygenSDK\KeygenSDK\build-vs\vcpkg_installed\x64-windows\include -external:W0
  OBJECT_DIR = lib\CMakeFiles\libcurl_shared.dir
  OBJECT_FILE_DIR = lib\CMakeFiles\libcurl_shared.dir
  TARGET_COMPILE_PDB = lib\CMakeFiles\libcurl_shared.dir\
  TARGET_PDB = lib\libcurl-d.pdb
  TARGET_SUPPORT_DIR = lib\CMakeFiles\libcurl_shared.dir

build lib\CMakeFiles\libcurl_shared.dir\uint-bset.c.obj: C_COMPILER__libcurl_shared_unscanned_Debug C$:\Users\19697\Documents\KeygenSDK\KeygenSDK\build-vs\vcpkg_installed\vcpkg\blds\curl\src\url-8_21_0-3ffa9f46b7.clean\lib\uint-bset.c || cmake_object_order_depends_target_libcurl_shared
  CONFIG = Debug
  DEFINES = -DBUILDING_LIBCURL -DCURL_HIDDEN_SYMBOLS -DHAVE_CONFIG_H -DUNICODE -D_UNICODE -Dlibcurl_shared_EXPORTS
  FLAGS = /nologo /DWIN32 /D_WINDOWS /utf-8 /MP  /MDd /Z7 /Ob0 /Od /RTC1  -MDd -W4 -Wall -wd4061 -wd4191 -wd4255 -wd4464 -wd4548 -wd4574 -wd4668 -wd4710 -wd4711 -wd4746 -wd4820 -wd5045 -MP
  INCLUDES = -IC:\Users\19697\Documents\KeygenSDK\KeygenSDK\build-vs\vcpkg_installed\vcpkg\blds\curl\src\url-8_21_0-3ffa9f46b7.clean\include -IC:\Users\19697\Documents\KeygenSDK\KeygenSDK\build-vs\vcpkg_installed\vcpkg\blds\curl\x64-windows-dbg\lib -IC:\Users\19697\Documents\KeygenSDK\KeygenSDK\build-vs\vcpkg_installed\vcpkg\blds\curl\src\url-8_21_0-3ffa9f46b7.clean\lib -external:IC:\Users\19697\Documents\KeygenSDK\KeygenSDK\build-vs\vcpkg_installed\x64-windows\include -external:W0
  OBJECT_DIR = lib\CMakeFiles\libcurl_shared.dir
  OBJECT_FILE_DIR = lib\CMakeFiles\libcurl_shared.dir
  TARGET_COMPILE_PDB = lib\CMakeFiles\libcurl_shared.dir\
  TARGET_PDB = lib\libcurl-d.pdb
  TARGET_SUPPORT_DIR = lib\CMakeFiles\libcurl_shared.dir

build lib\CMakeFiles\libcurl_shared.dir\uint-hash.c.obj: C_COMPILER__libcurl_shared_unscanned_Debug C$:\Users\19697\Documents\KeygenSDK\KeygenSDK\build-vs\vcpkg_installed\vcpkg\blds\curl\src\url-8_21_0-3ffa9f46b7.clean\lib\uint-hash.c || cmake_object_order_depends_target_libcurl_shared
  CONFIG = Debug
  DEFINES = -DBUILDING_LIBCURL -DCURL_HIDDEN_SYMBOLS -DHAVE_CONFIG_H -DUNICODE -D_UNICODE -Dlibcurl_shared_EXPORTS
  FLAGS = /nologo /DWIN32 /D_WINDOWS /utf-8 /MP  /MDd /Z7 /Ob0 /Od /RTC1  -MDd -W4 -Wall -wd4061 -wd4191 -wd4255 -wd4464 -wd4548 -wd4574 -wd4668 -wd4710 -wd4711 -wd4746 -wd4820 -wd5045 -MP
  INCLUDES = -IC:\Users\19697\Documents\KeygenSDK\KeygenSDK\build-vs\vcpkg_installed\vcpkg\blds\curl\src\url-8_21_0-3ffa9f46b7.clean\include -IC:\Users\19697\Documents\KeygenSDK\KeygenSDK\build-vs\vcpkg_installed\vcpkg\blds\curl\x64-windows-dbg\lib -IC:\Users\19697\Documents\KeygenSDK\KeygenSDK\build-vs\vcpkg_installed\vcpkg\blds\curl\src\url-8_21_0-3ffa9f46b7.clean\lib -external:IC:\Users\19697\Documents\KeygenSDK\KeygenSDK\build-vs\vcpkg_installed\x64-windows\include -external:W0
  OBJECT_DIR = lib\CMakeFiles\libcurl_shared.dir
  OBJECT_FILE_DIR = lib\CMakeFiles\libcurl_shared.dir
  TARGET_COMPILE_PDB = lib\CMakeFiles\libcurl_shared.dir\
  TARGET_PDB = lib\libcurl-d.pdb
  TARGET_SUPPORT_DIR = lib\CMakeFiles\libcurl_shared.dir

build lib\CMakeFiles\libcurl_shared.dir\uint-spbset.c.obj: C_COMPILER__libcurl_shared_unscanned_Debug C$:\Users\19697\Documents\KeygenSDK\KeygenSDK\build-vs\vcpkg_installed\vcpkg\blds\curl\src\url-8_21_0-3ffa9f46b7.clean\lib\uint-spbset.c || cmake_object_order_depends_target_libcurl_shared
  CONFIG = Debug
  DEFINES = -DBUILDING_LIBCURL -DCURL_HIDDEN_SYMBOLS -DHAVE_CONFIG_H -DUNICODE -D_UNICODE -Dlibcurl_shared_EXPORTS
  FLAGS = /nologo /DWIN32 /D_WINDOWS /utf-8 /MP  /MDd /Z7 /Ob0 /Od /RTC1  -MDd -W4 -Wall -wd4061 -wd4191 -wd4255 -wd4464 -wd4548 -wd4574 -wd4668 -wd4710 -wd4711 -wd4746 -wd4820 -wd5045 -MP
  INCLUDES = -IC:\Users\19697\Documents\KeygenSDK\KeygenSDK\build-vs\vcpkg_installed\vcpkg\blds\curl\src\url-8_21_0-3ffa9f46b7.clean\include -IC:\Users\19697\Documents\KeygenSDK\KeygenSDK\build-vs\vcpkg_installed\vcpkg\blds\curl\x64-windows-dbg\lib -IC:\Users\19697\Documents\KeygenSDK\KeygenSDK\build-vs\vcpkg_installed\vcpkg\blds\curl\src\url-8_21_0-3ffa9f46b7.clean\lib -external:IC:\Users\19697\Documents\KeygenSDK\KeygenSDK\build-vs\vcpkg_installed\x64-windows\include -external:W0
  OBJECT_DIR = lib\CMakeFiles\libcurl_shared.dir
  OBJECT_FILE_DIR = lib\CMakeFiles\libcurl_shared.dir
  TARGET_COMPILE_PDB = lib\CMakeFiles\libcurl_shared.dir\
  TARGET_PDB = lib\libcurl-d.pdb
  TARGET_SUPPORT_DIR = lib\CMakeFiles\libcurl_shared.dir

build lib\CMakeFiles\libcurl_shared.dir\uint-table.c.obj: C_COMPILER__libcurl_shared_unscanned_Debug C$:\Users\19697\Documents\KeygenSDK\KeygenSDK\build-vs\vcpkg_installed\vcpkg\blds\curl\src\url-8_21_0-3ffa9f46b7.clean\lib\uint-table.c || cmake_object_order_depends_target_libcurl_shared
  CONFIG = Debug
  DEFINES = -DBUILDING_LIBCURL -DCURL_HIDDEN_SYMBOLS -DHAVE_CONFIG_H -DUNICODE -D_UNICODE -Dlibcurl_shared_EXPORTS
  FLAGS = /nologo /DWIN32 /D_WINDOWS /utf-8 /MP  /MDd /Z7 /Ob0 /Od /RTC1  -MDd -W4 -Wall -wd4061 -wd4191 -wd4255 -wd4464 -wd4548 -wd4574 -wd4668 -wd4710 -wd4711 -wd4746 -wd4820 -wd5045 -MP
  INCLUDES = -IC:\Users\19697\Documents\KeygenSDK\KeygenSDK\build-vs\vcpkg_installed\vcpkg\blds\curl\src\url-8_21_0-3ffa9f46b7.clean\include -IC:\Users\19697\Documents\KeygenSDK\KeygenSDK\build-vs\vcpkg_installed\vcpkg\blds\curl\x64-windows-dbg\lib -IC:\Users\19697\Documents\KeygenSDK\KeygenSDK\build-vs\vcpkg_installed\vcpkg\blds\curl\src\url-8_21_0-3ffa9f46b7.clean\lib -external:IC:\Users\19697\Documents\KeygenSDK\KeygenSDK\build-vs\vcpkg_installed\x64-windows\include -external:W0
  OBJECT_DIR = lib\CMakeFiles\libcurl_shared.dir
  OBJECT_FILE_DIR = lib\CMakeFiles\libcurl_shared.dir
  TARGET_COMPILE_PDB = lib\CMakeFiles\libcurl_shared.dir\
  TARGET_PDB = lib\libcurl-d.pdb
  TARGET_SUPPORT_DIR = lib\CMakeFiles\libcurl_shared.dir

build lib\CMakeFiles\libcurl_shared.dir\url.c.obj: C_COMPILER__libcurl_shared_unscanned_Debug C$:\Users\19697\Documents\KeygenSDK\KeygenSDK\build-vs\vcpkg_installed\vcpkg\blds\curl\src\url-8_21_0-3ffa9f46b7.clean\lib\url.c || cmake_object_order_depends_target_libcurl_shared
  CONFIG = Debug
  DEFINES = -DBUILDING_LIBCURL -DCURL_HIDDEN_SYMBOLS -DHAVE_CONFIG_H -DUNICODE -D_UNICODE -Dlibcurl_shared_EXPORTS
  FLAGS = /nologo /DWIN32 /D_WINDOWS /utf-8 /MP  /MDd /Z7 /Ob0 /Od /RTC1  -MDd -W4 -Wall -wd4061 -wd4191 -wd4255 -wd4464 -wd4548 -wd4574 -wd4668 -wd4710 -wd4711 -wd4746 -wd4820 -wd5045 -MP
  INCLUDES = -IC:\Users\19697\Documents\KeygenSDK\KeygenSDK\build-vs\vcpkg_installed\vcpkg\blds\curl\src\url-8_21_0-3ffa9f46b7.clean\include -IC:\Users\19697\Documents\KeygenSDK\KeygenSDK\build-vs\vcpkg_installed\vcpkg\blds\curl\x64-windows-dbg\lib -IC:\Users\19697\Documents\KeygenSDK\KeygenSDK\build-vs\vcpkg_installed\vcpkg\blds\curl\src\url-8_21_0-3ffa9f46b7.clean\lib -external:IC:\Users\19697\Documents\KeygenSDK\KeygenSDK\build-vs\vcpkg_installed\x64-windows\include -external:W0
  OBJECT_DIR = lib\CMakeFiles\libcurl_shared.dir
  OBJECT_FILE_DIR = lib\CMakeFiles\libcurl_shared.dir
  TARGET_COMPILE_PDB = lib\CMakeFiles\libcurl_shared.dir\
  TARGET_PDB = lib\libcurl-d.pdb
  TARGET_SUPPORT_DIR = lib\CMakeFiles\libcurl_shared.dir

build lib\CMakeFiles\libcurl_shared.dir\urlapi.c.obj: C_COMPILER__libcurl_shared_unscanned_Debug C$:\Users\19697\Documents\KeygenSDK\KeygenSDK\build-vs\vcpkg_installed\vcpkg\blds\curl\src\url-8_21_0-3ffa9f46b7.clean\lib\urlapi.c || cmake_object_order_depends_target_libcurl_shared
  CONFIG = Debug
  DEFINES = -DBUILDING_LIBCURL -DCURL_HIDDEN_SYMBOLS -DHAVE_CONFIG_H -DUNICODE -D_UNICODE -Dlibcurl_shared_EXPORTS
  FLAGS = /nologo /DWIN32 /D_WINDOWS /utf-8 /MP  /MDd /Z7 /Ob0 /Od /RTC1  -MDd -W4 -Wall -wd4061 -wd4191 -wd4255 -wd4464 -wd4548 -wd4574 -wd4668 -wd4710 -wd4711 -wd4746 -wd4820 -wd5045 -MP
  INCLUDES = -IC:\Users\19697\Documents\KeygenSDK\KeygenSDK\build-vs\vcpkg_installed\vcpkg\blds\curl\src\url-8_21_0-3ffa9f46b7.clean\include -IC:\Users\19697\Documents\KeygenSDK\KeygenSDK\build-vs\vcpkg_installed\vcpkg\blds\curl\x64-windows-dbg\lib -IC:\Users\19697\Documents\KeygenSDK\KeygenSDK\build-vs\vcpkg_installed\vcpkg\blds\curl\src\url-8_21_0-3ffa9f46b7.clean\lib -external:IC:\Users\19697\Documents\KeygenSDK\KeygenSDK\build-vs\vcpkg_installed\x64-windows\include -external:W0
  OBJECT_DIR = lib\CMakeFiles\libcurl_shared.dir
  OBJECT_FILE_DIR = lib\CMakeFiles\libcurl_shared.dir
  TARGET_COMPILE_PDB = lib\CMakeFiles\libcurl_shared.dir\
  TARGET_PDB = lib\libcurl-d.pdb
  TARGET_SUPPORT_DIR = lib\CMakeFiles\libcurl_shared.dir

build lib\CMakeFiles\libcurl_shared.dir\version.c.obj: C_COMPILER__libcurl_shared_unscanned_Debug C$:\Users\19697\Documents\KeygenSDK\KeygenSDK\build-vs\vcpkg_installed\vcpkg\blds\curl\src\url-8_21_0-3ffa9f46b7.clean\lib\version.c || cmake_object_order_depends_target_libcurl_shared
  CONFIG = Debug
  DEFINES = -DBUILDING_LIBCURL -DCURL_HIDDEN_SYMBOLS -DHAVE_CONFIG_H -DUNICODE -D_UNICODE -Dlibcurl_shared_EXPORTS
  FLAGS = /nologo /DWIN32 /D_WINDOWS /utf-8 /MP  /MDd /Z7 /Ob0 /Od /RTC1  -MDd -W4 -Wall -wd4061 -wd4191 -wd4255 -wd4464 -wd4548 -wd4574 -wd4668 -wd4710 -wd4711 -wd4746 -wd4820 -wd5045 -MP
  INCLUDES = -IC:\Users\19697\Documents\KeygenSDK\KeygenSDK\build-vs\vcpkg_installed\vcpkg\blds\curl\src\url-8_21_0-3ffa9f46b7.clean\include -IC:\Users\19697\Documents\KeygenSDK\KeygenSDK\build-vs\vcpkg_installed\vcpkg\blds\curl\x64-windows-dbg\lib -IC:\Users\19697\Documents\KeygenSDK\KeygenSDK\build-vs\vcpkg_installed\vcpkg\blds\curl\src\url-8_21_0-3ffa9f46b7.clean\lib -external:IC:\Users\19697\Documents\KeygenSDK\KeygenSDK\build-vs\vcpkg_installed\x64-windows\include -external:W0
  OBJECT_DIR = lib\CMakeFiles\libcurl_shared.dir
  OBJECT_FILE_DIR = lib\CMakeFiles\libcurl_shared.dir
  TARGET_COMPILE_PDB = lib\CMakeFiles\libcurl_shared.dir\
  TARGET_PDB = lib\libcurl-d.pdb
  TARGET_SUPPORT_DIR = lib\CMakeFiles\libcurl_shared.dir

build lib\CMakeFiles\libcurl_shared.dir\ws.c.obj: C_COMPILER__libcurl_shared_unscanned_Debug C$:\Users\19697\Documents\KeygenSDK\KeygenSDK\build-vs\vcpkg_installed\vcpkg\blds\curl\src\url-8_21_0-3ffa9f46b7.clean\lib\ws.c || cmake_object_order_depends_target_libcurl_shared
  CONFIG = Debug
  DEFINES = -DBUILDING_LIBCURL -DCURL_HIDDEN_SYMBOLS -DHAVE_CONFIG_H -DUNICODE -D_UNICODE -Dlibcurl_shared_EXPORTS
  FLAGS = /nologo /DWIN32 /D_WINDOWS /utf-8 /MP  /MDd /Z7 /Ob0 /Od /RTC1  -MDd -W4 -Wall -wd4061 -wd4191 -wd4255 -wd4464 -wd4548 -wd4574 -wd4668 -wd4710 -wd4711 -wd4746 -wd4820 -wd5045 -MP
  INCLUDES = -IC:\Users\19697\Documents\KeygenSDK\KeygenSDK\build-vs\vcpkg_installed\vcpkg\blds\curl\src\url-8_21_0-3ffa9f46b7.clean\include -IC:\Users\19697\Documents\KeygenSDK\KeygenSDK\build-vs\vcpkg_installed\vcpkg\blds\curl\x64-windows-dbg\lib -IC:\Users\19697\Documents\KeygenSDK\KeygenSDK\build-vs\vcpkg_installed\vcpkg\blds\curl\src\url-8_21_0-3ffa9f46b7.clean\lib -external:IC:\Users\19697\Documents\KeygenSDK\KeygenSDK\build-vs\vcpkg_installed\x64-windows\include -external:W0
  OBJECT_DIR = lib\CMakeFiles\libcurl_shared.dir
  OBJECT_FILE_DIR = lib\CMakeFiles\libcurl_shared.dir
  TARGET_COMPILE_PDB = lib\CMakeFiles\libcurl_shared.dir\
  TARGET_PDB = lib\libcurl-d.pdb
  TARGET_SUPPORT_DIR = lib\CMakeFiles\libcurl_shared.dir

build lib\CMakeFiles\libcurl_shared.dir\vauth\cleartext.c.obj: C_COMPILER__libcurl_shared_unscanned_Debug C$:\Users\19697\Documents\KeygenSDK\KeygenSDK\build-vs\vcpkg_installed\vcpkg\blds\curl\src\url-8_21_0-3ffa9f46b7.clean\lib\vauth\cleartext.c || cmake_object_order_depends_target_libcurl_shared
  CONFIG = Debug
  DEFINES = -DBUILDING_LIBCURL -DCURL_HIDDEN_SYMBOLS -DHAVE_CONFIG_H -DUNICODE -D_UNICODE -Dlibcurl_shared_EXPORTS
  FLAGS = /nologo /DWIN32 /D_WINDOWS /utf-8 /MP  /MDd /Z7 /Ob0 /Od /RTC1  -MDd -W4 -Wall -wd4061 -wd4191 -wd4255 -wd4464 -wd4548 -wd4574 -wd4668 -wd4710 -wd4711 -wd4746 -wd4820 -wd5045 -MP
  INCLUDES = -IC:\Users\19697\Documents\KeygenSDK\KeygenSDK\build-vs\vcpkg_installed\vcpkg\blds\curl\src\url-8_21_0-3ffa9f46b7.clean\include -IC:\Users\19697\Documents\KeygenSDK\KeygenSDK\build-vs\vcpkg_installed\vcpkg\blds\curl\x64-windows-dbg\lib -IC:\Users\19697\Documents\KeygenSDK\KeygenSDK\build-vs\vcpkg_installed\vcpkg\blds\curl\src\url-8_21_0-3ffa9f46b7.clean\lib -external:IC:\Users\19697\Documents\KeygenSDK\KeygenSDK\build-vs\vcpkg_installed\x64-windows\include -external:W0
  OBJECT_DIR = lib\CMakeFiles\libcurl_shared.dir
  OBJECT_FILE_DIR = lib\CMakeFiles\libcurl_shared.dir\vauth
  TARGET_COMPILE_PDB = lib\CMakeFiles\libcurl_shared.dir\
  TARGET_PDB = lib\libcurl-d.pdb
  TARGET_SUPPORT_DIR = lib\CMakeFiles\libcurl_shared.dir

build lib\CMakeFiles\libcurl_shared.dir\vauth\cram.c.obj: C_COMPILER__libcurl_shared_unscanned_Debug C$:\Users\19697\Documents\KeygenSDK\KeygenSDK\build-vs\vcpkg_installed\vcpkg\blds\curl\src\url-8_21_0-3ffa9f46b7.clean\lib\vauth\cram.c || cmake_object_order_depends_target_libcurl_shared
  CONFIG = Debug
  DEFINES = -DBUILDING_LIBCURL -DCURL_HIDDEN_SYMBOLS -DHAVE_CONFIG_H -DUNICODE -D_UNICODE -Dlibcurl_shared_EXPORTS
  FLAGS = /nologo /DWIN32 /D_WINDOWS /utf-8 /MP  /MDd /Z7 /Ob0 /Od /RTC1  -MDd -W4 -Wall -wd4061 -wd4191 -wd4255 -wd4464 -wd4548 -wd4574 -wd4668 -wd4710 -wd4711 -wd4746 -wd4820 -wd5045 -MP
  INCLUDES = -IC:\Users\19697\Documents\KeygenSDK\KeygenSDK\build-vs\vcpkg_installed\vcpkg\blds\curl\src\url-8_21_0-3ffa9f46b7.clean\include -IC:\Users\19697\Documents\KeygenSDK\KeygenSDK\build-vs\vcpkg_installed\vcpkg\blds\curl\x64-windows-dbg\lib -IC:\Users\19697\Documents\KeygenSDK\KeygenSDK\build-vs\vcpkg_installed\vcpkg\blds\curl\src\url-8_21_0-3ffa9f46b7.clean\lib -external:IC:\Users\19697\Documents\KeygenSDK\KeygenSDK\build-vs\vcpkg_installed\x64-windows\include -external:W0
  OBJECT_DIR = lib\CMakeFiles\libcurl_shared.dir
  OBJECT_FILE_DIR = lib\CMakeFiles\libcurl_shared.dir\vauth
  TARGET_COMPILE_PDB = lib\CMakeFiles\libcurl_shared.dir\
  TARGET_PDB = lib\libcurl-d.pdb
  TARGET_SUPPORT_DIR = lib\CMakeFiles\libcurl_shared.dir

build lib\CMakeFiles\libcurl_shared.dir\vauth\digest.c.obj: C_COMPILER__libcurl_shared_unscanned_Debug C$:\Users\19697\Documents\KeygenSDK\KeygenSDK\build-vs\vcpkg_installed\vcpkg\blds\curl\src\url-8_21_0-3ffa9f46b7.clean\lib\vauth\digest.c || cmake_object_order_depends_target_libcurl_shared
  CONFIG = Debug
  DEFINES = -DBUILDING_LIBCURL -DCURL_HIDDEN_SYMBOLS -DHAVE_CONFIG_H -DUNICODE -D_UNICODE -Dlibcurl_shared_EXPORTS
  FLAGS = /nologo /DWIN32 /D_WINDOWS /utf-8 /MP  /MDd /Z7 /Ob0 /Od /RTC1  -MDd -W4 -Wall -wd4061 -wd4191 -wd4255 -wd4464 -wd4548 -wd4574 -wd4668 -wd4710 -wd4711 -wd4746 -wd4820 -wd5045 -MP
  INCLUDES = -IC:\Users\19697\Documents\KeygenSDK\KeygenSDK\build-vs\vcpkg_installed\vcpkg\blds\curl\src\url-8_21_0-3ffa9f46b7.clean\include -IC:\Users\19697\Documents\KeygenSDK\KeygenSDK\build-vs\vcpkg_installed\vcpkg\blds\curl\x64-windows-dbg\lib -IC:\Users\19697\Documents\KeygenSDK\KeygenSDK\build-vs\vcpkg_installed\vcpkg\blds\curl\src\url-8_21_0-3ffa9f46b7.clean\lib -external:IC:\Users\19697\Documents\KeygenSDK\KeygenSDK\build-vs\vcpkg_installed\x64-windows\include -external:W0
  OBJECT_DIR = lib\CMakeFiles\libcurl_shared.dir
  OBJECT_FILE_DIR = lib\CMakeFiles\libcurl_shared.dir\vauth
  TARGET_COMPILE_PDB = lib\CMakeFiles\libcurl_shared.dir\
  TARGET_PDB = lib\libcurl-d.pdb
  TARGET_SUPPORT_DIR = lib\CMakeFiles\libcurl_shared.dir

build lib\CMakeFiles\libcurl_shared.dir\vauth\digest_sspi.c.obj: C_COMPILER__libcurl_shared_unscanned_Debug C$:\Users\19697\Documents\KeygenSDK\KeygenSDK\build-vs\vcpkg_installed\vcpkg\blds\curl\src\url-8_21_0-3ffa9f46b7.clean\lib\vauth\digest_sspi.c || cmake_object_order_depends_target_libcurl_shared
  CONFIG = Debug
  DEFINES = -DBUILDING_LIBCURL -DCURL_HIDDEN_SYMBOLS -DHAVE_CONFIG_H -DUNICODE -D_UNICODE -Dlibcurl_shared_EXPORTS
  FLAGS = /nologo /DWIN32 /D_WINDOWS /utf-8 /MP  /MDd /Z7 /Ob0 /Od /RTC1  -MDd -W4 -Wall -wd4061 -wd4191 -wd4255 -wd4464 -wd4548 -wd4574 -wd4668 -wd4710 -wd4711 -wd4746 -wd4820 -wd5045 -MP
  INCLUDES = -IC:\Users\19697\Documents\KeygenSDK\KeygenSDK\build-vs\vcpkg_installed\vcpkg\blds\curl\src\url-8_21_0-3ffa9f46b7.clean\include -IC:\Users\19697\Documents\KeygenSDK\KeygenSDK\build-vs\vcpkg_installed\vcpkg\blds\curl\x64-windows-dbg\lib -IC:\Users\19697\Documents\KeygenSDK\KeygenSDK\build-vs\vcpkg_installed\vcpkg\blds\curl\src\url-8_21_0-3ffa9f46b7.clean\lib -external:IC:\Users\19697\Documents\KeygenSDK\KeygenSDK\build-vs\vcpkg_installed\x64-windows\include -external:W0
  OBJECT_DIR = lib\CMakeFiles\libcurl_shared.dir
  OBJECT_FILE_DIR = lib\CMakeFiles\libcurl_shared.dir\vauth
  TARGET_COMPILE_PDB = lib\CMakeFiles\libcurl_shared.dir\
  TARGET_PDB = lib\libcurl-d.pdb
  TARGET_SUPPORT_DIR = lib\CMakeFiles\libcurl_shared.dir

build lib\CMakeFiles\libcurl_shared.dir\vauth\gsasl.c.obj: C_COMPILER__libcurl_shared_unscanned_Debug C$:\Users\19697\Documents\KeygenSDK\KeygenSDK\build-vs\vcpkg_installed\vcpkg\blds\curl\src\url-8_21_0-3ffa9f46b7.clean\lib\vauth\gsasl.c || cmake_object_order_depends_target_libcurl_shared
  CONFIG = Debug
  DEFINES = -DBUILDING_LIBCURL -DCURL_HIDDEN_SYMBOLS -DHAVE_CONFIG_H -DUNICODE -D_UNICODE -Dlibcurl_shared_EXPORTS
  FLAGS = /nologo /DWIN32 /D_WINDOWS /utf-8 /MP  /MDd /Z7 /Ob0 /Od /RTC1  -MDd -W4 -Wall -wd4061 -wd4191 -wd4255 -wd4464 -wd4548 -wd4574 -wd4668 -wd4710 -wd4711 -wd4746 -wd4820 -wd5045 -MP
  INCLUDES = -IC:\Users\19697\Documents\KeygenSDK\KeygenSDK\build-vs\vcpkg_installed\vcpkg\blds\curl\src\url-8_21_0-3ffa9f46b7.clean\include -IC:\Users\19697\Documents\KeygenSDK\KeygenSDK\build-vs\vcpkg_installed\vcpkg\blds\curl\x64-windows-dbg\lib -IC:\Users\19697\Documents\KeygenSDK\KeygenSDK\build-vs\vcpkg_installed\vcpkg\blds\curl\src\url-8_21_0-3ffa9f46b7.clean\lib -external:IC:\Users\19697\Documents\KeygenSDK\KeygenSDK\build-vs\vcpkg_installed\x64-windows\include -external:W0
  OBJECT_DIR = lib\CMakeFiles\libcurl_shared.dir
  OBJECT_FILE_DIR = lib\CMakeFiles\libcurl_shared.dir\vauth
  TARGET_COMPILE_PDB = lib\CMakeFiles\libcurl_shared.dir\
  TARGET_PDB = lib\libcurl-d.pdb
  TARGET_SUPPORT_DIR = lib\CMakeFiles\libcurl_shared.dir

build lib\CMakeFiles\libcurl_shared.dir\vauth\krb5_gssapi.c.obj: C_COMPILER__libcurl_shared_unscanned_Debug C$:\Users\19697\Documents\KeygenSDK\KeygenSDK\build-vs\vcpkg_installed\vcpkg\blds\curl\src\url-8_21_0-3ffa9f46b7.clean\lib\vauth\krb5_gssapi.c || cmake_object_order_depends_target_libcurl_shared
  CONFIG = Debug
  DEFINES = -DBUILDING_LIBCURL -DCURL_HIDDEN_SYMBOLS -DHAVE_CONFIG_H -DUNICODE -D_UNICODE -Dlibcurl_shared_EXPORTS
  FLAGS = /nologo /DWIN32 /D_WINDOWS /utf-8 /MP  /MDd /Z7 /Ob0 /Od /RTC1  -MDd -W4 -Wall -wd4061 -wd4191 -wd4255 -wd4464 -wd4548 -wd4574 -wd4668 -wd4710 -wd4711 -wd4746 -wd4820 -wd5045 -MP
  INCLUDES = -IC:\Users\19697\Documents\KeygenSDK\KeygenSDK\build-vs\vcpkg_installed\vcpkg\blds\curl\src\url-8_21_0-3ffa9f46b7.clean\include -IC:\Users\19697\Documents\KeygenSDK\KeygenSDK\build-vs\vcpkg_installed\vcpkg\blds\curl\x64-windows-dbg\lib -IC:\Users\19697\Documents\KeygenSDK\KeygenSDK\build-vs\vcpkg_installed\vcpkg\blds\curl\src\url-8_21_0-3ffa9f46b7.clean\lib -external:IC:\Users\19697\Documents\KeygenSDK\KeygenSDK\build-vs\vcpkg_installed\x64-windows\include -external:W0
  OBJECT_DIR = lib\CMakeFiles\libcurl_shared.dir
  OBJECT_FILE_DIR = lib\CMakeFiles\libcurl_shared.dir\vauth
  TARGET_COMPILE_PDB = lib\CMakeFiles\libcurl_shared.dir\
  TARGET_PDB = lib\libcurl-d.pdb
  TARGET_SUPPORT_DIR = lib\CMakeFiles\libcurl_shared.dir

build lib\CMakeFiles\libcurl_shared.dir\vauth\krb5_sspi.c.obj: C_COMPILER__libcurl_shared_unscanned_Debug C$:\Users\19697\Documents\KeygenSDK\KeygenSDK\build-vs\vcpkg_installed\vcpkg\blds\curl\src\url-8_21_0-3ffa9f46b7.clean\lib\vauth\krb5_sspi.c || cmake_object_order_depends_target_libcurl_shared
  CONFIG = Debug
  DEFINES = -DBUILDING_LIBCURL -DCURL_HIDDEN_SYMBOLS -DHAVE_CONFIG_H -DUNICODE -D_UNICODE -Dlibcurl_shared_EXPORTS
  FLAGS = /nologo /DWIN32 /D_WINDOWS /utf-8 /MP  /MDd /Z7 /Ob0 /Od /RTC1  -MDd -W4 -Wall -wd4061 -wd4191 -wd4255 -wd4464 -wd4548 -wd4574 -wd4668 -wd4710 -wd4711 -wd4746 -wd4820 -wd5045 -MP
  INCLUDES = -IC:\Users\19697\Documents\KeygenSDK\KeygenSDK\build-vs\vcpkg_installed\vcpkg\blds\curl\src\url-8_21_0-3ffa9f46b7.clean\include -IC:\Users\19697\Documents\KeygenSDK\KeygenSDK\build-vs\vcpkg_installed\vcpkg\blds\curl\x64-windows-dbg\lib -IC:\Users\19697\Documents\KeygenSDK\KeygenSDK\build-vs\vcpkg_installed\vcpkg\blds\curl\src\url-8_21_0-3ffa9f46b7.clean\lib -external:IC:\Users\19697\Documents\KeygenSDK\KeygenSDK\build-vs\vcpkg_installed\x64-windows\include -external:W0
  OBJECT_DIR = lib\CMakeFiles\libcurl_shared.dir
  OBJECT_FILE_DIR = lib\CMakeFiles\libcurl_shared.dir\vauth
  TARGET_COMPILE_PDB = lib\CMakeFiles\libcurl_shared.dir\
  TARGET_PDB = lib\libcurl-d.pdb
  TARGET_SUPPORT_DIR = lib\CMakeFiles\libcurl_shared.dir

build lib\CMakeFiles\libcurl_shared.dir\vauth\ntlm.c.obj: C_COMPILER__libcurl_shared_unscanned_Debug C$:\Users\19697\Documents\KeygenSDK\KeygenSDK\build-vs\vcpkg_installed\vcpkg\blds\curl\src\url-8_21_0-3ffa9f46b7.clean\lib\vauth\ntlm.c || cmake_object_order_depends_target_libcurl_shared
  CONFIG = Debug
  DEFINES = -DBUILDING_LIBCURL -DCURL_HIDDEN_SYMBOLS -DHAVE_CONFIG_H -DUNICODE -D_UNICODE -Dlibcurl_shared_EXPORTS
  FLAGS = /nologo /DWIN32 /D_WINDOWS /utf-8 /MP  /MDd /Z7 /Ob0 /Od /RTC1  -MDd -W4 -Wall -wd4061 -wd4191 -wd4255 -wd4464 -wd4548 -wd4574 -wd4668 -wd4710 -wd4711 -wd4746 -wd4820 -wd5045 -MP
  INCLUDES = -IC:\Users\19697\Documents\KeygenSDK\KeygenSDK\build-vs\vcpkg_installed\vcpkg\blds\curl\src\url-8_21_0-3ffa9f46b7.clean\include -IC:\Users\19697\Documents\KeygenSDK\KeygenSDK\build-vs\vcpkg_installed\vcpkg\blds\curl\x64-windows-dbg\lib -IC:\Users\19697\Documents\KeygenSDK\KeygenSDK\build-vs\vcpkg_installed\vcpkg\blds\curl\src\url-8_21_0-3ffa9f46b7.clean\lib -external:IC:\Users\19697\Documents\KeygenSDK\KeygenSDK\build-vs\vcpkg_installed\x64-windows\include -external:W0
  OBJECT_DIR = lib\CMakeFiles\libcurl_shared.dir
  OBJECT_FILE_DIR = lib\CMakeFiles\libcurl_shared.dir\vauth
  TARGET_COMPILE_PDB = lib\CMakeFiles\libcurl_shared.dir\
  TARGET_PDB = lib\libcurl-d.pdb
  TARGET_SUPPORT_DIR = lib\CMakeFiles\libcurl_shared.dir

build lib\CMakeFiles\libcurl_shared.dir\vauth\ntlm_sspi.c.obj: C_COMPILER__libcurl_shared_unscanned_Debug C$:\Users\19697\Documents\KeygenSDK\KeygenSDK\build-vs\vcpkg_installed\vcpkg\blds\curl\src\url-8_21_0-3ffa9f46b7.clean\lib\vauth\ntlm_sspi.c || cmake_object_order_depends_target_libcurl_shared
  CONFIG = Debug
  DEFINES = -DBUILDING_LIBCURL -DCURL_HIDDEN_SYMBOLS -DHAVE_CONFIG_H -DUNICODE -D_UNICODE -Dlibcurl_shared_EXPORTS
  FLAGS = /nologo /DWIN32 /D_WINDOWS /utf-8 /MP  /MDd /Z7 /Ob0 /Od /RTC1  -MDd -W4 -Wall -wd4061 -wd4191 -wd4255 -wd4464 -wd4548 -wd4574 -wd4668 -wd4710 -wd4711 -wd4746 -wd4820 -wd5045 -MP
  INCLUDES = -IC:\Users\19697\Documents\KeygenSDK\KeygenSDK\build-vs\vcpkg_installed\vcpkg\blds\curl\src\url-8_21_0-3ffa9f46b7.clean\include -IC:\Users\19697\Documents\KeygenSDK\KeygenSDK\build-vs\vcpkg_installed\vcpkg\blds\curl\x64-windows-dbg\lib -IC:\Users\19697\Documents\KeygenSDK\KeygenSDK\build-vs\vcpkg_installed\vcpkg\blds\curl\src\url-8_21_0-3ffa9f46b7.clean\lib -external:IC:\Users\19697\Documents\KeygenSDK\KeygenSDK\build-vs\vcpkg_installed\x64-windows\include -external:W0
  OBJECT_DIR = lib\CMakeFiles\libcurl_shared.dir
  OBJECT_FILE_DIR = lib\CMakeFiles\libcurl_shared.dir\vauth
  TARGET_COMPILE_PDB = lib\CMakeFiles\libcurl_shared.dir\
  TARGET_PDB = lib\libcurl-d.pdb
  TARGET_SUPPORT_DIR = lib\CMakeFiles\libcurl_shared.dir

build lib\CMakeFiles\libcurl_shared.dir\vauth\oauth2.c.obj: C_COMPILER__libcurl_shared_unscanned_Debug C$:\Users\19697\Documents\KeygenSDK\KeygenSDK\build-vs\vcpkg_installed\vcpkg\blds\curl\src\url-8_21_0-3ffa9f46b7.clean\lib\vauth\oauth2.c || cmake_object_order_depends_target_libcurl_shared
  CONFIG = Debug
  DEFINES = -DBUILDING_LIBCURL -DCURL_HIDDEN_SYMBOLS -DHAVE_CONFIG_H -DUNICODE -D_UNICODE -Dlibcurl_shared_EXPORTS
  FLAGS = /nologo /DWIN32 /D_WINDOWS /utf-8 /MP  /MDd /Z7 /Ob0 /Od /RTC1  -MDd -W4 -Wall -wd4061 -wd4191 -wd4255 -wd4464 -wd4548 -wd4574 -wd4668 -wd4710 -wd4711 -wd4746 -wd4820 -wd5045 -MP
  INCLUDES = -IC:\Users\19697\Documents\KeygenSDK\KeygenSDK\build-vs\vcpkg_installed\vcpkg\blds\curl\src\url-8_21_0-3ffa9f46b7.clean\include -IC:\Users\19697\Documents\KeygenSDK\KeygenSDK\build-vs\vcpkg_installed\vcpkg\blds\curl\x64-windows-dbg\lib -IC:\Users\19697\Documents\KeygenSDK\KeygenSDK\build-vs\vcpkg_installed\vcpkg\blds\curl\src\url-8_21_0-3ffa9f46b7.clean\lib -external:IC:\Users\19697\Documents\KeygenSDK\KeygenSDK\build-vs\vcpkg_installed\x64-windows\include -external:W0
  OBJECT_DIR = lib\CMakeFiles\libcurl_shared.dir
  OBJECT_FILE_DIR = lib\CMakeFiles\libcurl_shared.dir\vauth
  TARGET_COMPILE_PDB = lib\CMakeFiles\libcurl_shared.dir\
  TARGET_PDB = lib\libcurl-d.pdb
  TARGET_SUPPORT_DIR = lib\CMakeFiles\libcurl_shared.dir

build lib\CMakeFiles\libcurl_shared.dir\vauth\spnego_gssapi.c.obj: C_COMPILER__libcurl_shared_unscanned_Debug C$:\Users\19697\Documents\KeygenSDK\KeygenSDK\build-vs\vcpkg_installed\vcpkg\blds\curl\src\url-8_21_0-3ffa9f46b7.clean\lib\vauth\spnego_gssapi.c || cmake_object_order_depends_target_libcurl_shared
  CONFIG = Debug
  DEFINES = -DBUILDING_LIBCURL -DCURL_HIDDEN_SYMBOLS -DHAVE_CONFIG_H -DUNICODE -D_UNICODE -Dlibcurl_shared_EXPORTS
  FLAGS = /nologo /DWIN32 /D_WINDOWS /utf-8 /MP  /MDd /Z7 /Ob0 /Od /RTC1  -MDd -W4 -Wall -wd4061 -wd4191 -wd4255 -wd4464 -wd4548 -wd4574 -wd4668 -wd4710 -wd4711 -wd4746 -wd4820 -wd5045 -MP
  INCLUDES = -IC:\Users\19697\Documents\KeygenSDK\KeygenSDK\build-vs\vcpkg_installed\vcpkg\blds\curl\src\url-8_21_0-3ffa9f46b7.clean\include -IC:\Users\19697\Documents\KeygenSDK\KeygenSDK\build-vs\vcpkg_installed\vcpkg\blds\curl\x64-windows-dbg\lib -IC:\Users\19697\Documents\KeygenSDK\KeygenSDK\build-vs\vcpkg_installed\vcpkg\blds\curl\src\url-8_21_0-3ffa9f46b7.clean\lib -external:IC:\Users\19697\Documents\KeygenSDK\KeygenSDK\build-vs\vcpkg_installed\x64-windows\include -external:W0
  OBJECT_DIR = lib\CMakeFiles\libcurl_shared.dir
  OBJECT_FILE_DIR = lib\CMakeFiles\libcurl_shared.dir\vauth
  TARGET_COMPILE_PDB = lib\CMakeFiles\libcurl_shared.dir\
  TARGET_PDB = lib\libcurl-d.pdb
  TARGET_SUPPORT_DIR = lib\CMakeFiles\libcurl_shared.dir

build lib\CMakeFiles\libcurl_shared.dir\vauth\spnego_sspi.c.obj: C_COMPILER__libcurl_shared_unscanned_Debug C$:\Users\19697\Documents\KeygenSDK\KeygenSDK\build-vs\vcpkg_installed\vcpkg\blds\curl\src\url-8_21_0-3ffa9f46b7.clean\lib\vauth\spnego_sspi.c || cmake_object_order_depends_target_libcurl_shared
  CONFIG = Debug
  DEFINES = -DBUILDING_LIBCURL -DCURL_HIDDEN_SYMBOLS -DHAVE_CONFIG_H -DUNICODE -D_UNICODE -Dlibcurl_shared_EXPORTS
  FLAGS = /nologo /DWIN32 /D_WINDOWS /utf-8 /MP  /MDd /Z7 /Ob0 /Od /RTC1  -MDd -W4 -Wall -wd4061 -wd4191 -wd4255 -wd4464 -wd4548 -wd4574 -wd4668 -wd4710 -wd4711 -wd4746 -wd4820 -wd5045 -MP
  INCLUDES = -IC:\Users\19697\Documents\KeygenSDK\KeygenSDK\build-vs\vcpkg_installed\vcpkg\blds\curl\src\url-8_21_0-3ffa9f46b7.clean\include -IC:\Users\19697\Documents\KeygenSDK\KeygenSDK\build-vs\vcpkg_installed\vcpkg\blds\curl\x64-windows-dbg\lib -IC:\Users\19697\Documents\KeygenSDK\KeygenSDK\build-vs\vcpkg_installed\vcpkg\blds\curl\src\url-8_21_0-3ffa9f46b7.clean\lib -external:IC:\Users\19697\Documents\KeygenSDK\KeygenSDK\build-vs\vcpkg_installed\x64-windows\include -external:W0
  OBJECT_DIR = lib\CMakeFiles\libcurl_shared.dir
  OBJECT_FILE_DIR = lib\CMakeFiles\libcurl_shared.dir\vauth
  TARGET_COMPILE_PDB = lib\CMakeFiles\libcurl_shared.dir\
  TARGET_PDB = lib\libcurl-d.pdb
  TARGET_SUPPORT_DIR = lib\CMakeFiles\libcurl_shared.dir

build lib\CMakeFiles\libcurl_shared.dir\vauth\vauth.c.obj: C_COMPILER__libcurl_shared_unscanned_Debug C$:\Users\19697\Documents\KeygenSDK\KeygenSDK\build-vs\vcpkg_installed\vcpkg\blds\curl\src\url-8_21_0-3ffa9f46b7.clean\lib\vauth\vauth.c || cmake_object_order_depends_target_libcurl_shared
  CONFIG = Debug
  DEFINES = -DBUILDING_LIBCURL -DCURL_HIDDEN_SYMBOLS -DHAVE_CONFIG_H -DUNICODE -D_UNICODE -Dlibcurl_shared_EXPORTS
  FLAGS = /nologo /DWIN32 /D_WINDOWS /utf-8 /MP  /MDd /Z7 /Ob0 /Od /RTC1  -MDd -W4 -Wall -wd4061 -wd4191 -wd4255 -wd4464 -wd4548 -wd4574 -wd4668 -wd4710 -wd4711 -wd4746 -wd4820 -wd5045 -MP
  INCLUDES = -IC:\Users\19697\Documents\KeygenSDK\KeygenSDK\build-vs\vcpkg_installed\vcpkg\blds\curl\src\url-8_21_0-3ffa9f46b7.clean\include -IC:\Users\19697\Documents\KeygenSDK\KeygenSDK\build-vs\vcpkg_installed\vcpkg\blds\curl\x64-windows-dbg\lib -IC:\Users\19697\Documents\KeygenSDK\KeygenSDK\build-vs\vcpkg_installed\vcpkg\blds\curl\src\url-8_21_0-3ffa9f46b7.clean\lib -external:IC:\Users\19697\Documents\KeygenSDK\KeygenSDK\build-vs\vcpkg_installed\x64-windows\include -external:W0
  OBJECT_DIR = lib\CMakeFiles\libcurl_shared.dir
  OBJECT_FILE_DIR = lib\CMakeFiles\libcurl_shared.dir\vauth
  TARGET_COMPILE_PDB = lib\CMakeFiles\libcurl_shared.dir\
  TARGET_PDB = lib\libcurl-d.pdb
  TARGET_SUPPORT_DIR = lib\CMakeFiles\libcurl_shared.dir

build lib\CMakeFiles\libcurl_shared.dir\vtls\apple.c.obj: C_COMPILER__libcurl_shared_unscanned_Debug C$:\Users\19697\Documents\KeygenSDK\KeygenSDK\build-vs\vcpkg_installed\vcpkg\blds\curl\src\url-8_21_0-3ffa9f46b7.clean\lib\vtls\apple.c || cmake_object_order_depends_target_libcurl_shared
  CONFIG = Debug
  DEFINES = -DBUILDING_LIBCURL -DCURL_HIDDEN_SYMBOLS -DHAVE_CONFIG_H -DUNICODE -D_UNICODE -Dlibcurl_shared_EXPORTS
  FLAGS = /nologo /DWIN32 /D_WINDOWS /utf-8 /MP  /MDd /Z7 /Ob0 /Od /RTC1  -MDd -W4 -Wall -wd4061 -wd4191 -wd4255 -wd4464 -wd4548 -wd4574 -wd4668 -wd4710 -wd4711 -wd4746 -wd4820 -wd5045 -MP
  INCLUDES = -IC:\Users\19697\Documents\KeygenSDK\KeygenSDK\build-vs\vcpkg_installed\vcpkg\blds\curl\src\url-8_21_0-3ffa9f46b7.clean\include -IC:\Users\19697\Documents\KeygenSDK\KeygenSDK\build-vs\vcpkg_installed\vcpkg\blds\curl\x64-windows-dbg\lib -IC:\Users\19697\Documents\KeygenSDK\KeygenSDK\build-vs\vcpkg_installed\vcpkg\blds\curl\src\url-8_21_0-3ffa9f46b7.clean\lib -external:IC:\Users\19697\Documents\KeygenSDK\KeygenSDK\build-vs\vcpkg_installed\x64-windows\include -external:W0
  OBJECT_DIR = lib\CMakeFiles\libcurl_shared.dir
  OBJECT_FILE_DIR = lib\CMakeFiles\libcurl_shared.dir\vtls
  TARGET_COMPILE_PDB = lib\CMakeFiles\libcurl_shared.dir\
  TARGET_PDB = lib\libcurl-d.pdb
  TARGET_SUPPORT_DIR = lib\CMakeFiles\libcurl_shared.dir

build lib\CMakeFiles\libcurl_shared.dir\vtls\cipher_suite.c.obj: C_COMPILER__libcurl_shared_unscanned_Debug C$:\Users\19697\Documents\KeygenSDK\KeygenSDK\build-vs\vcpkg_installed\vcpkg\blds\curl\src\url-8_21_0-3ffa9f46b7.clean\lib\vtls\cipher_suite.c || cmake_object_order_depends_target_libcurl_shared
  CONFIG = Debug
  DEFINES = -DBUILDING_LIBCURL -DCURL_HIDDEN_SYMBOLS -DHAVE_CONFIG_H -DUNICODE -D_UNICODE -Dlibcurl_shared_EXPORTS
  FLAGS = /nologo /DWIN32 /D_WINDOWS /utf-8 /MP  /MDd /Z7 /Ob0 /Od /RTC1  -MDd -W4 -Wall -wd4061 -wd4191 -wd4255 -wd4464 -wd4548 -wd4574 -wd4668 -wd4710 -wd4711 -wd4746 -wd4820 -wd5045 -MP
  INCLUDES = -IC:\Users\19697\Documents\KeygenSDK\KeygenSDK\build-vs\vcpkg_installed\vcpkg\blds\curl\src\url-8_21_0-3ffa9f46b7.clean\include -IC:\Users\19697\Documents\KeygenSDK\KeygenSDK\build-vs\vcpkg_installed\vcpkg\blds\curl\x64-windows-dbg\lib -IC:\Users\19697\Documents\KeygenSDK\KeygenSDK\build-vs\vcpkg_installed\vcpkg\blds\curl\src\url-8_21_0-3ffa9f46b7.clean\lib -external:IC:\Users\19697\Documents\KeygenSDK\KeygenSDK\build-vs\vcpkg_installed\x64-windows\include -external:W0
  OBJECT_DIR = lib\CMakeFiles\libcurl_shared.dir
  OBJECT_FILE_DIR = lib\CMakeFiles\libcurl_shared.dir\vtls
  TARGET_COMPILE_PDB = lib\CMakeFiles\libcurl_shared.dir\
  TARGET_PDB = lib\libcurl-d.pdb
  TARGET_SUPPORT_DIR = lib\CMakeFiles\libcurl_shared.dir

build lib\CMakeFiles\libcurl_shared.dir\vtls\gtls.c.obj: C_COMPILER__libcurl_shared_unscanned_Debug C$:\Users\19697\Documents\KeygenSDK\KeygenSDK\build-vs\vcpkg_installed\vcpkg\blds\curl\src\url-8_21_0-3ffa9f46b7.clean\lib\vtls\gtls.c || cmake_object_order_depends_target_libcurl_shared
  CONFIG = Debug
  DEFINES = -DBUILDING_LIBCURL -DCURL_HIDDEN_SYMBOLS -DHAVE_CONFIG_H -DUNICODE -D_UNICODE -Dlibcurl_shared_EXPORTS
  FLAGS = /nologo /DWIN32 /D_WINDOWS /utf-8 /MP  /MDd /Z7 /Ob0 /Od /RTC1  -MDd -W4 -Wall -wd4061 -wd4191 -wd4255 -wd4464 -wd4548 -wd4574 -wd4668 -wd4710 -wd4711 -wd4746 -wd4820 -wd5045 -MP
  INCLUDES = -IC:\Users\19697\Documents\KeygenSDK\KeygenSDK\build-vs\vcpkg_installed\vcpkg\blds\curl\src\url-8_21_0-3ffa9f46b7.clean\include -IC:\Users\19697\Documents\KeygenSDK\KeygenSDK\build-vs\vcpkg_installed\vcpkg\blds\curl\x64-windows-dbg\lib -IC:\Users\19697\Documents\KeygenSDK\KeygenSDK\build-vs\vcpkg_installed\vcpkg\blds\curl\src\url-8_21_0-3ffa9f46b7.clean\lib -external:IC:\Users\19697\Documents\KeygenSDK\KeygenSDK\build-vs\vcpkg_installed\x64-windows\include -external:W0
  OBJECT_DIR = lib\CMakeFiles\libcurl_shared.dir
  OBJECT_FILE_DIR = lib\CMakeFiles\libcurl_shared.dir\vtls
  TARGET_COMPILE_PDB = lib\CMakeFiles\libcurl_shared.dir\
  TARGET_PDB = lib\libcurl-d.pdb
  TARGET_SUPPORT_DIR = lib\CMakeFiles\libcurl_shared.dir

build lib\CMakeFiles\libcurl_shared.dir\vtls\hostcheck.c.obj: C_COMPILER__libcurl_shared_unscanned_Debug C$:\Users\19697\Documents\KeygenSDK\KeygenSDK\build-vs\vcpkg_installed\vcpkg\blds\curl\src\url-8_21_0-3ffa9f46b7.clean\lib\vtls\hostcheck.c || cmake_object_order_depends_target_libcurl_shared
  CONFIG = Debug
  DEFINES = -DBUILDING_LIBCURL -DCURL_HIDDEN_SYMBOLS -DHAVE_CONFIG_H -DUNICODE -D_UNICODE -Dlibcurl_shared_EXPORTS
  FLAGS = /nologo /DWIN32 /D_WINDOWS /utf-8 /MP  /MDd /Z7 /Ob0 /Od /RTC1  -MDd -W4 -Wall -wd4061 -wd4191 -wd4255 -wd4464 -wd4548 -wd4574 -wd4668 -wd4710 -wd4711 -wd4746 -wd4820 -wd5045 -MP
  INCLUDES = -IC:\Users\19697\Documents\KeygenSDK\KeygenSDK\build-vs\vcpkg_installed\vcpkg\blds\curl\src\url-8_21_0-3ffa9f46b7.clean\include -IC:\Users\19697\Documents\KeygenSDK\KeygenSDK\build-vs\vcpkg_installed\vcpkg\blds\curl\x64-windows-dbg\lib -IC:\Users\19697\Documents\KeygenSDK\KeygenSDK\build-vs\vcpkg_installed\vcpkg\blds\curl\src\url-8_21_0-3ffa9f46b7.clean\lib -external:IC:\Users\19697\Documents\KeygenSDK\KeygenSDK\build-vs\vcpkg_installed\x64-windows\include -external:W0
  OBJECT_DIR = lib\CMakeFiles\libcurl_shared.dir
  OBJECT_FILE_DIR = lib\CMakeFiles\libcurl_shared.dir\vtls
  TARGET_COMPILE_PDB = lib\CMakeFiles\libcurl_shared.dir\
  TARGET_PDB = lib\libcurl-d.pdb
  TARGET_SUPPORT_DIR = lib\CMakeFiles\libcurl_shared.dir

build lib\CMakeFiles\libcurl_shared.dir\vtls\keylog.c.obj: C_COMPILER__libcurl_shared_unscanned_Debug C$:\Users\19697\Documents\KeygenSDK\KeygenSDK\build-vs\vcpkg_installed\vcpkg\blds\curl\src\url-8_21_0-3ffa9f46b7.clean\lib\vtls\keylog.c || cmake_object_order_depends_target_libcurl_shared
  CONFIG = Debug
  DEFINES = -DBUILDING_LIBCURL -DCURL_HIDDEN_SYMBOLS -DHAVE_CONFIG_H -DUNICODE -D_UNICODE -Dlibcurl_shared_EXPORTS
  FLAGS = /nologo /DWIN32 /D_WINDOWS /utf-8 /MP  /MDd /Z7 /Ob0 /Od /RTC1  -MDd -W4 -Wall -wd4061 -wd4191 -wd4255 -wd4464 -wd4548 -wd4574 -wd4668 -wd4710 -wd4711 -wd4746 -wd4820 -wd5045 -MP
  INCLUDES = -IC:\Users\19697\Documents\KeygenSDK\KeygenSDK\build-vs\vcpkg_installed\vcpkg\blds\curl\src\url-8_21_0-3ffa9f46b7.clean\include -IC:\Users\19697\Documents\KeygenSDK\KeygenSDK\build-vs\vcpkg_installed\vcpkg\blds\curl\x64-windows-dbg\lib -IC:\Users\19697\Documents\KeygenSDK\KeygenSDK\build-vs\vcpkg_installed\vcpkg\blds\curl\src\url-8_21_0-3ffa9f46b7.clean\lib -external:IC:\Users\19697\Documents\KeygenSDK\KeygenSDK\build-vs\vcpkg_installed\x64-windows\include -external:W0
  OBJECT_DIR = lib\CMakeFiles\libcurl_shared.dir
  OBJECT_FILE_DIR = lib\CMakeFiles\libcurl_shared.dir\vtls
  TARGET_COMPILE_PDB = lib\CMakeFiles\libcurl_shared.dir\
  TARGET_PDB = lib\libcurl-d.pdb
  TARGET_SUPPORT_DIR = lib\CMakeFiles\libcurl_shared.dir

build lib\CMakeFiles\libcurl_shared.dir\vtls\mbedtls.c.obj: C_COMPILER__libcurl_shared_unscanned_Debug C$:\Users\19697\Documents\KeygenSDK\KeygenSDK\build-vs\vcpkg_installed\vcpkg\blds\curl\src\url-8_21_0-3ffa9f46b7.clean\lib\vtls\mbedtls.c || cmake_object_order_depends_target_libcurl_shared
  CONFIG = Debug
  DEFINES = -DBUILDING_LIBCURL -DCURL_HIDDEN_SYMBOLS -DHAVE_CONFIG_H -DUNICODE -D_UNICODE -Dlibcurl_shared_EXPORTS
  FLAGS = /nologo /DWIN32 /D_WINDOWS /utf-8 /MP  /MDd /Z7 /Ob0 /Od /RTC1  -MDd -W4 -Wall -wd4061 -wd4191 -wd4255 -wd4464 -wd4548 -wd4574 -wd4668 -wd4710 -wd4711 -wd4746 -wd4820 -wd5045 -MP
  INCLUDES = -IC:\Users\19697\Documents\KeygenSDK\KeygenSDK\build-vs\vcpkg_installed\vcpkg\blds\curl\src\url-8_21_0-3ffa9f46b7.clean\include -IC:\Users\19697\Documents\KeygenSDK\KeygenSDK\build-vs\vcpkg_installed\vcpkg\blds\curl\x64-windows-dbg\lib -IC:\Users\19697\Documents\KeygenSDK\KeygenSDK\build-vs\vcpkg_installed\vcpkg\blds\curl\src\url-8_21_0-3ffa9f46b7.clean\lib -external:IC:\Users\19697\Documents\KeygenSDK\KeygenSDK\build-vs\vcpkg_installed\x64-windows\include -external:W0
  OBJECT_DIR = lib\CMakeFiles\libcurl_shared.dir
  OBJECT_FILE_DIR = lib\CMakeFiles\libcurl_shared.dir\vtls
  TARGET_COMPILE_PDB = lib\CMakeFiles\libcurl_shared.dir\
  TARGET_PDB = lib\libcurl-d.pdb
  TARGET_SUPPORT_DIR = lib\CMakeFiles\libcurl_shared.dir

build lib\CMakeFiles\libcurl_shared.dir\vtls\openssl.c.obj: C_COMPILER__libcurl_shared_unscanned_Debug C$:\Users\19697\Documents\KeygenSDK\KeygenSDK\build-vs\vcpkg_installed\vcpkg\blds\curl\src\url-8_21_0-3ffa9f46b7.clean\lib\vtls\openssl.c || cmake_object_order_depends_target_libcurl_shared
  CONFIG = Debug
  DEFINES = -DBUILDING_LIBCURL -DCURL_HIDDEN_SYMBOLS -DHAVE_CONFIG_H -DUNICODE -D_UNICODE -Dlibcurl_shared_EXPORTS
  FLAGS = /nologo /DWIN32 /D_WINDOWS /utf-8 /MP  /MDd /Z7 /Ob0 /Od /RTC1  -MDd -W4 -Wall -wd4061 -wd4191 -wd4255 -wd4464 -wd4548 -wd4574 -wd4668 -wd4710 -wd4711 -wd4746 -wd4820 -wd5045 -MP
  INCLUDES = -IC:\Users\19697\Documents\KeygenSDK\KeygenSDK\build-vs\vcpkg_installed\vcpkg\blds\curl\src\url-8_21_0-3ffa9f46b7.clean\include -IC:\Users\19697\Documents\KeygenSDK\KeygenSDK\build-vs\vcpkg_installed\vcpkg\blds\curl\x64-windows-dbg\lib -IC:\Users\19697\Documents\KeygenSDK\KeygenSDK\build-vs\vcpkg_installed\vcpkg\blds\curl\src\url-8_21_0-3ffa9f46b7.clean\lib -external:IC:\Users\19697\Documents\KeygenSDK\KeygenSDK\build-vs\vcpkg_installed\x64-windows\include -external:W0
  OBJECT_DIR = lib\CMakeFiles\libcurl_shared.dir
  OBJECT_FILE_DIR = lib\CMakeFiles\libcurl_shared.dir\vtls
  TARGET_COMPILE_PDB = lib\CMakeFiles\libcurl_shared.dir\
  TARGET_PDB = lib\libcurl-d.pdb
  TARGET_SUPPORT_DIR = lib\CMakeFiles\libcurl_shared.dir

build lib\CMakeFiles\libcurl_shared.dir\vtls\rustls.c.obj: C_COMPILER__libcurl_shared_unscanned_Debug C$:\Users\19697\Documents\KeygenSDK\KeygenSDK\build-vs\vcpkg_installed\vcpkg\blds\curl\src\url-8_21_0-3ffa9f46b7.clean\lib\vtls\rustls.c || cmake_object_order_depends_target_libcurl_shared
  CONFIG = Debug
  DEFINES = -DBUILDING_LIBCURL -DCURL_HIDDEN_SYMBOLS -DHAVE_CONFIG_H -DUNICODE -D_UNICODE -Dlibcurl_shared_EXPORTS
  FLAGS = /nologo /DWIN32 /D_WINDOWS /utf-8 /MP  /MDd /Z7 /Ob0 /Od /RTC1  -MDd -W4 -Wall -wd4061 -wd4191 -wd4255 -wd4464 -wd4548 -wd4574 -wd4668 -wd4710 -wd4711 -wd4746 -wd4820 -wd5045 -MP
  INCLUDES = -IC:\Users\19697\Documents\KeygenSDK\KeygenSDK\build-vs\vcpkg_installed\vcpkg\blds\curl\src\url-8_21_0-3ffa9f46b7.clean\include -IC:\Users\19697\Documents\KeygenSDK\KeygenSDK\build-vs\vcpkg_installed\vcpkg\blds\curl\x64-windows-dbg\lib -IC:\Users\19697\Documents\KeygenSDK\KeygenSDK\build-vs\vcpkg_installed\vcpkg\blds\curl\src\url-8_21_0-3ffa9f46b7.clean\lib -external:IC:\Users\19697\Documents\KeygenSDK\KeygenSDK\build-vs\vcpkg_installed\x64-windows\include -external:W0
  OBJECT_DIR = lib\CMakeFiles\libcurl_shared.dir
  OBJECT_FILE_DIR = lib\CMakeFiles\libcurl_shared.dir\vtls
  TARGET_COMPILE_PDB = lib\CMakeFiles\libcurl_shared.dir\
  TARGET_PDB = lib\libcurl-d.pdb
  TARGET_SUPPORT_DIR = lib\CMakeFiles\libcurl_shared.dir

build lib\CMakeFiles\libcurl_shared.dir\vtls\schannel.c.obj: C_COMPILER__libcurl_shared_unscanned_Debug C$:\Users\19697\Documents\KeygenSDK\KeygenSDK\build-vs\vcpkg_installed\vcpkg\blds\curl\src\url-8_21_0-3ffa9f46b7.clean\lib\vtls\schannel.c || cmake_object_order_depends_target_libcurl_shared
  CONFIG = Debug
  DEFINES = -DBUILDING_LIBCURL -DCURL_HIDDEN_SYMBOLS -DHAVE_CONFIG_H -DUNICODE -D_UNICODE -Dlibcurl_shared_EXPORTS
  FLAGS = /nologo /DWIN32 /D_WINDOWS /utf-8 /MP  /MDd /Z7 /Ob0 /Od /RTC1  -MDd -W4 -Wall -wd4061 -wd4191 -wd4255 -wd4464 -wd4548 -wd4574 -wd4668 -wd4710 -wd4711 -wd4746 -wd4820 -wd5045 -MP
  INCLUDES = -IC:\Users\19697\Documents\KeygenSDK\KeygenSDK\build-vs\vcpkg_installed\vcpkg\blds\curl\src\url-8_21_0-3ffa9f46b7.clean\include -IC:\Users\19697\Documents\KeygenSDK\KeygenSDK\build-vs\vcpkg_installed\vcpkg\blds\curl\x64-windows-dbg\lib -IC:\Users\19697\Documents\KeygenSDK\KeygenSDK\build-vs\vcpkg_installed\vcpkg\blds\curl\src\url-8_21_0-3ffa9f46b7.clean\lib -external:IC:\Users\19697\Documents\KeygenSDK\KeygenSDK\build-vs\vcpkg_installed\x64-windows\include -external:W0
  OBJECT_DIR = lib\CMakeFiles\libcurl_shared.dir
  OBJECT_FILE_DIR = lib\CMakeFiles\libcurl_shared.dir\vtls
  TARGET_COMPILE_PDB = lib\CMakeFiles\libcurl_shared.dir\
  TARGET_PDB = lib\libcurl-d.pdb
  TARGET_SUPPORT_DIR = lib\CMakeFiles\libcurl_shared.dir

build lib\CMakeFiles\libcurl_shared.dir\vtls\schannel_verify.c.obj: C_COMPILER__libcurl_shared_unscanned_Debug C$:\Users\19697\Documents\KeygenSDK\KeygenSDK\build-vs\vcpkg_installed\vcpkg\blds\curl\src\url-8_21_0-3ffa9f46b7.clean\lib\vtls\schannel_verify.c || cmake_object_order_depends_target_libcurl_shared
  CONFIG = Debug
  DEFINES = -DBUILDING_LIBCURL -DCURL_HIDDEN_SYMBOLS -DHAVE_CONFIG_H -DUNICODE -D_UNICODE -Dlibcurl_shared_EXPORTS
  FLAGS = /nologo /DWIN32 /D_WINDOWS /utf-8 /MP  /MDd /Z7 /Ob0 /Od /RTC1  -MDd -W4 -Wall -wd4061 -wd4191 -wd4255 -wd4464 -wd4548 -wd4574 -wd4668 -wd4710 -wd4711 -wd4746 -wd4820 -wd5045 -MP
  INCLUDES = -IC:\Users\19697\Documents\KeygenSDK\KeygenSDK\build-vs\vcpkg_installed\vcpkg\blds\curl\src\url-8_21_0-3ffa9f46b7.clean\include -IC:\Users\19697\Documents\KeygenSDK\KeygenSDK\build-vs\vcpkg_installed\vcpkg\blds\curl\x64-windows-dbg\lib -IC:\Users\19697\Documents\KeygenSDK\KeygenSDK\build-vs\vcpkg_installed\vcpkg\blds\curl\src\url-8_21_0-3ffa9f46b7.clean\lib -external:IC:\Users\19697\Documents\KeygenSDK\KeygenSDK\build-vs\vcpkg_installed\x64-windows\include -external:W0
  OBJECT_DIR = lib\CMakeFiles\libcurl_shared.dir
  OBJECT_FILE_DIR = lib\CMakeFiles\libcurl_shared.dir\vtls
  TARGET_COMPILE_PDB = lib\CMakeFiles\libcurl_shared.dir\
  TARGET_PDB = lib\libcurl-d.pdb
  TARGET_SUPPORT_DIR = lib\CMakeFiles\libcurl_shared.dir

build lib\CMakeFiles\libcurl_shared.dir\vtls\vtls.c.obj: C_COMPILER__libcurl_shared_unscanned_Debug C$:\Users\19697\Documents\KeygenSDK\KeygenSDK\build-vs\vcpkg_installed\vcpkg\blds\curl\src\url-8_21_0-3ffa9f46b7.clean\lib\vtls\vtls.c || cmake_object_order_depends_target_libcurl_shared
  CONFIG = Debug
  DEFINES = -DBUILDING_LIBCURL -DCURL_HIDDEN_SYMBOLS -DHAVE_CONFIG_H -DUNICODE -D_UNICODE -Dlibcurl_shared_EXPORTS
  FLAGS = /nologo /DWIN32 /D_WINDOWS /utf-8 /MP  /MDd /Z7 /Ob0 /Od /RTC1  -MDd -W4 -Wall -wd4061 -wd4191 -wd4255 -wd4464 -wd4548 -wd4574 -wd4668 -wd4710 -wd4711 -wd4746 -wd4820 -wd5045 -MP
  INCLUDES = -IC:\Users\19697\Documents\KeygenSDK\KeygenSDK\build-vs\vcpkg_installed\vcpkg\blds\curl\src\url-8_21_0-3ffa9f46b7.clean\include -IC:\Users\19697\Documents\KeygenSDK\KeygenSDK\build-vs\vcpkg_installed\vcpkg\blds\curl\x64-windows-dbg\lib -IC:\Users\19697\Documents\KeygenSDK\KeygenSDK\build-vs\vcpkg_installed\vcpkg\blds\curl\src\url-8_21_0-3ffa9f46b7.clean\lib -external:IC:\Users\19697\Documents\KeygenSDK\KeygenSDK\build-vs\vcpkg_installed\x64-windows\include -external:W0
  OBJECT_DIR = lib\CMakeFiles\libcurl_shared.dir
  OBJECT_FILE_DIR = lib\CMakeFiles\libcurl_shared.dir\vtls
  TARGET_COMPILE_PDB = lib\CMakeFiles\libcurl_shared.dir\
  TARGET_PDB = lib\libcurl-d.pdb
  TARGET_SUPPORT_DIR = lib\CMakeFiles\libcurl_shared.dir

build lib\CMakeFiles\libcurl_shared.dir\vtls\vtls_config.c.obj: C_COMPILER__libcurl_shared_unscanned_Debug C$:\Users\19697\Documents\KeygenSDK\KeygenSDK\build-vs\vcpkg_installed\vcpkg\blds\curl\src\url-8_21_0-3ffa9f46b7.clean\lib\vtls\vtls_config.c || cmake_object_order_depends_target_libcurl_shared
  CONFIG = Debug
  DEFINES = -DBUILDING_LIBCURL -DCURL_HIDDEN_SYMBOLS -DHAVE_CONFIG_H -DUNICODE -D_UNICODE -Dlibcurl_shared_EXPORTS
  FLAGS = /nologo /DWIN32 /D_WINDOWS /utf-8 /MP  /MDd /Z7 /Ob0 /Od /RTC1  -MDd -W4 -Wall -wd4061 -wd4191 -wd4255 -wd4464 -wd4548 -wd4574 -wd4668 -wd4710 -wd4711 -wd4746 -wd4820 -wd5045 -MP
  INCLUDES = -IC:\Users\19697\Documents\KeygenSDK\KeygenSDK\build-vs\vcpkg_installed\vcpkg\blds\curl\src\url-8_21_0-3ffa9f46b7.clean\include -IC:\Users\19697\Documents\KeygenSDK\KeygenSDK\build-vs\vcpkg_installed\vcpkg\blds\curl\x64-windows-dbg\lib -IC:\Users\19697\Documents\KeygenSDK\KeygenSDK\build-vs\vcpkg_installed\vcpkg\blds\curl\src\url-8_21_0-3ffa9f46b7.clean\lib -external:IC:\Users\19697\Documents\KeygenSDK\KeygenSDK\build-vs\vcpkg_installed\x64-windows\include -external:W0
  OBJECT_DIR = lib\CMakeFiles\libcurl_shared.dir
  OBJECT_FILE_DIR = lib\CMakeFiles\libcurl_shared.dir\vtls
  TARGET_COMPILE_PDB = lib\CMakeFiles\libcurl_shared.dir\
  TARGET_PDB = lib\libcurl-d.pdb
  TARGET_SUPPORT_DIR = lib\CMakeFiles\libcurl_shared.dir

build lib\CMakeFiles\libcurl_shared.dir\vtls\vtls_scache.c.obj: C_COMPILER__libcurl_shared_unscanned_Debug C$:\Users\19697\Documents\KeygenSDK\KeygenSDK\build-vs\vcpkg_installed\vcpkg\blds\curl\src\url-8_21_0-3ffa9f46b7.clean\lib\vtls\vtls_scache.c || cmake_object_order_depends_target_libcurl_shared
  CONFIG = Debug
  DEFINES = -DBUILDING_LIBCURL -DCURL_HIDDEN_SYMBOLS -DHAVE_CONFIG_H -DUNICODE -D_UNICODE -Dlibcurl_shared_EXPORTS
  FLAGS = /nologo /DWIN32 /D_WINDOWS /utf-8 /MP  /MDd /Z7 /Ob0 /Od /RTC1  -MDd -W4 -Wall -wd4061 -wd4191 -wd4255 -wd4464 -wd4548 -wd4574 -wd4668 -wd4710 -wd4711 -wd4746 -wd4820 -wd5045 -MP
  INCLUDES = -IC:\Users\19697\Documents\KeygenSDK\KeygenSDK\build-vs\vcpkg_installed\vcpkg\blds\curl\src\url-8_21_0-3ffa9f46b7.clean\include -IC:\Users\19697\Documents\KeygenSDK\KeygenSDK\build-vs\vcpkg_installed\vcpkg\blds\curl\x64-windows-dbg\lib -IC:\Users\19697\Documents\KeygenSDK\KeygenSDK\build-vs\vcpkg_installed\vcpkg\blds\curl\src\url-8_21_0-3ffa9f46b7.clean\lib -external:IC:\Users\19697\Documents\KeygenSDK\KeygenSDK\build-vs\vcpkg_installed\x64-windows\include -external:W0
  OBJECT_DIR = lib\CMakeFiles\libcurl_shared.dir
  OBJECT_FILE_DIR = lib\CMakeFiles\libcurl_shared.dir\vtls
  TARGET_COMPILE_PDB = lib\CMakeFiles\libcurl_shared.dir\
  TARGET_PDB = lib\libcurl-d.pdb
  TARGET_SUPPORT_DIR = lib\CMakeFiles\libcurl_shared.dir

build lib\CMakeFiles\libcurl_shared.dir\vtls\vtls_spack.c.obj: C_COMPILER__libcurl_shared_unscanned_Debug C$:\Users\19697\Documents\KeygenSDK\KeygenSDK\build-vs\vcpkg_installed\vcpkg\blds\curl\src\url-8_21_0-3ffa9f46b7.clean\lib\vtls\vtls_spack.c || cmake_object_order_depends_target_libcurl_shared
  CONFIG = Debug
  DEFINES = -DBUILDING_LIBCURL -DCURL_HIDDEN_SYMBOLS -DHAVE_CONFIG_H -DUNICODE -D_UNICODE -Dlibcurl_shared_EXPORTS
  FLAGS = /nologo /DWIN32 /D_WINDOWS /utf-8 /MP  /MDd /Z7 /Ob0 /Od /RTC1  -MDd -W4 -Wall -wd4061 -wd4191 -wd4255 -wd4464 -wd4548 -wd4574 -wd4668 -wd4710 -wd4711 -wd4746 -wd4820 -wd5045 -MP
  INCLUDES = -IC:\Users\19697\Documents\KeygenSDK\KeygenSDK\build-vs\vcpkg_installed\vcpkg\blds\curl\src\url-8_21_0-3ffa9f46b7.clean\include -IC:\Users\19697\Documents\KeygenSDK\KeygenSDK\build-vs\vcpkg_installed\vcpkg\blds\curl\x64-windows-dbg\lib -IC:\Users\19697\Documents\KeygenSDK\KeygenSDK\build-vs\vcpkg_installed\vcpkg\blds\curl\src\url-8_21_0-3ffa9f46b7.clean\lib -external:IC:\Users\19697\Documents\KeygenSDK\KeygenSDK\build-vs\vcpkg_installed\x64-windows\include -external:W0
  OBJECT_DIR = lib\CMakeFiles\libcurl_shared.dir
  OBJECT_FILE_DIR = lib\CMakeFiles\libcurl_shared.dir\vtls
  TARGET_COMPILE_PDB = lib\CMakeFiles\libcurl_shared.dir\
  TARGET_PDB = lib\libcurl-d.pdb
  TARGET_SUPPORT_DIR = lib\CMakeFiles\libcurl_shared.dir

build lib\CMakeFiles\libcurl_shared.dir\vtls\wolfssl.c.obj: C_COMPILER__libcurl_shared_unscanned_Debug C$:\Users\19697\Documents\KeygenSDK\KeygenSDK\build-vs\vcpkg_installed\vcpkg\blds\curl\src\url-8_21_0-3ffa9f46b7.clean\lib\vtls\wolfssl.c || cmake_object_order_depends_target_libcurl_shared
  CONFIG = Debug
  DEFINES = -DBUILDING_LIBCURL -DCURL_HIDDEN_SYMBOLS -DHAVE_CONFIG_H -DUNICODE -D_UNICODE -Dlibcurl_shared_EXPORTS
  FLAGS = /nologo /DWIN32 /D_WINDOWS /utf-8 /MP  /MDd /Z7 /Ob0 /Od /RTC1  -MDd -W4 -Wall -wd4061 -wd4191 -wd4255 -wd4464 -wd4548 -wd4574 -wd4668 -wd4710 -wd4711 -wd4746 -wd4820 -wd5045 -MP
  INCLUDES = -IC:\Users\19697\Documents\KeygenSDK\KeygenSDK\build-vs\vcpkg_installed\vcpkg\blds\curl\src\url-8_21_0-3ffa9f46b7.clean\include -IC:\Users\19697\Documents\KeygenSDK\KeygenSDK\build-vs\vcpkg_installed\vcpkg\blds\curl\x64-windows-dbg\lib -IC:\Users\19697\Documents\KeygenSDK\KeygenSDK\build-vs\vcpkg_installed\vcpkg\blds\curl\src\url-8_21_0-3ffa9f46b7.clean\lib -external:IC:\Users\19697\Documents\KeygenSDK\KeygenSDK\build-vs\vcpkg_installed\x64-windows\include -external:W0
  OBJECT_DIR = lib\CMakeFiles\libcurl_shared.dir
  OBJECT_FILE_DIR = lib\CMakeFiles\libcurl_shared.dir\vtls
  TARGET_COMPILE_PDB = lib\CMakeFiles\libcurl_shared.dir\
  TARGET_PDB = lib\libcurl-d.pdb
  TARGET_SUPPORT_DIR = lib\CMakeFiles\libcurl_shared.dir

build lib\CMakeFiles\libcurl_shared.dir\vtls\x509asn1.c.obj: C_COMPILER__libcurl_shared_unscanned_Debug C$:\Users\19697\Documents\KeygenSDK\KeygenSDK\build-vs\vcpkg_installed\vcpkg\blds\curl\src\url-8_21_0-3ffa9f46b7.clean\lib\vtls\x509asn1.c || cmake_object_order_depends_target_libcurl_shared
  CONFIG = Debug
  DEFINES = -DBUILDING_LIBCURL -DCURL_HIDDEN_SYMBOLS -DHAVE_CONFIG_H -DUNICODE -D_UNICODE -Dlibcurl_shared_EXPORTS
  FLAGS = /nologo /DWIN32 /D_WINDOWS /utf-8 /MP  /MDd /Z7 /Ob0 /Od /RTC1  -MDd -W4 -Wall -wd4061 -wd4191 -wd4255 -wd4464 -wd4548 -wd4574 -wd4668 -wd4710 -wd4711 -wd4746 -wd4820 -wd5045 -MP
  INCLUDES = -IC:\Users\19697\Documents\KeygenSDK\KeygenSDK\build-vs\vcpkg_installed\vcpkg\blds\curl\src\url-8_21_0-3ffa9f46b7.clean\include -IC:\Users\19697\Documents\KeygenSDK\KeygenSDK\build-vs\vcpkg_installed\vcpkg\blds\curl\x64-windows-dbg\lib -IC:\Users\19697\Documents\KeygenSDK\KeygenSDK\build-vs\vcpkg_installed\vcpkg\blds\curl\src\url-8_21_0-3ffa9f46b7.clean\lib -external:IC:\Users\19697\Documents\KeygenSDK\KeygenSDK\build-vs\vcpkg_installed\x64-windows\include -external:W0
  OBJECT_DIR = lib\CMakeFiles\libcurl_shared.dir
  OBJECT_FILE_DIR = lib\CMakeFiles\libcurl_shared.dir\vtls
  TARGET_COMPILE_PDB = lib\CMakeFiles\libcurl_shared.dir\
  TARGET_PDB = lib\libcurl-d.pdb
  TARGET_SUPPORT_DIR = lib\CMakeFiles\libcurl_shared.dir

build lib\CMakeFiles\libcurl_shared.dir\vquic\capsule.c.obj: C_COMPILER__libcurl_shared_unscanned_Debug C$:\Users\19697\Documents\KeygenSDK\KeygenSDK\build-vs\vcpkg_installed\vcpkg\blds\curl\src\url-8_21_0-3ffa9f46b7.clean\lib\vquic\capsule.c || cmake_object_order_depends_target_libcurl_shared
  CONFIG = Debug
  DEFINES = -DBUILDING_LIBCURL -DCURL_HIDDEN_SYMBOLS -DHAVE_CONFIG_H -DUNICODE -D_UNICODE -Dlibcurl_shared_EXPORTS
  FLAGS = /nologo /DWIN32 /D_WINDOWS /utf-8 /MP  /MDd /Z7 /Ob0 /Od /RTC1  -MDd -W4 -Wall -wd4061 -wd4191 -wd4255 -wd4464 -wd4548 -wd4574 -wd4668 -wd4710 -wd4711 -wd4746 -wd4820 -wd5045 -MP
  INCLUDES = -IC:\Users\19697\Documents\KeygenSDK\KeygenSDK\build-vs\vcpkg_installed\vcpkg\blds\curl\src\url-8_21_0-3ffa9f46b7.clean\include -IC:\Users\19697\Documents\KeygenSDK\KeygenSDK\build-vs\vcpkg_installed\vcpkg\blds\curl\x64-windows-dbg\lib -IC:\Users\19697\Documents\KeygenSDK\KeygenSDK\build-vs\vcpkg_installed\vcpkg\blds\curl\src\url-8_21_0-3ffa9f46b7.clean\lib -external:IC:\Users\19697\Documents\KeygenSDK\KeygenSDK\build-vs\vcpkg_installed\x64-windows\include -external:W0
  OBJECT_DIR = lib\CMakeFiles\libcurl_shared.dir
  OBJECT_FILE_DIR = lib\CMakeFiles\libcurl_shared.dir\vquic
  TARGET_COMPILE_PDB = lib\CMakeFiles\libcurl_shared.dir\
  TARGET_PDB = lib\libcurl-d.pdb
  TARGET_SUPPORT_DIR = lib\CMakeFiles\libcurl_shared.dir

build lib\CMakeFiles\libcurl_shared.dir\vquic\cf-capsule.c.obj: C_COMPILER__libcurl_shared_unscanned_Debug C$:\Users\19697\Documents\KeygenSDK\KeygenSDK\build-vs\vcpkg_installed\vcpkg\blds\curl\src\url-8_21_0-3ffa9f46b7.clean\lib\vquic\cf-capsule.c || cmake_object_order_depends_target_libcurl_shared
  CONFIG = Debug
  DEFINES = -DBUILDING_LIBCURL -DCURL_HIDDEN_SYMBOLS -DHAVE_CONFIG_H -DUNICODE -D_UNICODE -Dlibcurl_shared_EXPORTS
  FLAGS = /nologo /DWIN32 /D_WINDOWS /utf-8 /MP  /MDd /Z7 /Ob0 /Od /RTC1  -MDd -W4 -Wall -wd4061 -wd4191 -wd4255 -wd4464 -wd4548 -wd4574 -wd4668 -wd4710 -wd4711 -wd4746 -wd4820 -wd5045 -MP
  INCLUDES = -IC:\Users\19697\Documents\KeygenSDK\KeygenSDK\build-vs\vcpkg_installed\vcpkg\blds\curl\src\url-8_21_0-3ffa9f46b7.clean\include -IC:\Users\19697\Documents\KeygenSDK\KeygenSDK\build-vs\vcpkg_installed\vcpkg\blds\curl\x64-windows-dbg\lib -IC:\Users\19697\Documents\KeygenSDK\KeygenSDK\build-vs\vcpkg_installed\vcpkg\blds\curl\src\url-8_21_0-3ffa9f46b7.clean\lib -external:IC:\Users\19697\Documents\KeygenSDK\KeygenSDK\build-vs\vcpkg_installed\x64-windows\include -external:W0
  OBJECT_DIR = lib\CMakeFiles\libcurl_shared.dir
  OBJECT_FILE_DIR = lib\CMakeFiles\libcurl_shared.dir\vquic
  TARGET_COMPILE_PDB = lib\CMakeFiles\libcurl_shared.dir\
  TARGET_PDB = lib\libcurl-d.pdb
  TARGET_SUPPORT_DIR = lib\CMakeFiles\libcurl_shared.dir

build lib\CMakeFiles\libcurl_shared.dir\vquic\cf-ngtcp2.c.obj: C_COMPILER__libcurl_shared_unscanned_Debug C$:\Users\19697\Documents\KeygenSDK\KeygenSDK\build-vs\vcpkg_installed\vcpkg\blds\curl\src\url-8_21_0-3ffa9f46b7.clean\lib\vquic\cf-ngtcp2.c || cmake_object_order_depends_target_libcurl_shared
  CONFIG = Debug
  DEFINES = -DBUILDING_LIBCURL -DCURL_HIDDEN_SYMBOLS -DHAVE_CONFIG_H -DUNICODE -D_UNICODE -Dlibcurl_shared_EXPORTS
  FLAGS = /nologo /DWIN32 /D_WINDOWS /utf-8 /MP  /MDd /Z7 /Ob0 /Od /RTC1  -MDd -W4 -Wall -wd4061 -wd4191 -wd4255 -wd4464 -wd4548 -wd4574 -wd4668 -wd4710 -wd4711 -wd4746 -wd4820 -wd5045 -MP
  INCLUDES = -IC:\Users\19697\Documents\KeygenSDK\KeygenSDK\build-vs\vcpkg_installed\vcpkg\blds\curl\src\url-8_21_0-3ffa9f46b7.clean\include -IC:\Users\19697\Documents\KeygenSDK\KeygenSDK\build-vs\vcpkg_installed\vcpkg\blds\curl\x64-windows-dbg\lib -IC:\Users\19697\Documents\KeygenSDK\KeygenSDK\build-vs\vcpkg_installed\vcpkg\blds\curl\src\url-8_21_0-3ffa9f46b7.clean\lib -external:IC:\Users\19697\Documents\KeygenSDK\KeygenSDK\build-vs\vcpkg_installed\x64-windows\include -external:W0
  OBJECT_DIR = lib\CMakeFiles\libcurl_shared.dir
  OBJECT_FILE_DIR = lib\CMakeFiles\libcurl_shared.dir\vquic
  TARGET_COMPILE_PDB = lib\CMakeFiles\libcurl_shared.dir\
  TARGET_PDB = lib\libcurl-d.pdb
  TARGET_SUPPORT_DIR = lib\CMakeFiles\libcurl_shared.dir

build lib\CMakeFiles\libcurl_shared.dir\vquic\cf-ngtcp2-cmn.c.obj: C_COMPILER__libcurl_shared_unscanned_Debug C$:\Users\19697\Documents\KeygenSDK\KeygenSDK\build-vs\vcpkg_installed\vcpkg\blds\curl\src\url-8_21_0-3ffa9f46b7.clean\lib\vquic\cf-ngtcp2-cmn.c || cmake_object_order_depends_target_libcurl_shared
  CONFIG = Debug
  DEFINES = -DBUILDING_LIBCURL -DCURL_HIDDEN_SYMBOLS -DHAVE_CONFIG_H -DUNICODE -D_UNICODE -Dlibcurl_shared_EXPORTS
  FLAGS = /nologo /DWIN32 /D_WINDOWS /utf-8 /MP  /MDd /Z7 /Ob0 /Od /RTC1  -MDd -W4 -Wall -wd4061 -wd4191 -wd4255 -wd4464 -wd4548 -wd4574 -wd4668 -wd4710 -wd4711 -wd4746 -wd4820 -wd5045 -MP
  INCLUDES = -IC:\Users\19697\Documents\KeygenSDK\KeygenSDK\build-vs\vcpkg_installed\vcpkg\blds\curl\src\url-8_21_0-3ffa9f46b7.clean\include -IC:\Users\19697\Documents\KeygenSDK\KeygenSDK\build-vs\vcpkg_installed\vcpkg\blds\curl\x64-windows-dbg\lib -IC:\Users\19697\Documents\KeygenSDK\KeygenSDK\build-vs\vcpkg_installed\vcpkg\blds\curl\src\url-8_21_0-3ffa9f46b7.clean\lib -external:IC:\Users\19697\Documents\KeygenSDK\KeygenSDK\build-vs\vcpkg_installed\x64-windows\include -external:W0
  OBJECT_DIR = lib\CMakeFiles\libcurl_shared.dir
  OBJECT_FILE_DIR = lib\CMakeFiles\libcurl_shared.dir\vquic
  TARGET_COMPILE_PDB = lib\CMakeFiles\libcurl_shared.dir\
  TARGET_PDB = lib\libcurl-d.pdb
  TARGET_SUPPORT_DIR = lib\CMakeFiles\libcurl_shared.dir

build lib\CMakeFiles\libcurl_shared.dir\vquic\cf-ngtcp2-proxy.c.obj: C_COMPILER__libcurl_shared_unscanned_Debug C$:\Users\19697\Documents\KeygenSDK\KeygenSDK\build-vs\vcpkg_installed\vcpkg\blds\curl\src\url-8_21_0-3ffa9f46b7.clean\lib\vquic\cf-ngtcp2-proxy.c || cmake_object_order_depends_target_libcurl_shared
  CONFIG = Debug
  DEFINES = -DBUILDING_LIBCURL -DCURL_HIDDEN_SYMBOLS -DHAVE_CONFIG_H -DUNICODE -D_UNICODE -Dlibcurl_shared_EXPORTS
  FLAGS = /nologo /DWIN32 /D_WINDOWS /utf-8 /MP  /MDd /Z7 /Ob0 /Od /RTC1  -MDd -W4 -Wall -wd4061 -wd4191 -wd4255 -wd4464 -wd4548 -wd4574 -wd4668 -wd4710 -wd4711 -wd4746 -wd4820 -wd5045 -MP
  INCLUDES = -IC:\Users\19697\Documents\KeygenSDK\KeygenSDK\build-vs\vcpkg_installed\vcpkg\blds\curl\src\url-8_21_0-3ffa9f46b7.clean\include -IC:\Users\19697\Documents\KeygenSDK\KeygenSDK\build-vs\vcpkg_installed\vcpkg\blds\curl\x64-windows-dbg\lib -IC:\Users\19697\Documents\KeygenSDK\KeygenSDK\build-vs\vcpkg_installed\vcpkg\blds\curl\src\url-8_21_0-3ffa9f46b7.clean\lib -external:IC:\Users\19697\Documents\KeygenSDK\KeygenSDK\build-vs\vcpkg_installed\x64-windows\include -external:W0
  OBJECT_DIR = lib\CMakeFiles\libcurl_shared.dir
  OBJECT_FILE_DIR = lib\CMakeFiles\libcurl_shared.dir\vquic
  TARGET_COMPILE_PDB = lib\CMakeFiles\libcurl_shared.dir\
  TARGET_PDB = lib\libcurl-d.pdb
  TARGET_SUPPORT_DIR = lib\CMakeFiles\libcurl_shared.dir

build lib\CMakeFiles\libcurl_shared.dir\vquic\cf-quiche.c.obj: C_COMPILER__libcurl_shared_unscanned_Debug C$:\Users\19697\Documents\KeygenSDK\KeygenSDK\build-vs\vcpkg_installed\vcpkg\blds\curl\src\url-8_21_0-3ffa9f46b7.clean\lib\vquic\cf-quiche.c || cmake_object_order_depends_target_libcurl_shared
  CONFIG = Debug
  DEFINES = -DBUILDING_LIBCURL -DCURL_HIDDEN_SYMBOLS -DHAVE_CONFIG_H -DUNICODE -D_UNICODE -Dlibcurl_shared_EXPORTS
  FLAGS = /nologo /DWIN32 /D_WINDOWS /utf-8 /MP  /MDd /Z7 /Ob0 /Od /RTC1  -MDd -W4 -Wall -wd4061 -wd4191 -wd4255 -wd4464 -wd4548 -wd4574 -wd4668 -wd4710 -wd4711 -wd4746 -wd4820 -wd5045 -MP
  INCLUDES = -IC:\Users\19697\Documents\KeygenSDK\KeygenSDK\build-vs\vcpkg_installed\vcpkg\blds\curl\src\url-8_21_0-3ffa9f46b7.clean\include -IC:\Users\19697\Documents\KeygenSDK\KeygenSDK\build-vs\vcpkg_installed\vcpkg\blds\curl\x64-windows-dbg\lib -IC:\Users\19697\Documents\KeygenSDK\KeygenSDK\build-vs\vcpkg_installed\vcpkg\blds\curl\src\url-8_21_0-3ffa9f46b7.clean\lib -external:IC:\Users\19697\Documents\KeygenSDK\KeygenSDK\build-vs\vcpkg_installed\x64-windows\include -external:W0
  OBJECT_DIR = lib\CMakeFiles\libcurl_shared.dir
  OBJECT_FILE_DIR = lib\CMakeFiles\libcurl_shared.dir\vquic
  TARGET_COMPILE_PDB = lib\CMakeFiles\libcurl_shared.dir\
  TARGET_PDB = lib\libcurl-d.pdb
  TARGET_SUPPORT_DIR = lib\CMakeFiles\libcurl_shared.dir

build lib\CMakeFiles\libcurl_shared.dir\vquic\vquic.c.obj: C_COMPILER__libcurl_shared_unscanned_Debug C$:\Users\19697\Documents\KeygenSDK\KeygenSDK\build-vs\vcpkg_installed\vcpkg\blds\curl\src\url-8_21_0-3ffa9f46b7.clean\lib\vquic\vquic.c || cmake_object_order_depends_target_libcurl_shared
  CONFIG = Debug
  DEFINES = -DBUILDING_LIBCURL -DCURL_HIDDEN_SYMBOLS -DHAVE_CONFIG_H -DUNICODE -D_UNICODE -Dlibcurl_shared_EXPORTS
  FLAGS = /nologo /DWIN32 /D_WINDOWS /utf-8 /MP  /MDd /Z7 /Ob0 /Od /RTC1  -MDd -W4 -Wall -wd4061 -wd4191 -wd4255 -wd4464 -wd4548 -wd4574 -wd4668 -wd4710 -wd4711 -wd4746 -wd4820 -wd5045 -MP
  INCLUDES = -IC:\Users\19697\Documents\KeygenSDK\KeygenSDK\build-vs\vcpkg_installed\vcpkg\blds\curl\src\url-8_21_0-3ffa9f46b7.clean\include -IC:\Users\19697\Documents\KeygenSDK\KeygenSDK\build-vs\vcpkg_installed\vcpkg\blds\curl\x64-windows-dbg\lib -IC:\Users\19697\Documents\KeygenSDK\KeygenSDK\build-vs\vcpkg_installed\vcpkg\blds\curl\src\url-8_21_0-3ffa9f46b7.clean\lib -external:IC:\Users\19697\Documents\KeygenSDK\KeygenSDK\build-vs\vcpkg_installed\x64-windows\include -external:W0
  OBJECT_DIR = lib\CMakeFiles\libcurl_shared.dir
  OBJECT_FILE_DIR = lib\CMakeFiles\libcurl_shared.dir\vquic
  TARGET_COMPILE_PDB = lib\CMakeFiles\libcurl_shared.dir\
  TARGET_PDB = lib\libcurl-d.pdb
  TARGET_SUPPORT_DIR = lib\CMakeFiles\libcurl_shared.dir

build lib\CMakeFiles\libcurl_shared.dir\vquic\vquic-tls.c.obj: C_COMPILER__libcurl_shared_unscanned_Debug C$:\Users\19697\Documents\KeygenSDK\KeygenSDK\build-vs\vcpkg_installed\vcpkg\blds\curl\src\url-8_21_0-3ffa9f46b7.clean\lib\vquic\vquic-tls.c || cmake_object_order_depends_target_libcurl_shared
  CONFIG = Debug
  DEFINES = -DBUILDING_LIBCURL -DCURL_HIDDEN_SYMBOLS -DHAVE_CONFIG_H -DUNICODE -D_UNICODE -Dlibcurl_shared_EXPORTS
  FLAGS = /nologo /DWIN32 /D_WINDOWS /utf-8 /MP  /MDd /Z7 /Ob0 /Od /RTC1  -MDd -W4 -Wall -wd4061 -wd4191 -wd4255 -wd4464 -wd4548 -wd4574 -wd4668 -wd4710 -wd4711 -wd4746 -wd4820 -wd5045 -MP
  INCLUDES = -IC:\Users\19697\Documents\KeygenSDK\KeygenSDK\build-vs\vcpkg_installed\vcpkg\blds\curl\src\url-8_21_0-3ffa9f46b7.clean\include -IC:\Users\19697\Documents\KeygenSDK\KeygenSDK\build-vs\vcpkg_installed\vcpkg\blds\curl\x64-windows-dbg\lib -IC:\Users\19697\Documents\KeygenSDK\KeygenSDK\build-vs\vcpkg_installed\vcpkg\blds\curl\src\url-8_21_0-3ffa9f46b7.clean\lib -external:IC:\Users\19697\Documents\KeygenSDK\KeygenSDK\build-vs\vcpkg_installed\x64-windows\include -external:W0
  OBJECT_DIR = lib\CMakeFiles\libcurl_shared.dir
  OBJECT_FILE_DIR = lib\CMakeFiles\libcurl_shared.dir\vquic
  TARGET_COMPILE_PDB = lib\CMakeFiles\libcurl_shared.dir\
  TARGET_PDB = lib\libcurl-d.pdb
  TARGET_SUPPORT_DIR = lib\CMakeFiles\libcurl_shared.dir

build lib\CMakeFiles\libcurl_shared.dir\vssh\libssh.c.obj: C_COMPILER__libcurl_shared_unscanned_Debug C$:\Users\19697\Documents\KeygenSDK\KeygenSDK\build-vs\vcpkg_installed\vcpkg\blds\curl\src\url-8_21_0-3ffa9f46b7.clean\lib\vssh\libssh.c || cmake_object_order_depends_target_libcurl_shared
  CONFIG = Debug
  DEFINES = -DBUILDING_LIBCURL -DCURL_HIDDEN_SYMBOLS -DHAVE_CONFIG_H -DUNICODE -D_UNICODE -Dlibcurl_shared_EXPORTS
  FLAGS = /nologo /DWIN32 /D_WINDOWS /utf-8 /MP  /MDd /Z7 /Ob0 /Od /RTC1  -MDd -W4 -Wall -wd4061 -wd4191 -wd4255 -wd4464 -wd4548 -wd4574 -wd4668 -wd4710 -wd4711 -wd4746 -wd4820 -wd5045 -MP
  INCLUDES = -IC:\Users\19697\Documents\KeygenSDK\KeygenSDK\build-vs\vcpkg_installed\vcpkg\blds\curl\src\url-8_21_0-3ffa9f46b7.clean\include -IC:\Users\19697\Documents\KeygenSDK\KeygenSDK\build-vs\vcpkg_installed\vcpkg\blds\curl\x64-windows-dbg\lib -IC:\Users\19697\Documents\KeygenSDK\KeygenSDK\build-vs\vcpkg_installed\vcpkg\blds\curl\src\url-8_21_0-3ffa9f46b7.clean\lib -external:IC:\Users\19697\Documents\KeygenSDK\KeygenSDK\build-vs\vcpkg_installed\x64-windows\include -external:W0
  OBJECT_DIR = lib\CMakeFiles\libcurl_shared.dir
  OBJECT_FILE_DIR = lib\CMakeFiles\libcurl_shared.dir\vssh
  TARGET_COMPILE_PDB = lib\CMakeFiles\libcurl_shared.dir\
  TARGET_PDB = lib\libcurl-d.pdb
  TARGET_SUPPORT_DIR = lib\CMakeFiles\libcurl_shared.dir

build lib\CMakeFiles\libcurl_shared.dir\vssh\libssh2.c.obj: C_COMPILER__libcurl_shared_unscanned_Debug C$:\Users\19697\Documents\KeygenSDK\KeygenSDK\build-vs\vcpkg_installed\vcpkg\blds\curl\src\url-8_21_0-3ffa9f46b7.clean\lib\vssh\libssh2.c || cmake_object_order_depends_target_libcurl_shared
  CONFIG = Debug
  DEFINES = -DBUILDING_LIBCURL -DCURL_HIDDEN_SYMBOLS -DHAVE_CONFIG_H -DUNICODE -D_UNICODE -Dlibcurl_shared_EXPORTS
  FLAGS = /nologo /DWIN32 /D_WINDOWS /utf-8 /MP  /MDd /Z7 /Ob0 /Od /RTC1  -MDd -W4 -Wall -wd4061 -wd4191 -wd4255 -wd4464 -wd4548 -wd4574 -wd4668 -wd4710 -wd4711 -wd4746 -wd4820 -wd5045 -MP
  INCLUDES = -IC:\Users\19697\Documents\KeygenSDK\KeygenSDK\build-vs\vcpkg_installed\vcpkg\blds\curl\src\url-8_21_0-3ffa9f46b7.clean\include -IC:\Users\19697\Documents\KeygenSDK\KeygenSDK\build-vs\vcpkg_installed\vcpkg\blds\curl\x64-windows-dbg\lib -IC:\Users\19697\Documents\KeygenSDK\KeygenSDK\build-vs\vcpkg_installed\vcpkg\blds\curl\src\url-8_21_0-3ffa9f46b7.clean\lib -external:IC:\Users\19697\Documents\KeygenSDK\KeygenSDK\build-vs\vcpkg_installed\x64-windows\include -external:W0
  OBJECT_DIR = lib\CMakeFiles\libcurl_shared.dir
  OBJECT_FILE_DIR = lib\CMakeFiles\libcurl_shared.dir\vssh
  TARGET_COMPILE_PDB = lib\CMakeFiles\libcurl_shared.dir\
  TARGET_PDB = lib\libcurl-d.pdb
  TARGET_SUPPORT_DIR = lib\CMakeFiles\libcurl_shared.dir

build lib\CMakeFiles\libcurl_shared.dir\vssh\vssh.c.obj: C_COMPILER__libcurl_shared_unscanned_Debug C$:\Users\19697\Documents\KeygenSDK\KeygenSDK\build-vs\vcpkg_installed\vcpkg\blds\curl\src\url-8_21_0-3ffa9f46b7.clean\lib\vssh\vssh.c || cmake_object_order_depends_target_libcurl_shared
  CONFIG = Debug
  DEFINES = -DBUILDING_LIBCURL -DCURL_HIDDEN_SYMBOLS -DHAVE_CONFIG_H -DUNICODE -D_UNICODE -Dlibcurl_shared_EXPORTS
  FLAGS = /nologo /DWIN32 /D_WINDOWS /utf-8 /MP  /MDd /Z7 /Ob0 /Od /RTC1  -MDd -W4 -Wall -wd4061 -wd4191 -wd4255 -wd4464 -wd4548 -wd4574 -wd4668 -wd4710 -wd4711 -wd4746 -wd4820 -wd5045 -MP
  INCLUDES = -IC:\Users\19697\Documents\KeygenSDK\KeygenSDK\build-vs\vcpkg_installed\vcpkg\blds\curl\src\url-8_21_0-3ffa9f46b7.clean\include -IC:\Users\19697\Documents\KeygenSDK\KeygenSDK\build-vs\vcpkg_installed\vcpkg\blds\curl\x64-windows-dbg\lib -IC:\Users\19697\Documents\KeygenSDK\KeygenSDK\build-vs\vcpkg_installed\vcpkg\blds\curl\src\url-8_21_0-3ffa9f46b7.clean\lib -external:IC:\Users\19697\Documents\KeygenSDK\KeygenSDK\build-vs\vcpkg_installed\x64-windows\include -external:W0
  OBJECT_DIR = lib\CMakeFiles\libcurl_shared.dir
  OBJECT_FILE_DIR = lib\CMakeFiles\libcurl_shared.dir\vssh
  TARGET_COMPILE_PDB = lib\CMakeFiles\libcurl_shared.dir\
  TARGET_PDB = lib\libcurl-d.pdb
  TARGET_SUPPORT_DIR = lib\CMakeFiles\libcurl_shared.dir

build lib\CMakeFiles\libcurl_shared.dir\curlx\base64.c.obj: C_COMPILER__libcurl_shared_unscanned_Debug C$:\Users\19697\Documents\KeygenSDK\KeygenSDK\build-vs\vcpkg_installed\vcpkg\blds\curl\src\url-8_21_0-3ffa9f46b7.clean\lib\curlx\base64.c || cmake_object_order_depends_target_libcurl_shared
  CONFIG = Debug
  DEFINES = -DBUILDING_LIBCURL -DCURL_HIDDEN_SYMBOLS -DHAVE_CONFIG_H -DUNICODE -D_UNICODE -Dlibcurl_shared_EXPORTS
  FLAGS = /nologo /DWIN32 /D_WINDOWS /utf-8 /MP  /MDd /Z7 /Ob0 /Od /RTC1  -MDd -W4 -Wall -wd4061 -wd4191 -wd4255 -wd4464 -wd4548 -wd4574 -wd4668 -wd4710 -wd4711 -wd4746 -wd4820 -wd5045 -MP
  INCLUDES = -IC:\Users\19697\Documents\KeygenSDK\KeygenSDK\build-vs\vcpkg_installed\vcpkg\blds\curl\src\url-8_21_0-3ffa9f46b7.clean\include -IC:\Users\19697\Documents\KeygenSDK\KeygenSDK\build-vs\vcpkg_installed\vcpkg\blds\curl\x64-windows-dbg\lib -IC:\Users\19697\Documents\KeygenSDK\KeygenSDK\build-vs\vcpkg_installed\vcpkg\blds\curl\src\url-8_21_0-3ffa9f46b7.clean\lib -external:IC:\Users\19697\Documents\KeygenSDK\KeygenSDK\build-vs\vcpkg_installed\x64-windows\include -external:W0
  OBJECT_DIR = lib\CMakeFiles\libcurl_shared.dir
  OBJECT_FILE_DIR = lib\CMakeFiles\libcurl_shared.dir\curlx
  TARGET_COMPILE_PDB = lib\CMakeFiles\libcurl_shared.dir\
  TARGET_PDB = lib\libcurl-d.pdb
  TARGET_SUPPORT_DIR = lib\CMakeFiles\libcurl_shared.dir

build lib\CMakeFiles\libcurl_shared.dir\curlx\basename.c.obj: C_COMPILER__libcurl_shared_unscanned_Debug C$:\Users\19697\Documents\KeygenSDK\KeygenSDK\build-vs\vcpkg_installed\vcpkg\blds\curl\src\url-8_21_0-3ffa9f46b7.clean\lib\curlx\basename.c || cmake_object_order_depends_target_libcurl_shared
  CONFIG = Debug
  DEFINES = -DBUILDING_LIBCURL -DCURL_HIDDEN_SYMBOLS -DHAVE_CONFIG_H -DUNICODE -D_UNICODE -Dlibcurl_shared_EXPORTS
  FLAGS = /nologo /DWIN32 /D_WINDOWS /utf-8 /MP  /MDd /Z7 /Ob0 /Od /RTC1  -MDd -W4 -Wall -wd4061 -wd4191 -wd4255 -wd4464 -wd4548 -wd4574 -wd4668 -wd4710 -wd4711 -wd4746 -wd4820 -wd5045 -MP
  INCLUDES = -IC:\Users\19697\Documents\KeygenSDK\KeygenSDK\build-vs\vcpkg_installed\vcpkg\blds\curl\src\url-8_21_0-3ffa9f46b7.clean\include -IC:\Users\19697\Documents\KeygenSDK\KeygenSDK\build-vs\vcpkg_installed\vcpkg\blds\curl\x64-windows-dbg\lib -IC:\Users\19697\Documents\KeygenSDK\KeygenSDK\build-vs\vcpkg_installed\vcpkg\blds\curl\src\url-8_21_0-3ffa9f46b7.clean\lib -external:IC:\Users\19697\Documents\KeygenSDK\KeygenSDK\build-vs\vcpkg_installed\x64-windows\include -external:W0
  OBJECT_DIR = lib\CMakeFiles\libcurl_shared.dir
  OBJECT_FILE_DIR = lib\CMakeFiles\libcurl_shared.dir\curlx
  TARGET_COMPILE_PDB = lib\CMakeFiles\libcurl_shared.dir\
  TARGET_PDB = lib\libcurl-d.pdb
  TARGET_SUPPORT_DIR = lib\CMakeFiles\libcurl_shared.dir

build lib\CMakeFiles\libcurl_shared.dir\curlx\dynbuf.c.obj: C_COMPILER__libcurl_shared_unscanned_Debug C$:\Users\19697\Documents\KeygenSDK\KeygenSDK\build-vs\vcpkg_installed\vcpkg\blds\curl\src\url-8_21_0-3ffa9f46b7.clean\lib\curlx\dynbuf.c || cmake_object_order_depends_target_libcurl_shared
  CONFIG = Debug
  DEFINES = -DBUILDING_LIBCURL -DCURL_HIDDEN_SYMBOLS -DHAVE_CONFIG_H -DUNICODE -D_UNICODE -Dlibcurl_shared_EXPORTS
  FLAGS = /nologo /DWIN32 /D_WINDOWS /utf-8 /MP  /MDd /Z7 /Ob0 /Od /RTC1  -MDd -W4 -Wall -wd4061 -wd4191 -wd4255 -wd4464 -wd4548 -wd4574 -wd4668 -wd4710 -wd4711 -wd4746 -wd4820 -wd5045 -MP
  INCLUDES = -IC:\Users\19697\Documents\KeygenSDK\KeygenSDK\build-vs\vcpkg_installed\vcpkg\blds\curl\src\url-8_21_0-3ffa9f46b7.clean\include -IC:\Users\19697\Documents\KeygenSDK\KeygenSDK\build-vs\vcpkg_installed\vcpkg\blds\curl\x64-windows-dbg\lib -IC:\Users\19697\Documents\KeygenSDK\KeygenSDK\build-vs\vcpkg_installed\vcpkg\blds\curl\src\url-8_21_0-3ffa9f46b7.clean\lib -external:IC:\Users\19697\Documents\KeygenSDK\KeygenSDK\build-vs\vcpkg_installed\x64-windows\include -external:W0
  OBJECT_DIR = lib\CMakeFiles\libcurl_shared.dir
  OBJECT_FILE_DIR = lib\CMakeFiles\libcurl_shared.dir\curlx
  TARGET_COMPILE_PDB = lib\CMakeFiles\libcurl_shared.dir\
  TARGET_PDB = lib\libcurl-d.pdb
  TARGET_SUPPORT_DIR = lib\CMakeFiles\libcurl_shared.dir

build lib\CMakeFiles\libcurl_shared.dir\curlx\fopen.c.obj: C_COMPILER__libcurl_shared_unscanned_Debug C$:\Users\19697\Documents\KeygenSDK\KeygenSDK\build-vs\vcpkg_installed\vcpkg\blds\curl\src\url-8_21_0-3ffa9f46b7.clean\lib\curlx\fopen.c || cmake_object_order_depends_target_libcurl_shared
  CONFIG = Debug
  DEFINES = -DBUILDING_LIBCURL -DCURL_HIDDEN_SYMBOLS -DHAVE_CONFIG_H -DUNICODE -D_UNICODE -Dlibcurl_shared_EXPORTS
  FLAGS = /nologo /DWIN32 /D_WINDOWS /utf-8 /MP  /MDd /Z7 /Ob0 /Od /RTC1  -MDd -W4 -Wall -wd4061 -wd4191 -wd4255 -wd4464 -wd4548 -wd4574 -wd4668 -wd4710 -wd4711 -wd4746 -wd4820 -wd5045 -MP
  INCLUDES = -IC:\Users\19697\Documents\KeygenSDK\KeygenSDK\build-vs\vcpkg_installed\vcpkg\blds\curl\src\url-8_21_0-3ffa9f46b7.clean\include -IC:\Users\19697\Documents\KeygenSDK\KeygenSDK\build-vs\vcpkg_installed\vcpkg\blds\curl\x64-windows-dbg\lib -IC:\Users\19697\Documents\KeygenSDK\KeygenSDK\build-vs\vcpkg_installed\vcpkg\blds\curl\src\url-8_21_0-3ffa9f46b7.clean\lib -external:IC:\Users\19697\Documents\KeygenSDK\KeygenSDK\build-vs\vcpkg_installed\x64-windows\include -external:W0
  OBJECT_DIR = lib\CMakeFiles\libcurl_shared.dir
  OBJECT_FILE_DIR = lib\CMakeFiles\libcurl_shared.dir\curlx
  TARGET_COMPILE_PDB = lib\CMakeFiles\libcurl_shared.dir\
  TARGET_PDB = lib\libcurl-d.pdb
  TARGET_SUPPORT_DIR = lib\CMakeFiles\libcurl_shared.dir

build lib\CMakeFiles\libcurl_shared.dir\curlx\inet_ntop.c.obj: C_COMPILER__libcurl_shared_unscanned_Debug C$:\Users\19697\Documents\KeygenSDK\KeygenSDK\build-vs\vcpkg_installed\vcpkg\blds\curl\src\url-8_21_0-3ffa9f46b7.clean\lib\curlx\inet_ntop.c || cmake_object_order_depends_target_libcurl_shared
  CONFIG = Debug
  DEFINES = -DBUILDING_LIBCURL -DCURL_HIDDEN_SYMBOLS -DHAVE_CONFIG_H -DUNICODE -D_UNICODE -Dlibcurl_shared_EXPORTS
  FLAGS = /nologo /DWIN32 /D_WINDOWS /utf-8 /MP  /MDd /Z7 /Ob0 /Od /RTC1  -MDd -W4 -Wall -wd4061 -wd4191 -wd4255 -wd4464 -wd4548 -wd4574 -wd4668 -wd4710 -wd4711 -wd4746 -wd4820 -wd5045 -MP
  INCLUDES = -IC:\Users\19697\Documents\KeygenSDK\KeygenSDK\build-vs\vcpkg_installed\vcpkg\blds\curl\src\url-8_21_0-3ffa9f46b7.clean\include -IC:\Users\19697\Documents\KeygenSDK\KeygenSDK\build-vs\vcpkg_installed\vcpkg\blds\curl\x64-windows-dbg\lib -IC:\Users\19697\Documents\KeygenSDK\KeygenSDK\build-vs\vcpkg_installed\vcpkg\blds\curl\src\url-8_21_0-3ffa9f46b7.clean\lib -external:IC:\Users\19697\Documents\KeygenSDK\KeygenSDK\build-vs\vcpkg_installed\x64-windows\include -external:W0
  OBJECT_DIR = lib\CMakeFiles\libcurl_shared.dir
  OBJECT_FILE_DIR = lib\CMakeFiles\libcurl_shared.dir\curlx
  TARGET_COMPILE_PDB = lib\CMakeFiles\libcurl_shared.dir\
  TARGET_PDB = lib\libcurl-d.pdb
  TARGET_SUPPORT_DIR = lib\CMakeFiles\libcurl_shared.dir

build lib\CMakeFiles\libcurl_shared.dir\curlx\inet_pton.c.obj: C_COMPILER__libcurl_shared_unscanned_Debug C$:\Users\19697\Documents\KeygenSDK\KeygenSDK\build-vs\vcpkg_installed\vcpkg\blds\curl\src\url-8_21_0-3ffa9f46b7.clean\lib\curlx\inet_pton.c || cmake_object_order_depends_target_libcurl_shared
  CONFIG = Debug
  DEFINES = -DBUILDING_LIBCURL -DCURL_HIDDEN_SYMBOLS -DHAVE_CONFIG_H -DUNICODE -D_UNICODE -Dlibcurl_shared_EXPORTS
  FLAGS = /nologo /DWIN32 /D_WINDOWS /utf-8 /MP  /MDd /Z7 /Ob0 /Od /RTC1  -MDd -W4 -Wall -wd4061 -wd4191 -wd4255 -wd4464 -wd4548 -wd4574 -wd4668 -wd4710 -wd4711 -wd4746 -wd4820 -wd5045 -MP
  INCLUDES = -IC:\Users\19697\Documents\KeygenSDK\KeygenSDK\build-vs\vcpkg_installed\vcpkg\blds\curl\src\url-8_21_0-3ffa9f46b7.clean\include -IC:\Users\19697\Documents\KeygenSDK\KeygenSDK\build-vs\vcpkg_installed\vcpkg\blds\curl\x64-windows-dbg\lib -IC:\Users\19697\Documents\KeygenSDK\KeygenSDK\build-vs\vcpkg_installed\vcpkg\blds\curl\src\url-8_21_0-3ffa9f46b7.clean\lib -external:IC:\Users\19697\Documents\KeygenSDK\KeygenSDK\build-vs\vcpkg_installed\x64-windows\include -external:W0
  OBJECT_DIR = lib\CMakeFiles\libcurl_shared.dir
  OBJECT_FILE_DIR = lib\CMakeFiles\libcurl_shared.dir\curlx
  TARGET_COMPILE_PDB = lib\CMakeFiles\libcurl_shared.dir\
  TARGET_PDB = lib\libcurl-d.pdb
  TARGET_SUPPORT_DIR = lib\CMakeFiles\libcurl_shared.dir

build lib\CMakeFiles\libcurl_shared.dir\curlx\multibyte.c.obj: C_COMPILER__libcurl_shared_unscanned_Debug C$:\Users\19697\Documents\KeygenSDK\KeygenSDK\build-vs\vcpkg_installed\vcpkg\blds\curl\src\url-8_21_0-3ffa9f46b7.clean\lib\curlx\multibyte.c || cmake_object_order_depends_target_libcurl_shared
  CONFIG = Debug
  DEFINES = -DBUILDING_LIBCURL -DCURL_HIDDEN_SYMBOLS -DHAVE_CONFIG_H -DUNICODE -D_UNICODE -Dlibcurl_shared_EXPORTS
  FLAGS = /nologo /DWIN32 /D_WINDOWS /utf-8 /MP  /MDd /Z7 /Ob0 /Od /RTC1  -MDd -W4 -Wall -wd4061 -wd4191 -wd4255 -wd4464 -wd4548 -wd4574 -wd4668 -wd4710 -wd4711 -wd4746 -wd4820 -wd5045 -MP
  INCLUDES = -IC:\Users\19697\Documents\KeygenSDK\KeygenSDK\build-vs\vcpkg_installed\vcpkg\blds\curl\src\url-8_21_0-3ffa9f46b7.clean\include -IC:\Users\19697\Documents\KeygenSDK\KeygenSDK\build-vs\vcpkg_installed\vcpkg\blds\curl\x64-windows-dbg\lib -IC:\Users\19697\Documents\KeygenSDK\KeygenSDK\build-vs\vcpkg_installed\vcpkg\blds\curl\src\url-8_21_0-3ffa9f46b7.clean\lib -external:IC:\Users\19697\Documents\KeygenSDK\KeygenSDK\build-vs\vcpkg_installed\x64-windows\include -external:W0
  OBJECT_DIR = lib\CMakeFiles\libcurl_shared.dir
  OBJECT_FILE_DIR = lib\CMakeFiles\libcurl_shared.dir\curlx
  TARGET_COMPILE_PDB = lib\CMakeFiles\libcurl_shared.dir\
  TARGET_PDB = lib\libcurl-d.pdb
  TARGET_SUPPORT_DIR = lib\CMakeFiles\libcurl_shared.dir

build lib\CMakeFiles\libcurl_shared.dir\curlx\nonblock.c.obj: C_COMPILER__libcurl_shared_unscanned_Debug C$:\Users\19697\Documents\KeygenSDK\KeygenSDK\build-vs\vcpkg_installed\vcpkg\blds\curl\src\url-8_21_0-3ffa9f46b7.clean\lib\curlx\nonblock.c || cmake_object_order_depends_target_libcurl_shared
  CONFIG = Debug
  DEFINES = -DBUILDING_LIBCURL -DCURL_HIDDEN_SYMBOLS -DHAVE_CONFIG_H -DUNICODE -D_UNICODE -Dlibcurl_shared_EXPORTS
  FLAGS = /nologo /DWIN32 /D_WINDOWS /utf-8 /MP  /MDd /Z7 /Ob0 /Od /RTC1  -MDd -W4 -Wall -wd4061 -wd4191 -wd4255 -wd4464 -wd4548 -wd4574 -wd4668 -wd4710 -wd4711 -wd4746 -wd4820 -wd5045 -MP
  INCLUDES = -IC:\Users\19697\Documents\KeygenSDK\KeygenSDK\build-vs\vcpkg_installed\vcpkg\blds\curl\src\url-8_21_0-3ffa9f46b7.clean\include -IC:\Users\19697\Documents\KeygenSDK\KeygenSDK\build-vs\vcpkg_installed\vcpkg\blds\curl\x64-windows-dbg\lib -IC:\Users\19697\Documents\KeygenSDK\KeygenSDK\build-vs\vcpkg_installed\vcpkg\blds\curl\src\url-8_21_0-3ffa9f46b7.clean\lib -external:IC:\Users\19697\Documents\KeygenSDK\KeygenSDK\build-vs\vcpkg_installed\x64-windows\include -external:W0
  OBJECT_DIR = lib\CMakeFiles\libcurl_shared.dir
  OBJECT_FILE_DIR = lib\CMakeFiles\libcurl_shared.dir\curlx
  TARGET_COMPILE_PDB = lib\CMakeFiles\libcurl_shared.dir\
  TARGET_PDB = lib\libcurl-d.pdb
  TARGET_SUPPORT_DIR = lib\CMakeFiles\libcurl_shared.dir

build lib\CMakeFiles\libcurl_shared.dir\curlx\snprintf.c.obj: C_COMPILER__libcurl_shared_unscanned_Debug C$:\Users\19697\Documents\KeygenSDK\KeygenSDK\build-vs\vcpkg_installed\vcpkg\blds\curl\src\url-8_21_0-3ffa9f46b7.clean\lib\curlx\snprintf.c || cmake_object_order_depends_target_libcurl_shared
  CONFIG = Debug
  DEFINES = -DBUILDING_LIBCURL -DCURL_HIDDEN_SYMBOLS -DHAVE_CONFIG_H -DUNICODE -D_UNICODE -Dlibcurl_shared_EXPORTS
  FLAGS = /nologo /DWIN32 /D_WINDOWS /utf-8 /MP  /MDd /Z7 /Ob0 /Od /RTC1  -MDd -W4 -Wall -wd4061 -wd4191 -wd4255 -wd4464 -wd4548 -wd4574 -wd4668 -wd4710 -wd4711 -wd4746 -wd4820 -wd5045 -MP
  INCLUDES = -IC:\Users\19697\Documents\KeygenSDK\KeygenSDK\build-vs\vcpkg_installed\vcpkg\blds\curl\src\url-8_21_0-3ffa9f46b7.clean\include -IC:\Users\19697\Documents\KeygenSDK\KeygenSDK\build-vs\vcpkg_installed\vcpkg\blds\curl\x64-windows-dbg\lib -IC:\Users\19697\Documents\KeygenSDK\KeygenSDK\build-vs\vcpkg_installed\vcpkg\blds\curl\src\url-8_21_0-3ffa9f46b7.clean\lib -external:IC:\Users\19697\Documents\KeygenSDK\KeygenSDK\build-vs\vcpkg_installed\x64-windows\include -external:W0
  OBJECT_DIR = lib\CMakeFiles\libcurl_shared.dir
  OBJECT_FILE_DIR = lib\CMakeFiles\libcurl_shared.dir\curlx
  TARGET_COMPILE_PDB = lib\CMakeFiles\libcurl_shared.dir\
  TARGET_PDB = lib\libcurl-d.pdb
  TARGET_SUPPORT_DIR = lib\CMakeFiles\libcurl_shared.dir

build lib\CMakeFiles\libcurl_shared.dir\curlx\strcopy.c.obj: C_COMPILER__libcurl_shared_unscanned_Debug C$:\Users\19697\Documents\KeygenSDK\KeygenSDK\build-vs\vcpkg_installed\vcpkg\blds\curl\src\url-8_21_0-3ffa9f46b7.clean\lib\curlx\strcopy.c || cmake_object_order_depends_target_libcurl_shared
  CONFIG = Debug
  DEFINES = -DBUILDING_LIBCURL -DCURL_HIDDEN_SYMBOLS -DHAVE_CONFIG_H -DUNICODE -D_UNICODE -Dlibcurl_shared_EXPORTS
  FLAGS = /nologo /DWIN32 /D_WINDOWS /utf-8 /MP  /MDd /Z7 /Ob0 /Od /RTC1  -MDd -W4 -Wall -wd4061 -wd4191 -wd4255 -wd4464 -wd4548 -wd4574 -wd4668 -wd4710 -wd4711 -wd4746 -wd4820 -wd5045 -MP
  INCLUDES = -IC:\Users\19697\Documents\KeygenSDK\KeygenSDK\build-vs\vcpkg_installed\vcpkg\blds\curl\src\url-8_21_0-3ffa9f46b7.clean\include -IC:\Users\19697\Documents\KeygenSDK\KeygenSDK\build-vs\vcpkg_installed\vcpkg\blds\curl\x64-windows-dbg\lib -IC:\Users\19697\Documents\KeygenSDK\KeygenSDK\build-vs\vcpkg_installed\vcpkg\blds\curl\src\url-8_21_0-3ffa9f46b7.clean\lib -external:IC:\Users\19697\Documents\KeygenSDK\KeygenSDK\build-vs\vcpkg_installed\x64-windows\include -external:W0
  OBJECT_DIR = lib\CMakeFiles\libcurl_shared.dir
  OBJECT_FILE_DIR = lib\CMakeFiles\libcurl_shared.dir\curlx
  TARGET_COMPILE_PDB = lib\CMakeFiles\libcurl_shared.dir\
  TARGET_PDB = lib\libcurl-d.pdb
  TARGET_SUPPORT_DIR = lib\CMakeFiles\libcurl_shared.dir

build lib\CMakeFiles\libcurl_shared.dir\curlx\strdup.c.obj: C_COMPILER__libcurl_shared_unscanned_Debug C$:\Users\19697\Documents\KeygenSDK\KeygenSDK\build-vs\vcpkg_installed\vcpkg\blds\curl\src\url-8_21_0-3ffa9f46b7.clean\lib\curlx\strdup.c || cmake_object_order_depends_target_libcurl_shared
  CONFIG = Debug
  DEFINES = -DBUILDING_LIBCURL -DCURL_HIDDEN_SYMBOLS -DHAVE_CONFIG_H -DUNICODE -D_UNICODE -Dlibcurl_shared_EXPORTS
  FLAGS = /nologo /DWIN32 /D_WINDOWS /utf-8 /MP  /MDd /Z7 /Ob0 /Od /RTC1  -MDd -W4 -Wall -wd4061 -wd4191 -wd4255 -wd4464 -wd4548 -wd4574 -wd4668 -wd4710 -wd4711 -wd4746 -wd4820 -wd5045 -MP
  INCLUDES = -IC:\Users\19697\Documents\KeygenSDK\KeygenSDK\build-vs\vcpkg_installed\vcpkg\blds\curl\src\url-8_21_0-3ffa9f46b7.clean\include -IC:\Users\19697\Documents\KeygenSDK\KeygenSDK\build-vs\vcpkg_installed\vcpkg\blds\curl\x64-windows-dbg\lib -IC:\Users\19697\Documents\KeygenSDK\KeygenSDK\build-vs\vcpkg_installed\vcpkg\blds\curl\src\url-8_21_0-3ffa9f46b7.clean\lib -external:IC:\Users\19697\Documents\KeygenSDK\KeygenSDK\build-vs\vcpkg_installed\x64-windows\include -external:W0
  OBJECT_DIR = lib\CMakeFiles\libcurl_shared.dir
  OBJECT_FILE_DIR = lib\CMakeFiles\libcurl_shared.dir\curlx
  TARGET_COMPILE_PDB = lib\CMakeFiles\libcurl_shared.dir\
  TARGET_PDB = lib\libcurl-d.pdb
  TARGET_SUPPORT_DIR = lib\CMakeFiles\libcurl_shared.dir

build lib\CMakeFiles\libcurl_shared.dir\curlx\strerr.c.obj: C_COMPILER__libcurl_shared_unscanned_Debug C$:\Users\19697\Documents\KeygenSDK\KeygenSDK\build-vs\vcpkg_installed\vcpkg\blds\curl\src\url-8_21_0-3ffa9f46b7.clean\lib\curlx\strerr.c || cmake_object_order_depends_target_libcurl_shared
  CONFIG = Debug
  DEFINES = -DBUILDING_LIBCURL -DCURL_HIDDEN_SYMBOLS -DHAVE_CONFIG_H -DUNICODE -D_UNICODE -Dlibcurl_shared_EXPORTS
  FLAGS = /nologo /DWIN32 /D_WINDOWS /utf-8 /MP  /MDd /Z7 /Ob0 /Od /RTC1  -MDd -W4 -Wall -wd4061 -wd4191 -wd4255 -wd4464 -wd4548 -wd4574 -wd4668 -wd4710 -wd4711 -wd4746 -wd4820 -wd5045 -MP
  INCLUDES = -IC:\Users\19697\Documents\KeygenSDK\KeygenSDK\build-vs\vcpkg_installed\vcpkg\blds\curl\src\url-8_21_0-3ffa9f46b7.clean\include -IC:\Users\19697\Documents\KeygenSDK\KeygenSDK\build-vs\vcpkg_installed\vcpkg\blds\curl\x64-windows-dbg\lib -IC:\Users\19697\Documents\KeygenSDK\KeygenSDK\build-vs\vcpkg_installed\vcpkg\blds\curl\src\url-8_21_0-3ffa9f46b7.clean\lib -external:IC:\Users\19697\Documents\KeygenSDK\KeygenSDK\build-vs\vcpkg_installed\x64-windows\include -external:W0
  OBJECT_DIR = lib\CMakeFiles\libcurl_shared.dir
  OBJECT_FILE_DIR = lib\CMakeFiles\libcurl_shared.dir\curlx
  TARGET_COMPILE_PDB = lib\CMakeFiles\libcurl_shared.dir\
  TARGET_PDB = lib\libcurl-d.pdb
  TARGET_SUPPORT_DIR = lib\CMakeFiles\libcurl_shared.dir

build lib\CMakeFiles\libcurl_shared.dir\curlx\strparse.c.obj: C_COMPILER__libcurl_shared_unscanned_Debug C$:\Users\19697\Documents\KeygenSDK\KeygenSDK\build-vs\vcpkg_installed\vcpkg\blds\curl\src\url-8_21_0-3ffa9f46b7.clean\lib\curlx\strparse.c || cmake_object_order_depends_target_libcurl_shared
  CONFIG = Debug
  DEFINES = -DBUILDING_LIBCURL -DCURL_HIDDEN_SYMBOLS -DHAVE_CONFIG_H -DUNICODE -D_UNICODE -Dlibcurl_shared_EXPORTS
  FLAGS = /nologo /DWIN32 /D_WINDOWS /utf-8 /MP  /MDd /Z7 /Ob0 /Od /RTC1  -MDd -W4 -Wall -wd4061 -wd4191 -wd4255 -wd4464 -wd4548 -wd4574 -wd4668 -wd4710 -wd4711 -wd4746 -wd4820 -wd5045 -MP
  INCLUDES = -IC:\Users\19697\Documents\KeygenSDK\KeygenSDK\build-vs\vcpkg_installed\vcpkg\blds\curl\src\url-8_21_0-3ffa9f46b7.clean\include -IC:\Users\19697\Documents\KeygenSDK\KeygenSDK\build-vs\vcpkg_installed\vcpkg\blds\curl\x64-windows-dbg\lib -IC:\Users\19697\Documents\KeygenSDK\KeygenSDK\build-vs\vcpkg_installed\vcpkg\blds\curl\src\url-8_21_0-3ffa9f46b7.clean\lib -external:IC:\Users\19697\Documents\KeygenSDK\KeygenSDK\build-vs\vcpkg_installed\x64-windows\include -external:W0
  OBJECT_DIR = lib\CMakeFiles\libcurl_shared.dir
  OBJECT_FILE_DIR = lib\CMakeFiles\libcurl_shared.dir\curlx
  TARGET_COMPILE_PDB = lib\CMakeFiles\libcurl_shared.dir\
  TARGET_PDB = lib\libcurl-d.pdb
  TARGET_SUPPORT_DIR = lib\CMakeFiles\libcurl_shared.dir

build lib\CMakeFiles\libcurl_shared.dir\curlx\timediff.c.obj: C_COMPILER__libcurl_shared_unscanned_Debug C$:\Users\19697\Documents\KeygenSDK\KeygenSDK\build-vs\vcpkg_installed\vcpkg\blds\curl\src\url-8_21_0-3ffa9f46b7.clean\lib\curlx\timediff.c || cmake_object_order_depends_target_libcurl_shared
  CONFIG = Debug
  DEFINES = -DBUILDING_LIBCURL -DCURL_HIDDEN_SYMBOLS -DHAVE_CONFIG_H -DUNICODE -D_UNICODE -Dlibcurl_shared_EXPORTS
  FLAGS = /nologo /DWIN32 /D_WINDOWS /utf-8 /MP  /MDd /Z7 /Ob0 /Od /RTC1  -MDd -W4 -Wall -wd4061 -wd4191 -wd4255 -wd4464 -wd4548 -wd4574 -wd4668 -wd4710 -wd4711 -wd4746 -wd4820 -wd5045 -MP
  INCLUDES = -IC:\Users\19697\Documents\KeygenSDK\KeygenSDK\build-vs\vcpkg_installed\vcpkg\blds\curl\src\url-8_21_0-3ffa9f46b7.clean\include -IC:\Users\19697\Documents\KeygenSDK\KeygenSDK\build-vs\vcpkg_installed\vcpkg\blds\curl\x64-windows-dbg\lib -IC:\Users\19697\Documents\KeygenSDK\KeygenSDK\build-vs\vcpkg_installed\vcpkg\blds\curl\src\url-8_21_0-3ffa9f46b7.clean\lib -external:IC:\Users\19697\Documents\KeygenSDK\KeygenSDK\build-vs\vcpkg_installed\x64-windows\include -external:W0
  OBJECT_DIR = lib\CMakeFiles\libcurl_shared.dir
  OBJECT_FILE_DIR = lib\CMakeFiles\libcurl_shared.dir\curlx
  TARGET_COMPILE_PDB = lib\CMakeFiles\libcurl_shared.dir\
  TARGET_PDB = lib\libcurl-d.pdb
  TARGET_SUPPORT_DIR = lib\CMakeFiles\libcurl_shared.dir

build lib\CMakeFiles\libcurl_shared.dir\curlx\timeval.c.obj: C_COMPILER__libcurl_shared_unscanned_Debug C$:\Users\19697\Documents\KeygenSDK\KeygenSDK\build-vs\vcpkg_installed\vcpkg\blds\curl\src\url-8_21_0-3ffa9f46b7.clean\lib\curlx\timeval.c || cmake_object_order_depends_target_libcurl_shared
  CONFIG = Debug
  DEFINES = -DBUILDING_LIBCURL -DCURL_HIDDEN_SYMBOLS -DHAVE_CONFIG_H -DUNICODE -D_UNICODE -Dlibcurl_shared_EXPORTS
  FLAGS = /nologo /DWIN32 /D_WINDOWS /utf-8 /MP  /MDd /Z7 /Ob0 /Od /RTC1  -MDd -W4 -Wall -wd4061 -wd4191 -wd4255 -wd4464 -wd4548 -wd4574 -wd4668 -wd4710 -wd4711 -wd4746 -wd4820 -wd5045 -MP
  INCLUDES = -IC:\Users\19697\Documents\KeygenSDK\KeygenSDK\build-vs\vcpkg_installed\vcpkg\blds\curl\src\url-8_21_0-3ffa9f46b7.clean\include -IC:\Users\19697\Documents\KeygenSDK\KeygenSDK\build-vs\vcpkg_installed\vcpkg\blds\curl\x64-windows-dbg\lib -IC:\Users\19697\Documents\KeygenSDK\KeygenSDK\build-vs\vcpkg_installed\vcpkg\blds\curl\src\url-8_21_0-3ffa9f46b7.clean\lib -external:IC:\Users\19697\Documents\KeygenSDK\KeygenSDK\build-vs\vcpkg_installed\x64-windows\include -external:W0
  OBJECT_DIR = lib\CMakeFiles\libcurl_shared.dir
  OBJECT_FILE_DIR = lib\CMakeFiles\libcurl_shared.dir\curlx
  TARGET_COMPILE_PDB = lib\CMakeFiles\libcurl_shared.dir\
  TARGET_PDB = lib\libcurl-d.pdb
  TARGET_SUPPORT_DIR = lib\CMakeFiles\libcurl_shared.dir

build lib\CMakeFiles\libcurl_shared.dir\curlx\version_win32.c.obj: C_COMPILER__libcurl_shared_unscanned_Debug C$:\Users\19697\Documents\KeygenSDK\KeygenSDK\build-vs\vcpkg_installed\vcpkg\blds\curl\src\url-8_21_0-3ffa9f46b7.clean\lib\curlx\version_win32.c || cmake_object_order_depends_target_libcurl_shared
  CONFIG = Debug
  DEFINES = -DBUILDING_LIBCURL -DCURL_HIDDEN_SYMBOLS -DHAVE_CONFIG_H -DUNICODE -D_UNICODE -Dlibcurl_shared_EXPORTS
  FLAGS = /nologo /DWIN32 /D_WINDOWS /utf-8 /MP  /MDd /Z7 /Ob0 /Od /RTC1  -MDd -W4 -Wall -wd4061 -wd4191 -wd4255 -wd4464 -wd4548 -wd4574 -wd4668 -wd4710 -wd4711 -wd4746 -wd4820 -wd5045 -MP
  INCLUDES = -IC:\Users\19697\Documents\KeygenSDK\KeygenSDK\build-vs\vcpkg_installed\vcpkg\blds\curl\src\url-8_21_0-3ffa9f46b7.clean\include -IC:\Users\19697\Documents\KeygenSDK\KeygenSDK\build-vs\vcpkg_installed\vcpkg\blds\curl\x64-windows-dbg\lib -IC:\Users\19697\Documents\KeygenSDK\KeygenSDK\build-vs\vcpkg_installed\vcpkg\blds\curl\src\url-8_21_0-3ffa9f46b7.clean\lib -external:IC:\Users\19697\Documents\KeygenSDK\KeygenSDK\build-vs\vcpkg_installed\x64-windows\include -external:W0
  OBJECT_DIR = lib\CMakeFiles\libcurl_shared.dir
  OBJECT_FILE_DIR = lib\CMakeFiles\libcurl_shared.dir\curlx
  TARGET_COMPILE_PDB = lib\CMakeFiles\libcurl_shared.dir\
  TARGET_PDB = lib\libcurl-d.pdb
  TARGET_SUPPORT_DIR = lib\CMakeFiles\libcurl_shared.dir

build lib\CMakeFiles\libcurl_shared.dir\curlx\wait.c.obj: C_COMPILER__libcurl_shared_unscanned_Debug C$:\Users\19697\Documents\KeygenSDK\KeygenSDK\build-vs\vcpkg_installed\vcpkg\blds\curl\src\url-8_21_0-3ffa9f46b7.clean\lib\curlx\wait.c || cmake_object_order_depends_target_libcurl_shared
  CONFIG = Debug
  DEFINES = -DBUILDING_LIBCURL -DCURL_HIDDEN_SYMBOLS -DHAVE_CONFIG_H -DUNICODE -D_UNICODE -Dlibcurl_shared_EXPORTS
  FLAGS = /nologo /DWIN32 /D_WINDOWS /utf-8 /MP  /MDd /Z7 /Ob0 /Od /RTC1  -MDd -W4 -Wall -wd4061 -wd4191 -wd4255 -wd4464 -wd4548 -wd4574 -wd4668 -wd4710 -wd4711 -wd4746 -wd4820 -wd5045 -MP
  INCLUDES = -IC:\Users\19697\Documents\KeygenSDK\KeygenSDK\build-vs\vcpkg_installed\vcpkg\blds\curl\src\url-8_21_0-3ffa9f46b7.clean\include -IC:\Users\19697\Documents\KeygenSDK\KeygenSDK\build-vs\vcpkg_installed\vcpkg\blds\curl\x64-windows-dbg\lib -IC:\Users\19697\Documents\KeygenSDK\KeygenSDK\build-vs\vcpkg_installed\vcpkg\blds\curl\src\url-8_21_0-3ffa9f46b7.clean\lib -external:IC:\Users\19697\Documents\KeygenSDK\KeygenSDK\build-vs\vcpkg_installed\x64-windows\include -external:W0
  OBJECT_DIR = lib\CMakeFiles\libcurl_shared.dir
  OBJECT_FILE_DIR = lib\CMakeFiles\libcurl_shared.dir\curlx
  TARGET_COMPILE_PDB = lib\CMakeFiles\libcurl_shared.dir\
  TARGET_PDB = lib\libcurl-d.pdb
  TARGET_SUPPORT_DIR = lib\CMakeFiles\libcurl_shared.dir

build lib\CMakeFiles\libcurl_shared.dir\curlx\warnless.c.obj: C_COMPILER__libcurl_shared_unscanned_Debug C$:\Users\19697\Documents\KeygenSDK\KeygenSDK\build-vs\vcpkg_installed\vcpkg\blds\curl\src\url-8_21_0-3ffa9f46b7.clean\lib\curlx\warnless.c || cmake_object_order_depends_target_libcurl_shared
  CONFIG = Debug
  DEFINES = -DBUILDING_LIBCURL -DCURL_HIDDEN_SYMBOLS -DHAVE_CONFIG_H -DUNICODE -D_UNICODE -Dlibcurl_shared_EXPORTS
  FLAGS = /nologo /DWIN32 /D_WINDOWS /utf-8 /MP  /MDd /Z7 /Ob0 /Od /RTC1  -MDd -W4 -Wall -wd4061 -wd4191 -wd4255 -wd4464 -wd4548 -wd4574 -wd4668 -wd4710 -wd4711 -wd4746 -wd4820 -wd5045 -MP
  INCLUDES = -IC:\Users\19697\Documents\KeygenSDK\KeygenSDK\build-vs\vcpkg_installed\vcpkg\blds\curl\src\url-8_21_0-3ffa9f46b7.clean\include -IC:\Users\19697\Documents\KeygenSDK\KeygenSDK\build-vs\vcpkg_installed\vcpkg\blds\curl\x64-windows-dbg\lib -IC:\Users\19697\Documents\KeygenSDK\KeygenSDK\build-vs\vcpkg_installed\vcpkg\blds\curl\src\url-8_21_0-3ffa9f46b7.clean\lib -external:IC:\Users\19697\Documents\KeygenSDK\KeygenSDK\build-vs\vcpkg_installed\x64-windows\include -external:W0
  OBJECT_DIR = lib\CMakeFiles\libcurl_shared.dir
  OBJECT_FILE_DIR = lib\CMakeFiles\libcurl_shared.dir\curlx
  TARGET_COMPILE_PDB = lib\CMakeFiles\libcurl_shared.dir\
  TARGET_PDB = lib\libcurl-d.pdb
  TARGET_SUPPORT_DIR = lib\CMakeFiles\libcurl_shared.dir

build lib\CMakeFiles\libcurl_shared.dir\curlx\winapi.c.obj: C_COMPILER__libcurl_shared_unscanned_Debug C$:\Users\19697\Documents\KeygenSDK\KeygenSDK\build-vs\vcpkg_installed\vcpkg\blds\curl\src\url-8_21_0-3ffa9f46b7.clean\lib\curlx\winapi.c || cmake_object_order_depends_target_libcurl_shared
  CONFIG = Debug
  DEFINES = -DBUILDING_LIBCURL -DCURL_HIDDEN_SYMBOLS -DHAVE_CONFIG_H -DUNICODE -D_UNICODE -Dlibcurl_shared_EXPORTS
  FLAGS = /nologo /DWIN32 /D_WINDOWS /utf-8 /MP  /MDd /Z7 /Ob0 /Od /RTC1  -MDd -W4 -Wall -wd4061 -wd4191 -wd4255 -wd4464 -wd4548 -wd4574 -wd4668 -wd4710 -wd4711 -wd4746 -wd4820 -wd5045 -MP
  INCLUDES = -IC:\Users\19697\Documents\KeygenSDK\KeygenSDK\build-vs\vcpkg_installed\vcpkg\blds\curl\src\url-8_21_0-3ffa9f46b7.clean\include -IC:\Users\19697\Documents\KeygenSDK\KeygenSDK\build-vs\vcpkg_installed\vcpkg\blds\curl\x64-windows-dbg\lib -IC:\Users\19697\Documents\KeygenSDK\KeygenSDK\build-vs\vcpkg_installed\vcpkg\blds\curl\src\url-8_21_0-3ffa9f46b7.clean\lib -external:IC:\Users\19697\Documents\KeygenSDK\KeygenSDK\build-vs\vcpkg_installed\x64-windows\include -external:W0
  OBJECT_DIR = lib\CMakeFiles\libcurl_shared.dir
  OBJECT_FILE_DIR = lib\CMakeFiles\libcurl_shared.dir\curlx
  TARGET_COMPILE_PDB = lib\CMakeFiles\libcurl_shared.dir\
  TARGET_PDB = lib\libcurl-d.pdb
  TARGET_SUPPORT_DIR = lib\CMakeFiles\libcurl_shared.dir

build lib\CMakeFiles\libcurl_shared.dir\dllmain.c.obj: C_COMPILER__libcurl_shared_unscanned_Debug C$:\Users\19697\Documents\KeygenSDK\KeygenSDK\build-vs\vcpkg_installed\vcpkg\blds\curl\src\url-8_21_0-3ffa9f46b7.clean\lib\dllmain.c || cmake_object_order_depends_target_libcurl_shared
  CONFIG = Debug
  DEFINES = -DBUILDING_LIBCURL -DCURL_HIDDEN_SYMBOLS -DHAVE_CONFIG_H -DUNICODE -D_UNICODE -Dlibcurl_shared_EXPORTS
  FLAGS = /nologo /DWIN32 /D_WINDOWS /utf-8 /MP  /MDd /Z7 /Ob0 /Od /RTC1  -MDd -W4 -Wall -wd4061 -wd4191 -wd4255 -wd4464 -wd4548 -wd4574 -wd4668 -wd4710 -wd4711 -wd4746 -wd4820 -wd5045 -MP
  INCLUDES = -IC:\Users\19697\Documents\KeygenSDK\KeygenSDK\build-vs\vcpkg_installed\vcpkg\blds\curl\src\url-8_21_0-3ffa9f46b7.clean\include -IC:\Users\19697\Documents\KeygenSDK\KeygenSDK\build-vs\vcpkg_installed\vcpkg\blds\curl\x64-windows-dbg\lib -IC:\Users\19697\Documents\KeygenSDK\KeygenSDK\build-vs\vcpkg_installed\vcpkg\blds\curl\src\url-8_21_0-3ffa9f46b7.clean\lib -external:IC:\Users\19697\Documents\KeygenSDK\KeygenSDK\build-vs\vcpkg_installed\x64-windows\include -external:W0
  OBJECT_DIR = lib\CMakeFiles\libcurl_shared.dir
  OBJECT_FILE_DIR = lib\CMakeFiles\libcurl_shared.dir
  TARGET_COMPILE_PDB = lib\CMakeFiles\libcurl_shared.dir\
  TARGET_PDB = lib\libcurl-d.pdb
  TARGET_SUPPORT_DIR = lib\CMakeFiles\libcurl_shared.dir

build lib\CMakeFiles\libcurl_shared.dir\libcurl.rc.res: RC_COMPILER__libcurl_shared_unscanned_Debug C$:\Users\19697\Documents\KeygenSDK\KeygenSDK\build-vs\vcpkg_installed\vcpkg\blds\curl\src\url-8_21_0-3ffa9f46b7.clean\lib\libcurl.rc || cmake_object_order_depends_target_libcurl_shared
  CONFIG = Debug
  DEFINES = -DBUILDING_LIBCURL -DCURL_HIDDEN_SYMBOLS -DHAVE_CONFIG_H -DUNICODE -D_UNICODE -Dlibcurl_shared_EXPORTS
  DEP_FILE = lib\CMakeFiles\libcurl_shared.dir\libcurl.rc.res.d
  FLAGS = /c65001 /DWIN32 -D_DEBUG
  INCLUDES = -I C:\Users\19697\Documents\KeygenSDK\KeygenSDK\build-vs\vcpkg_installed\vcpkg\blds\curl\src\url-8_21_0-3ffa9f46b7.clean\include -I C:\Users\19697\Documents\KeygenSDK\KeygenSDK\build-vs\vcpkg_installed\vcpkg\blds\curl\x64-windows-dbg\lib -I C:\Users\19697\Documents\KeygenSDK\KeygenSDK\build-vs\vcpkg_installed\vcpkg\blds\curl\src\url-8_21_0-3ffa9f46b7.clean\lib -I C:\Users\19697\Documents\KeygenSDK\KeygenSDK\build-vs\vcpkg_installed\x64-windows\include
  OBJECT_DIR = lib\CMakeFiles\libcurl_shared.dir
  OBJECT_FILE_DIR = lib\CMakeFiles\libcurl_shared.dir
  TARGET_COMPILE_PDB = lib\CMakeFiles\libcurl_shared.dir\
  TARGET_PDB = lib\libcurl-d.pdb
  TARGET_SUPPORT_DIR = lib\CMakeFiles\libcurl_shared.dir


# =============================================================================
# Link build statements for SHARED_LIBRARY target libcurl_shared


#############################################
# Link the shared library lib\libcurl-d.dll

build lib\libcurl-d.dll lib\libcurl-d.lib: C_SHARED_LIBRARY_LINKER__libcurl_shared_Debug lib\CMakeFiles\libcurl_shared.dir\altsvc.c.obj lib\CMakeFiles\libcurl_shared.dir\amigaos.c.obj lib\CMakeFiles\libcurl_shared.dir\asyn-ares.c.obj lib\CMakeFiles\libcurl_shared.dir\asyn-base.c.obj lib\CMakeFiles\libcurl_shared.dir\asyn-thrdd.c.obj lib\CMakeFiles\libcurl_shared.dir\bufq.c.obj lib\CMakeFiles\libcurl_shared.dir\bufref.c.obj lib\CMakeFiles\libcurl_shared.dir\cf-dns.c.obj lib\CMakeFiles\libcurl_shared.dir\cf-h1-proxy.c.obj lib\CMakeFiles\libcurl_shared.dir\cf-h2-proxy.c.obj lib\CMakeFiles\libcurl_shared.dir\cf-haproxy.c.obj lib\CMakeFiles\libcurl_shared.dir\cf-https-connect.c.obj lib\CMakeFiles\libcurl_shared.dir\cf-ip-happy.c.obj lib\CMakeFiles\libcurl_shared.dir\cf-recvbuf.c.obj lib\CMakeFiles\libcurl_shared.dir\cf-setup.c.obj lib\CMakeFiles\libcurl_shared.dir\cf-socket.c.obj lib\CMakeFiles\libcurl_shared.dir\cfilters.c.obj lib\CMakeFiles\libcurl_shared.dir\conncache.c.obj lib\CMakeFiles\libcurl_shared.dir\connect.c.obj lib\CMakeFiles\libcurl_shared.dir\content_encoding.c.obj lib\CMakeFiles\libcurl_shared.dir\cookie.c.obj lib\CMakeFiles\libcurl_shared.dir\creds.c.obj lib\CMakeFiles\libcurl_shared.dir\cshutdn.c.obj lib\CMakeFiles\libcurl_shared.dir\curl_addrinfo.c.obj lib\CMakeFiles\libcurl_shared.dir\curl_endian.c.obj lib\CMakeFiles\libcurl_shared.dir\curl_fnmatch.c.obj lib\CMakeFiles\libcurl_shared.dir\curl_fopen.c.obj lib\CMakeFiles\libcurl_shared.dir\curl_get_line.c.obj lib\CMakeFiles\libcurl_shared.dir\curl_gethostname.c.obj lib\CMakeFiles\libcurl_shared.dir\curl_gssapi.c.obj lib\CMakeFiles\libcurl_shared.dir\curl_memrchr.c.obj lib\CMakeFiles\libcurl_shared.dir\curl_ntlm_core.c.obj lib\CMakeFiles\libcurl_shared.dir\curl_range.c.obj lib\CMakeFiles\libcurl_shared.dir\curl_sasl.c.obj lib\CMakeFiles\libcurl_shared.dir\curl_sha512_256.c.obj lib\CMakeFiles\libcurl_shared.dir\curl_share.c.obj lib\CMakeFiles\libcurl_shared.dir\curl_sspi.c.obj lib\CMakeFiles\libcurl_shared.dir\curl_threads.c.obj lib\CMakeFiles\libcurl_shared.dir\curl_trc.c.obj lib\CMakeFiles\libcurl_shared.dir\cw-out.c.obj lib\CMakeFiles\libcurl_shared.dir\cw-pause.c.obj lib\CMakeFiles\libcurl_shared.dir\dict.c.obj lib\CMakeFiles\libcurl_shared.dir\dnscache.c.obj lib\CMakeFiles\libcurl_shared.dir\doh.c.obj lib\CMakeFiles\libcurl_shared.dir\dynhds.c.obj lib\CMakeFiles\libcurl_shared.dir\easy.c.obj lib\CMakeFiles\libcurl_shared.dir\easygetopt.c.obj lib\CMakeFiles\libcurl_shared.dir\easyoptions.c.obj lib\CMakeFiles\libcurl_shared.dir\escape.c.obj lib\CMakeFiles\libcurl_shared.dir\fake_addrinfo.c.obj lib\CMakeFiles\libcurl_shared.dir\file.c.obj lib\CMakeFiles\libcurl_shared.dir\fileinfo.c.obj lib\CMakeFiles\libcurl_shared.dir\formdata.c.obj lib\CMakeFiles\libcurl_shared.dir\ftp.c.obj lib\CMakeFiles\libcurl_shared.dir\ftplistparser.c.obj lib\CMakeFiles\libcurl_shared.dir\getenv.c.obj lib\CMakeFiles\libcurl_shared.dir\getinfo.c.obj lib\CMakeFiles\libcurl_shared.dir\gopher.c.obj lib\CMakeFiles\libcurl_shared.dir\hash.c.obj lib\CMakeFiles\libcurl_shared.dir\headers.c.obj lib\CMakeFiles\libcurl_shared.dir\hmac.c.obj lib\CMakeFiles\libcurl_shared.dir\hostip.c.obj lib\CMakeFiles\libcurl_shared.dir\hostip4.c.obj lib\CMakeFiles\libcurl_shared.dir\hostip6.c.obj lib\CMakeFiles\libcurl_shared.dir\hsts.c.obj lib\CMakeFiles\libcurl_shared.dir\http.c.obj lib\CMakeFiles\libcurl_shared.dir\http1.c.obj lib\CMakeFiles\libcurl_shared.dir\http2.c.obj lib\CMakeFiles\libcurl_shared.dir\http_aws_sigv4.c.obj lib\CMakeFiles\libcurl_shared.dir\http_chunks.c.obj lib\CMakeFiles\libcurl_shared.dir\http_digest.c.obj lib\CMakeFiles\libcurl_shared.dir\http_negotiate.c.obj lib\CMakeFiles\libcurl_shared.dir\http_ntlm.c.obj lib\CMakeFiles\libcurl_shared.dir\http_proxy.c.obj lib\CMakeFiles\libcurl_shared.dir\httpsrr.c.obj lib\CMakeFiles\libcurl_shared.dir\idn.c.obj lib\CMakeFiles\libcurl_shared.dir\if2ip.c.obj lib\CMakeFiles\libcurl_shared.dir\imap.c.obj lib\CMakeFiles\libcurl_shared.dir\ldap.c.obj lib\CMakeFiles\libcurl_shared.dir\llist.c.obj lib\CMakeFiles\libcurl_shared.dir\macos.c.obj lib\CMakeFiles\libcurl_shared.dir\md4.c.obj lib\CMakeFiles\libcurl_shared.dir\md5.c.obj lib\CMakeFiles\libcurl_shared.dir\memdebug.c.obj lib\CMakeFiles\libcurl_shared.dir\mime.c.obj lib\CMakeFiles\libcurl_shared.dir\mprintf.c.obj lib\CMakeFiles\libcurl_shared.dir\mqtt.c.obj lib\CMakeFiles\libcurl_shared.dir\multi.c.obj lib\CMakeFiles\libcurl_shared.dir\multi_ev.c.obj lib\CMakeFiles\libcurl_shared.dir\multi_ntfy.c.obj lib\CMakeFiles\libcurl_shared.dir\netrc.c.obj lib\CMakeFiles\libcurl_shared.dir\openldap.c.obj lib\CMakeFiles\libcurl_shared.dir\parsedate.c.obj lib\CMakeFiles\libcurl_shared.dir\peer.c.obj lib\CMakeFiles\libcurl_shared.dir\pingpong.c.obj lib\CMakeFiles\libcurl_shared.dir\pop3.c.obj lib\CMakeFiles\libcurl_shared.dir\progress.c.obj lib\CMakeFiles\libcurl_shared.dir\protocol.c.obj lib\CMakeFiles\libcurl_shared.dir\proxy.c.obj lib\CMakeFiles\libcurl_shared.dir\psl.c.obj lib\CMakeFiles\libcurl_shared.dir\rand.c.obj lib\CMakeFiles\libcurl_shared.dir\ratelimit.c.obj lib\CMakeFiles\libcurl_shared.dir\request.c.obj lib\CMakeFiles\libcurl_shared.dir\rtsp.c.obj lib\CMakeFiles\libcurl_shared.dir\select.c.obj lib\CMakeFiles\libcurl_shared.dir\sendf.c.obj lib\CMakeFiles\libcurl_shared.dir\setopt.c.obj lib\CMakeFiles\libcurl_shared.dir\sha256.c.obj lib\CMakeFiles\libcurl_shared.dir\slist.c.obj lib\CMakeFiles\libcurl_shared.dir\smb.c.obj lib\CMakeFiles\libcurl_shared.dir\smtp.c.obj lib\CMakeFiles\libcurl_shared.dir\socketpair.c.obj lib\CMakeFiles\libcurl_shared.dir\socks.c.obj lib\CMakeFiles\libcurl_shared.dir\socks_gssapi.c.obj lib\CMakeFiles\libcurl_shared.dir\socks_sspi.c.obj lib\CMakeFiles\libcurl_shared.dir\splay.c.obj lib\CMakeFiles\libcurl_shared.dir\strcase.c.obj lib\CMakeFiles\libcurl_shared.dir\strequal.c.obj lib\CMakeFiles\libcurl_shared.dir\strerror.c.obj lib\CMakeFiles\libcurl_shared.dir\system_win32.c.obj lib\CMakeFiles\libcurl_shared.dir\telnet.c.obj lib\CMakeFiles\libcurl_shared.dir\tftp.c.obj lib\CMakeFiles\libcurl_shared.dir\thrdpool.c.obj lib\CMakeFiles\libcurl_shared.dir\thrdqueue.c.obj lib\CMakeFiles\libcurl_shared.dir\transfer.c.obj lib\CMakeFiles\libcurl_shared.dir\uint-bset.c.obj lib\CMakeFiles\libcurl_shared.dir\uint-hash.c.obj lib\CMakeFiles\libcurl_shared.dir\uint-spbset.c.obj lib\CMakeFiles\libcurl_shared.dir\uint-table.c.obj lib\CMakeFiles\libcurl_shared.dir\url.c.obj lib\CMakeFiles\libcurl_shared.dir\urlapi.c.obj lib\CMakeFiles\libcurl_shared.dir\version.c.obj lib\CMakeFiles\libcurl_shared.dir\ws.c.obj lib\CMakeFiles\libcurl_shared.dir\vauth\cleartext.c.obj lib\CMakeFiles\libcurl_shared.dir\vauth\cram.c.obj lib\CMakeFiles\libcurl_shared.dir\vauth\digest.c.obj lib\CMakeFiles\libcurl_shared.dir\vauth\digest_sspi.c.obj lib\CMakeFiles\libcurl_shared.dir\vauth\gsasl.c.obj lib\CMakeFiles\libcurl_shared.dir\vauth\krb5_gssapi.c.obj lib\CMakeFiles\libcurl_shared.dir\vauth\krb5_sspi.c.obj lib\CMakeFiles\libcurl_shared.dir\vauth\ntlm.c.obj lib\CMakeFiles\libcurl_shared.dir\vauth\ntlm_sspi.c.obj lib\CMakeFiles\libcurl_shared.dir\vauth\oauth2.c.obj lib\CMakeFiles\libcurl_shared.dir\vauth\spnego_gssapi.c.obj lib\CMakeFiles\libcurl_shared.dir\vauth\spnego_sspi.c.obj lib\CMakeFiles\libcurl_shared.dir\vauth\vauth.c.obj lib\CMakeFiles\libcurl_shared.dir\vtls\apple.c.obj lib\CMakeFiles\libcurl_shared.dir\vtls\cipher_suite.c.obj lib\CMakeFiles\libcurl_shared.dir\vtls\gtls.c.obj lib\CMakeFiles\libcurl_shared.dir\vtls\hostcheck.c.obj lib\CMakeFiles\libcurl_shared.dir\vtls\keylog.c.obj lib\CMakeFiles\libcurl_shared.dir\vtls\mbedtls.c.obj lib\CMakeFiles\libcurl_shared.dir\vtls\openssl.c.obj lib\CMakeFiles\libcurl_shared.dir\vtls\rustls.c.obj lib\CMakeFiles\libcurl_shared.dir\vtls\schannel.c.obj lib\CMakeFiles\libcurl_shared.dir\vtls\schannel_verify.c.obj lib\CMakeFiles\libcurl_shared.dir\vtls\vtls.c.obj lib\CMakeFiles\libcurl_shared.dir\vtls\vtls_config.c.obj lib\CMakeFiles\libcurl_shared.dir\vtls\vtls_scache.c.obj lib\CMakeFiles\libcurl_shared.dir\vtls\vtls_spack.c.obj lib\CMakeFiles\libcurl_shared.dir\vtls\wolfssl.c.obj lib\CMakeFiles\libcurl_shared.dir\vtls\x509asn1.c.obj lib\CMakeFiles\libcurl_shared.dir\vquic\capsule.c.obj lib\CMakeFiles\libcurl_shared.dir\vquic\cf-capsule.c.obj lib\CMakeFiles\libcurl_shared.dir\vquic\cf-ngtcp2.c.obj lib\CMakeFiles\libcurl_shared.dir\vquic\cf-ngtcp2-cmn.c.obj lib\CMakeFiles\libcurl_shared.dir\vquic\cf-ngtcp2-proxy.c.obj lib\CMakeFiles\libcurl_shared.dir\vquic\cf-quiche.c.obj lib\CMakeFiles\libcurl_shared.dir\vquic\vquic.c.obj lib\CMakeFiles\libcurl_shared.dir\vquic\vquic-tls.c.obj lib\CMakeFiles\libcurl_shared.dir\vssh\libssh.c.obj lib\CMakeFiles\libcurl_shared.dir\vssh\libssh2.c.obj lib\CMakeFiles\libcurl_shared.dir\vssh\vssh.c.obj lib\CMakeFiles\libcurl_shared.dir\curlx\base64.c.obj lib\CMakeFiles\libcurl_shared.dir\curlx\basename.c.obj lib\CMakeFiles\libcurl_shared.dir\curlx\dynbuf.c.obj lib\CMakeFiles\libcurl_shared.dir\curlx\fopen.c.obj lib\CMakeFiles\libcurl_shared.dir\curlx\inet_ntop.c.obj lib\CMakeFiles\libcurl_shared.dir\curlx\inet_pton.c.obj lib\CMakeFiles\libcurl_shared.dir\curlx\multibyte.c.obj lib\CMakeFiles\libcurl_shared.dir\curlx\nonblock.c.obj lib\CMakeFiles\libcurl_shared.dir\curlx\snprintf.c.obj lib\CMakeFiles\libcurl_shared.dir\curlx\strcopy.c.obj lib\CMakeFiles\libcurl_shared.dir\curlx\strdup.c.obj lib\CMakeFiles\libcurl_shared.dir\curlx\strerr.c.obj lib\CMakeFiles\libcurl_shared.dir\curlx\strparse.c.obj lib\CMakeFiles\libcurl_shared.dir\curlx\timediff.c.obj lib\CMakeFiles\libcurl_shared.dir\curlx\timeval.c.obj lib\CMakeFiles\libcurl_shared.dir\curlx\version_win32.c.obj lib\CMakeFiles\libcurl_shared.dir\curlx\wait.c.obj lib\CMakeFiles\libcurl_shared.dir\curlx\warnless.c.obj lib\CMakeFiles\libcurl_shared.dir\curlx\winapi.c.obj lib\CMakeFiles\libcurl_shared.dir\dllmain.c.obj lib\CMakeFiles\libcurl_shared.dir\libcurl.rc.res | C$:\Users\19697\Documents\KeygenSDK\KeygenSDK\build-vs\vcpkg_installed\x64-windows\debug\lib\zd.lib C$:\Users\19697\Documents\KeygenSDK\KeygenSDK\build-vs\vcpkg_installed\vcpkg\blds\curl\src\url-8_21_0-3ffa9f46b7.clean\lib\libcurl.def
  CONFIG = Debug
  LANGUAGE_COMPILE_FLAGS = /nologo /DWIN32 /D_WINDOWS /utf-8 /MP  /MDd /Z7 /Ob0 /Od /RTC1  -MDd
  LINK_FLAGS = /machine:x64 /nologo    /debug /INCREMENTAL /DEF:C:\Users\19697\Documents\KeygenSDK\KeygenSDK\build-vs\vcpkg_installed\vcpkg\blds\curl\src\url-8_21_0-3ffa9f46b7.clean\lib\libcurl.def
  LINK_LIBRARIES = C:\Users\19697\Documents\KeygenSDK\KeygenSDK\build-vs\vcpkg_installed\x64-windows\debug\lib\zd.lib  bcrypt.lib  advapi32.lib  crypt32.lib  secur32.lib  ws2_32.lib  iphlpapi.lib  kernel32.lib user32.lib gdi32.lib winspool.lib shell32.lib ole32.lib oleaut32.lib uuid.lib comdlg32.lib advapi32.lib
  OBJECT_DIR = lib\CMakeFiles\libcurl_shared.dir
  POST_BUILD = cd .
  PRE_LINK = cd .
  RESTAT = 1
  TARGET_COMPILE_PDB = lib\CMakeFiles\libcurl_shared.dir\
  TARGET_FILE = lib\libcurl-d.dll
  TARGET_IMPLIB = lib\libcurl-d.lib
  TARGET_PDB = lib\libcurl-d.pdb
  TARGET_SUPPORT_DIR = lib\CMakeFiles\libcurl_shared.dir
  RSP_FILE = CMakeFiles\libcurl_shared.rsp


#############################################
# Utility command for package

build lib\CMakeFiles\package.util: CUSTOM_COMMAND lib\all
  COMMAND = C:\WINDOWS\system32\cmd.exe /C "cd /D C:\Users\19697\Documents\KeygenSDK\KeygenSDK\build-vs\vcpkg_installed\vcpkg\blds\curl\x64-windows-dbg && C:\Users\19697\AppData\Local\vcpkg\downloads\tools\cmake-4.3.2-windows\cmake-4.3.2-windows-x86_64\bin\cpack.exe --config ./CPackConfig.cmake"
  DESC = Run CPack packaging tool...
  pool = console
  restat = 1

build lib\package: phony lib\CMakeFiles\package.util


#############################################
# Utility command for package_source

build lib\CMakeFiles\package_source.util: CUSTOM_COMMAND
  COMMAND = C:\WINDOWS\system32\cmd.exe /C "cd /D C:\Users\19697\Documents\KeygenSDK\KeygenSDK\build-vs\vcpkg_installed\vcpkg\blds\curl\x64-windows-dbg && C:\Users\19697\AppData\Local\vcpkg\downloads\tools\cmake-4.3.2-windows\cmake-4.3.2-windows-x86_64\bin\cpack.exe --config ./CPackSourceConfig.cmake"
  DESC = Run CPack packaging tool for source...
  pool = console
  restat = 1

build lib\package_source: phony lib\CMakeFiles\package_source.util


#############################################
# Utility command for edit_cache

build lib\CMakeFiles\edit_cache.util: CUSTOM_COMMAND
  COMMAND = C:\WINDOWS\system32\cmd.exe /C "cd /D C:\Users\19697\Documents\KeygenSDK\KeygenSDK\build-vs\vcpkg_installed\vcpkg\blds\curl\x64-windows-dbg\lib && C:\Users\19697\AppData\Local\vcpkg\downloads\tools\cmake-4.3.2-windows\cmake-4.3.2-windows-x86_64\bin\cmake-gui.exe -SC:\Users\19697\Documents\KeygenSDK\KeygenSDK\build-vs\vcpkg_installed\vcpkg\blds\curl\src\url-8_21_0-3ffa9f46b7.clean -BC:\Users\19697\Documents\KeygenSDK\KeygenSDK\build-vs\vcpkg_installed\vcpkg\blds\curl\x64-windows-dbg"
  DESC = Running CMake cache editor...
  pool = console
  restat = 1

build lib\edit_cache: phony lib\CMakeFiles\edit_cache.util


#############################################
# Utility command for rebuild_cache

build lib\CMakeFiles\rebuild_cache.util: CUSTOM_COMMAND
  COMMAND = C:\WINDOWS\system32\cmd.exe /C "cd /D C:\Users\19697\Documents\KeygenSDK\KeygenSDK\build-vs\vcpkg_installed\vcpkg\blds\curl\x64-windows-dbg\lib && C:\Users\19697\AppData\Local\vcpkg\downloads\tools\cmake-4.3.2-windows\cmake-4.3.2-windows-x86_64\bin\cmake.exe --regenerate-during-build -SC:\Users\19697\Documents\KeygenSDK\KeygenSDK\build-vs\vcpkg_installed\vcpkg\blds\curl\src\url-8_21_0-3ffa9f46b7.clean -BC:\Users\19697\Documents\KeygenSDK\KeygenSDK\build-vs\vcpkg_installed\vcpkg\blds\curl\x64-windows-dbg"
  DESC = Running CMake to regenerate build system...
  pool = console
  restat = 1

build lib\rebuild_cache: phony lib\CMakeFiles\rebuild_cache.util


#############################################
# Utility command for list_install_components

build lib\list_install_components: phony


#############################################
# Utility command for install

build lib\CMakeFiles\install.util: CUSTOM_COMMAND lib\all
  COMMAND = C:\WINDOWS\system32\cmd.exe /C "cd /D C:\Users\19697\Documents\KeygenSDK\KeygenSDK\build-vs\vcpkg_installed\vcpkg\blds\curl\x64-windows-dbg\lib && C:\Users\19697\AppData\Local\vcpkg\downloads\tools\cmake-4.3.2-windows\cmake-4.3.2-windows-x86_64\bin\cmake.exe -P cmake_install.cmake"
  DESC = Install the project...
  pool = console
  restat = 1

build lib\install: phony lib\CMakeFiles\install.util


#############################################
# Utility command for install/local

build lib\CMakeFiles\install\local.util: CUSTOM_COMMAND lib\all
  COMMAND = C:\WINDOWS\system32\cmd.exe /C "cd /D C:\Users\19697\Documents\KeygenSDK\KeygenSDK\build-vs\vcpkg_installed\vcpkg\blds\curl\x64-windows-dbg\lib && C:\Users\19697\AppData\Local\vcpkg\downloads\tools\cmake-4.3.2-windows\cmake-4.3.2-windows-x86_64\bin\cmake.exe -DCMAKE_INSTALL_LOCAL_ONLY=1 -P cmake_install.cmake"
  DESC = Installing only the local directory...
  pool = console
  restat = 1

build lib\install\local: phony lib\CMakeFiles\install\local.util

# =============================================================================
# Write statements declared in CMakeLists.txt:
# C:/Users/19697/Documents/KeygenSDK/KeygenSDK/build-vs/vcpkg_installed/vcpkg/blds/curl/src/url-8_21_0-3ffa9f46b7.clean/CMakeLists.txt
# =============================================================================


#############################################
# Utility command for curl-examples

build docs\examples\curl-examples: phony docs\examples\10-at-a-time.exe docs\examples\address-scope.exe docs\examples\altsvc.exe docs\examples\anyauthput.exe docs\examples\block_ip.exe docs\examples\certinfo.exe docs\examples\chkspeed.exe docs\examples\connect-to.exe docs\examples\cookie_interface.exe docs\examples\debug.exe docs\examples\default-scheme.exe docs\examples\externalsocket.exe docs\examples\fileupload.exe docs\examples\ftp-delete.exe docs\examples\ftp-wildcard.exe docs\examples\ftpget.exe docs\examples\ftpgetinfo.exe docs\examples\ftpgetresp.exe docs\examples\ftpsget.exe docs\examples\ftpupload.exe docs\examples\ftpuploadfrommem.exe docs\examples\ftpuploadresume.exe docs\examples\getinfo.exe docs\examples\getinmemory.exe docs\examples\getredirect.exe docs\examples\getreferrer.exe docs\examples\headerapi.exe docs\examples\hsts-preload.exe docs\examples\http-options.exe docs\examples\http-post.exe docs\examples\http2-download.exe docs\examples\http2-pushinmemory.exe docs\examples\http2-serverpush.exe docs\examples\http2-upload.exe docs\examples\http3-present.exe docs\examples\http3.exe docs\examples\httpcustomheader.exe docs\examples\httpput-postfields.exe docs\examples\httpput.exe docs\examples\https.exe docs\examples\imap-append.exe docs\examples\imap-authzid.exe docs\examples\imap-copy.exe docs\examples\imap-create.exe docs\examples\imap-delete.exe docs\examples\imap-examine.exe docs\examples\imap-fetch.exe docs\examples\imap-list.exe docs\examples\imap-lsub.exe docs\examples\imap-multi.exe docs\examples\imap-noop.exe docs\examples\imap-search.exe docs\examples\imap-ssl.exe docs\examples\imap-store.exe docs\examples\imap-tls.exe docs\examples\interface.exe docs\examples\ipv6.exe docs\examples\keepalive.exe docs\examples\localport.exe docs\examples\log_failed_transfers.exe docs\examples\maxconnects.exe docs\examples\multi-app.exe docs\examples\multi-debugcallback.exe docs\examples\multi-double.exe docs\examples\multi-formadd.exe docs\examples\multi-legacy.exe docs\examples\multi-post.exe docs\examples\multi-single.exe docs\examples\netrc.exe docs\examples\parseurl.exe docs\examples\persistent.exe docs\examples\pop3-authzid.exe docs\examples\pop3-dele.exe docs\examples\pop3-list.exe docs\examples\pop3-multi.exe docs\examples\pop3-noop.exe docs\examples\pop3-retr.exe docs\examples\pop3-ssl.exe docs\examples\pop3-stat.exe docs\examples\pop3-tls.exe docs\examples\pop3-top.exe docs\examples\pop3-uidl.exe docs\examples\post-callback.exe docs\examples\postinmemory.exe docs\examples\postit2-formadd.exe docs\examples\postit2.exe docs\examples\progressfunc.exe docs\examples\protofeats.exe docs\examples\range.exe docs\examples\resolve.exe docs\examples\rtsp-options.exe docs\examples\sendrecv.exe docs\examples\sepheaders.exe docs\examples\sftpget.exe docs\examples\sftpuploadresume.exe docs\examples\shared-connection-cache.exe docs\examples\simple.exe docs\examples\simplepost.exe docs\examples\simplessl.exe docs\examples\smtp-authzid.exe docs\examples\smtp-expn.exe docs\examples\smtp-mail.exe docs\examples\smtp-mime.exe docs\examples\smtp-multi.exe docs\examples\smtp-ssl.exe docs\examples\smtp-tls.exe docs\examples\smtp-vrfy.exe docs\examples\sslbackend.exe docs\examples\synctime.exe docs\examples\unixsocket.exe docs\examples\url2file.exe docs\examples\urlapi.exe docs\examples\websocket-cb.exe docs\examples\websocket-updown.exe docs\examples\websocket.exe

# =============================================================================
# Object build statements for EXECUTABLE target curl-example-10-at-a-time


#############################################
# Order-only phony target for curl-example-10-at-a-time

build cmake_object_order_depends_target_curl-example-10-at-a-time: phony || cmake_object_order_depends_target_libcurl_shared

build docs\examples\CMakeFiles\curl-example-10-at-a-time.dir\10-at-a-time.c.obj: C_COMPILER__curl-example-10-at-a-time_unscanned_Debug C$:\Users\19697\Documents\KeygenSDK\KeygenSDK\build-vs\vcpkg_installed\vcpkg\blds\curl\src\url-8_21_0-3ffa9f46b7.clean\docs\examples\10-at-a-time.c || cmake_object_order_depends_target_curl-example-10-at-a-time
  CONFIG = Debug
  DEFINES = -DCURL_NO_OLDIES -DHAVE_CONFIG_H -DUNICODE -DWIN32_LEAN_AND_MEAN -D_UNICODE
  FLAGS = /nologo /DWIN32 /D_WINDOWS /utf-8 /MP  /MDd /Z7 /Ob0 /Od /RTC1  -MDd -W4 -Wall -wd4061 -wd4191 -wd4255 -wd4464 -wd4548 -wd4574 -wd4668 -wd4710 -wd4711 -wd4746 -wd4820 -wd5045 -MP
  INCLUDES = -IC:\Users\19697\Documents\KeygenSDK\KeygenSDK\build-vs\vcpkg_installed\vcpkg\blds\curl\src\url-8_21_0-3ffa9f46b7.clean\include
  OBJECT_DIR = docs\examples\CMakeFiles\curl-example-10-at-a-time.dir
  OBJECT_FILE_DIR = docs\examples\CMakeFiles\curl-example-10-at-a-time.dir
  TARGET_COMPILE_PDB = docs\examples\CMakeFiles\curl-example-10-at-a-time.dir\
  TARGET_PDB = docs\examples\10-at-a-time.pdb
  TARGET_SUPPORT_DIR = docs\examples\CMakeFiles\curl-example-10-at-a-time.dir


# =============================================================================
# Link build statements for EXECUTABLE target curl-example-10-at-a-time


#############################################
# Link the executable docs\examples\10-at-a-time.exe

build docs\examples\10-at-a-time.exe: C_EXECUTABLE_LINKER__curl-example-10-at-a-time_Debug docs\examples\CMakeFiles\curl-example-10-at-a-time.dir\10-at-a-time.c.obj | lib\libcurl-d.lib || lib\libcurl-d.dll
  CONFIG = Debug
  FLAGS = /nologo /DWIN32 /D_WINDOWS /utf-8 /MP  /MDd /Z7 /Ob0 /Od /RTC1  -MDd
  LINK_FLAGS = /machine:x64 /nologo    /debug /INCREMENTAL /subsystem:console
  LINK_LIBRARIES = lib\libcurl-d.lib  ws2_32.lib  iphlpapi.lib  kernel32.lib user32.lib gdi32.lib winspool.lib shell32.lib ole32.lib oleaut32.lib uuid.lib comdlg32.lib advapi32.lib
  OBJECT_DIR = docs\examples\CMakeFiles\curl-example-10-at-a-time.dir
  POST_BUILD = cd .
  PRE_LINK = cd .
  TARGET_COMPILE_PDB = docs\examples\CMakeFiles\curl-example-10-at-a-time.dir\
  TARGET_FILE = docs\examples\10-at-a-time.exe
  TARGET_IMPLIB = docs\examples\10-at-a-time.lib
  TARGET_PDB = docs\examples\10-at-a-time.pdb
  TARGET_SUPPORT_DIR = docs\examples\CMakeFiles\curl-example-10-at-a-time.dir

# =============================================================================
# Object build statements for EXECUTABLE target curl-example-address-scope


#############################################
# Order-only phony target for curl-example-address-scope

build cmake_object_order_depends_target_curl-example-address-scope: phony || cmake_object_order_depends_target_libcurl_shared

build docs\examples\CMakeFiles\curl-example-address-scope.dir\address-scope.c.obj: C_COMPILER__curl-example-address-scope_unscanned_Debug C$:\Users\19697\Documents\KeygenSDK\KeygenSDK\build-vs\vcpkg_installed\vcpkg\blds\curl\src\url-8_21_0-3ffa9f46b7.clean\docs\examples\address-scope.c || cmake_object_order_depends_target_curl-example-address-scope
  CONFIG = Debug
  DEFINES = -DCURL_NO_OLDIES -DHAVE_CONFIG_H -DUNICODE -DWIN32_LEAN_AND_MEAN -D_UNICODE
  FLAGS = /nologo /DWIN32 /D_WINDOWS /utf-8 /MP  /MDd /Z7 /Ob0 /Od /RTC1  -MDd -W4 -Wall -wd4061 -wd4191 -wd4255 -wd4464 -wd4548 -wd4574 -wd4668 -wd4710 -wd4711 -wd4746 -wd4820 -wd5045 -MP
  INCLUDES = -IC:\Users\19697\Documents\KeygenSDK\KeygenSDK\build-vs\vcpkg_installed\vcpkg\blds\curl\src\url-8_21_0-3ffa9f46b7.clean\include
  OBJECT_DIR = docs\examples\CMakeFiles\curl-example-address-scope.dir
  OBJECT_FILE_DIR = docs\examples\CMakeFiles\curl-example-address-scope.dir
  TARGET_COMPILE_PDB = docs\examples\CMakeFiles\curl-example-address-scope.dir\
  TARGET_PDB = docs\examples\address-scope.pdb
  TARGET_SUPPORT_DIR = docs\examples\CMakeFiles\curl-example-address-scope.dir


# =============================================================================
# Link build statements for EXECUTABLE target curl-example-address-scope


#############################################
# Link the executable docs\examples\address-scope.exe

build docs\examples\address-scope.exe: C_EXECUTABLE_LINKER__curl-example-address-scope_Debug docs\examples\CMakeFiles\curl-example-address-scope.dir\address-scope.c.obj | lib\libcurl-d.lib || lib\libcurl-d.dll
  CONFIG = Debug
  FLAGS = /nologo /DWIN32 /D_WINDOWS /utf-8 /MP  /MDd /Z7 /Ob0 /Od /RTC1  -MDd
  LINK_FLAGS = /machine:x64 /nologo    /debug /INCREMENTAL /subsystem:console
  LINK_LIBRARIES = lib\libcurl-d.lib  ws2_32.lib  iphlpapi.lib  kernel32.lib user32.lib gdi32.lib winspool.lib shell32.lib ole32.lib oleaut32.lib uuid.lib comdlg32.lib advapi32.lib
  OBJECT_DIR = docs\examples\CMakeFiles\curl-example-address-scope.dir
  POST_BUILD = cd .
  PRE_LINK = cd .
  TARGET_COMPILE_PDB = docs\examples\CMakeFiles\curl-example-address-scope.dir\
  TARGET_FILE = docs\examples\address-scope.exe
  TARGET_IMPLIB = docs\examples\address-scope.lib
  TARGET_PDB = docs\examples\address-scope.pdb
  TARGET_SUPPORT_DIR = docs\examples\CMakeFiles\curl-example-address-scope.dir

# =============================================================================
# Object build statements for EXECUTABLE target curl-example-altsvc


#############################################
# Order-only phony target for curl-example-altsvc

build cmake_object_order_depends_target_curl-example-altsvc: phony || cmake_object_order_depends_target_libcurl_shared

build docs\examples\CMakeFiles\curl-example-altsvc.dir\altsvc.c.obj: C_COMPILER__curl-example-altsvc_unscanned_Debug C$:\Users\19697\Documents\KeygenSDK\KeygenSDK\build-vs\vcpkg_installed\vcpkg\blds\curl\src\url-8_21_0-3ffa9f46b7.clean\docs\examples\altsvc.c || cmake_object_order_depends_target_curl-example-altsvc
  CONFIG = Debug
  DEFINES = -DCURL_NO_OLDIES -DHAVE_CONFIG_H -DUNICODE -DWIN32_LEAN_AND_MEAN -D_UNICODE
  FLAGS = /nologo /DWIN32 /D_WINDOWS /utf-8 /MP  /MDd /Z7 /Ob0 /Od /RTC1  -MDd -W4 -Wall -wd4061 -wd4191 -wd4255 -wd4464 -wd4548 -wd4574 -wd4668 -wd4710 -wd4711 -wd4746 -wd4820 -wd5045 -MP
  INCLUDES = -IC:\Users\19697\Documents\KeygenSDK\KeygenSDK\build-vs\vcpkg_installed\vcpkg\blds\curl\src\url-8_21_0-3ffa9f46b7.clean\include
  OBJECT_DIR = docs\examples\CMakeFiles\curl-example-altsvc.dir
  OBJECT_FILE_DIR = docs\examples\CMakeFiles\curl-example-altsvc.dir
  TARGET_COMPILE_PDB = docs\examples\CMakeFiles\curl-example-altsvc.dir\
  TARGET_PDB = docs\examples\altsvc.pdb
  TARGET_SUPPORT_DIR = docs\examples\CMakeFiles\curl-example-altsvc.dir


# =============================================================================
# Link build statements for EXECUTABLE target curl-example-altsvc


#############################################
# Link the executable docs\examples\altsvc.exe

build docs\examples\altsvc.exe: C_EXECUTABLE_LINKER__curl-example-altsvc_Debug docs\examples\CMakeFiles\curl-example-altsvc.dir\altsvc.c.obj | lib\libcurl-d.lib || lib\libcurl-d.dll
  CONFIG = Debug
  FLAGS = /nologo /DWIN32 /D_WINDOWS /utf-8 /MP  /MDd /Z7 /Ob0 /Od /RTC1  -MDd
  LINK_FLAGS = /machine:x64 /nologo    /debug /INCREMENTAL /subsystem:console
  LINK_LIBRARIES = lib\libcurl-d.lib  ws2_32.lib  iphlpapi.lib  kernel32.lib user32.lib gdi32.lib winspool.lib shell32.lib ole32.lib oleaut32.lib uuid.lib comdlg32.lib advapi32.lib
  OBJECT_DIR = docs\examples\CMakeFiles\curl-example-altsvc.dir
  POST_BUILD = cd .
  PRE_LINK = cd .
  TARGET_COMPILE_PDB = docs\examples\CMakeFiles\curl-example-altsvc.dir\
  TARGET_FILE = docs\examples\altsvc.exe
  TARGET_IMPLIB = docs\examples\altsvc.lib
  TARGET_PDB = docs\examples\altsvc.pdb
  TARGET_SUPPORT_DIR = docs\examples\CMakeFiles\curl-example-altsvc.dir

# =============================================================================
# Object build statements for EXECUTABLE target curl-example-anyauthput


#############################################
# Order-only phony target for curl-example-anyauthput

build cmake_object_order_depends_target_curl-example-anyauthput: phony || cmake_object_order_depends_target_libcurl_shared

build docs\examples\CMakeFiles\curl-example-anyauthput.dir\anyauthput.c.obj: C_COMPILER__curl-example-anyauthput_unscanned_Debug C$:\Users\19697\Documents\KeygenSDK\KeygenSDK\build-vs\vcpkg_installed\vcpkg\blds\curl\src\url-8_21_0-3ffa9f46b7.clean\docs\examples\anyauthput.c || cmake_object_order_depends_target_curl-example-anyauthput
  CONFIG = Debug
  DEFINES = -DCURL_NO_OLDIES -DHAVE_CONFIG_H -DUNICODE -DWIN32_LEAN_AND_MEAN -D_UNICODE
  FLAGS = /nologo /DWIN32 /D_WINDOWS /utf-8 /MP  /MDd /Z7 /Ob0 /Od /RTC1  -MDd -W4 -Wall -wd4061 -wd4191 -wd4255 -wd4464 -wd4548 -wd4574 -wd4668 -wd4710 -wd4711 -wd4746 -wd4820 -wd5045 -MP
  INCLUDES = -IC:\Users\19697\Documents\KeygenSDK\KeygenSDK\build-vs\vcpkg_installed\vcpkg\blds\curl\src\url-8_21_0-3ffa9f46b7.clean\include
  OBJECT_DIR = docs\examples\CMakeFiles\curl-example-anyauthput.dir
  OBJECT_FILE_DIR = docs\examples\CMakeFiles\curl-example-anyauthput.dir
  TARGET_COMPILE_PDB = docs\examples\CMakeFiles\curl-example-anyauthput.dir\
  TARGET_PDB = docs\examples\anyauthput.pdb
  TARGET_SUPPORT_DIR = docs\examples\CMakeFiles\curl-example-anyauthput.dir


# =============================================================================
# Link build statements for EXECUTABLE target curl-example-anyauthput


#############################################
# Link the executable docs\examples\anyauthput.exe

build docs\examples\anyauthput.exe: C_EXECUTABLE_LINKER__curl-example-anyauthput_Debug docs\examples\CMakeFiles\curl-example-anyauthput.dir\anyauthput.c.obj | lib\libcurl-d.lib || lib\libcurl-d.dll
  CONFIG = Debug
  FLAGS = /nologo /DWIN32 /D_WINDOWS /utf-8 /MP  /MDd /Z7 /Ob0 /Od /RTC1  -MDd
  LINK_FLAGS = /machine:x64 /nologo    /debug /INCREMENTAL /subsystem:console
  LINK_LIBRARIES = lib\libcurl-d.lib  ws2_32.lib  iphlpapi.lib  kernel32.lib user32.lib gdi32.lib winspool.lib shell32.lib ole32.lib oleaut32.lib uuid.lib comdlg32.lib advapi32.lib
  OBJECT_DIR = docs\examples\CMakeFiles\curl-example-anyauthput.dir
  POST_BUILD = cd .
  PRE_LINK = cd .
  TARGET_COMPILE_PDB = docs\examples\CMakeFiles\curl-example-anyauthput.dir\
  TARGET_FILE = docs\examples\anyauthput.exe
  TARGET_IMPLIB = docs\examples\anyauthput.lib
  TARGET_PDB = docs\examples\anyauthput.pdb
  TARGET_SUPPORT_DIR = docs\examples\CMakeFiles\curl-example-anyauthput.dir

# =============================================================================
# Object build statements for EXECUTABLE target curl-example-block_ip


#############################################
# Order-only phony target for curl-example-block_ip

build cmake_object_order_depends_target_curl-example-block_ip: phony || cmake_object_order_depends_target_libcurl_shared

build docs\examples\CMakeFiles\curl-example-block_ip.dir\block_ip.c.obj: C_COMPILER__curl-example-block_ip_unscanned_Debug C$:\Users\19697\Documents\KeygenSDK\KeygenSDK\build-vs\vcpkg_installed\vcpkg\blds\curl\src\url-8_21_0-3ffa9f46b7.clean\docs\examples\block_ip.c || cmake_object_order_depends_target_curl-example-block_ip
  CONFIG = Debug
  DEFINES = -DCURL_NO_OLDIES -DHAVE_CONFIG_H -DUNICODE -DWIN32_LEAN_AND_MEAN -D_UNICODE
  FLAGS = /nologo /DWIN32 /D_WINDOWS /utf-8 /MP  /MDd /Z7 /Ob0 /Od /RTC1  -MDd -W4 -Wall -wd4061 -wd4191 -wd4255 -wd4464 -wd4548 -wd4574 -wd4668 -wd4710 -wd4711 -wd4746 -wd4820 -wd5045 -MP
  INCLUDES = -IC:\Users\19697\Documents\KeygenSDK\KeygenSDK\build-vs\vcpkg_installed\vcpkg\blds\curl\src\url-8_21_0-3ffa9f46b7.clean\include
  OBJECT_DIR = docs\examples\CMakeFiles\curl-example-block_ip.dir
  OBJECT_FILE_DIR = docs\examples\CMakeFiles\curl-example-block_ip.dir
  TARGET_COMPILE_PDB = docs\examples\CMakeFiles\curl-example-block_ip.dir\
  TARGET_PDB = docs\examples\block_ip.pdb
  TARGET_SUPPORT_DIR = docs\examples\CMakeFiles\curl-example-block_ip.dir


# =============================================================================
# Link build statements for EXECUTABLE target curl-example-block_ip


#############################################
# Link the executable docs\examples\block_ip.exe

build docs\examples\block_ip.exe: C_EXECUTABLE_LINKER__curl-example-block_ip_Debug docs\examples\CMakeFiles\curl-example-block_ip.dir\block_ip.c.obj | lib\libcurl-d.lib || lib\libcurl-d.dll
  CONFIG = Debug
  FLAGS = /nologo /DWIN32 /D_WINDOWS /utf-8 /MP  /MDd /Z7 /Ob0 /Od /RTC1  -MDd
  LINK_FLAGS = /machine:x64 /nologo    /debug /INCREMENTAL /subsystem:console
  LINK_LIBRARIES = lib\libcurl-d.lib  ws2_32.lib  iphlpapi.lib  kernel32.lib user32.lib gdi32.lib winspool.lib shell32.lib ole32.lib oleaut32.lib uuid.lib comdlg32.lib advapi32.lib
  OBJECT_DIR = docs\examples\CMakeFiles\curl-example-block_ip.dir
  POST_BUILD = cd .
  PRE_LINK = cd .
  TARGET_COMPILE_PDB = docs\examples\CMakeFiles\curl-example-block_ip.dir\
  TARGET_FILE = docs\examples\block_ip.exe
  TARGET_IMPLIB = docs\examples\block_ip.lib
  TARGET_PDB = docs\examples\block_ip.pdb
  TARGET_SUPPORT_DIR = docs\examples\CMakeFiles\curl-example-block_ip.dir

# =============================================================================
# Object build statements for EXECUTABLE target curl-example-certinfo


#############################################
# Order-only phony target for curl-example-certinfo

build cmake_object_order_depends_target_curl-example-certinfo: phony || cmake_object_order_depends_target_libcurl_shared

build docs\examples\CMakeFiles\curl-example-certinfo.dir\certinfo.c.obj: C_COMPILER__curl-example-certinfo_unscanned_Debug C$:\Users\19697\Documents\KeygenSDK\KeygenSDK\build-vs\vcpkg_installed\vcpkg\blds\curl\src\url-8_21_0-3ffa9f46b7.clean\docs\examples\certinfo.c || cmake_object_order_depends_target_curl-example-certinfo
  CONFIG = Debug
  DEFINES = -DCURL_NO_OLDIES -DHAVE_CONFIG_H -DUNICODE -DWIN32_LEAN_AND_MEAN -D_UNICODE
  FLAGS = /nologo /DWIN32 /D_WINDOWS /utf-8 /MP  /MDd /Z7 /Ob0 /Od /RTC1  -MDd -W4 -Wall -wd4061 -wd4191 -wd4255 -wd4464 -wd4548 -wd4574 -wd4668 -wd4710 -wd4711 -wd4746 -wd4820 -wd5045 -MP
  INCLUDES = -IC:\Users\19697\Documents\KeygenSDK\KeygenSDK\build-vs\vcpkg_installed\vcpkg\blds\curl\src\url-8_21_0-3ffa9f46b7.clean\include
  OBJECT_DIR = docs\examples\CMakeFiles\curl-example-certinfo.dir
  OBJECT_FILE_DIR = docs\examples\CMakeFiles\curl-example-certinfo.dir
  TARGET_COMPILE_PDB = docs\examples\CMakeFiles\curl-example-certinfo.dir\
  TARGET_PDB = docs\examples\certinfo.pdb
  TARGET_SUPPORT_DIR = docs\examples\CMakeFiles\curl-example-certinfo.dir


# =============================================================================
# Link build statements for EXECUTABLE target curl-example-certinfo


#############################################
# Link the executable docs\examples\certinfo.exe

build docs\examples\certinfo.exe: C_EXECUTABLE_LINKER__curl-example-certinfo_Debug docs\examples\CMakeFiles\curl-example-certinfo.dir\certinfo.c.obj | lib\libcurl-d.lib || lib\libcurl-d.dll
  CONFIG = Debug
  FLAGS = /nologo /DWIN32 /D_WINDOWS /utf-8 /MP  /MDd /Z7 /Ob0 /Od /RTC1  -MDd
  LINK_FLAGS = /machine:x64 /nologo    /debug /INCREMENTAL /subsystem:console
  LINK_LIBRARIES = lib\libcurl-d.lib  ws2_32.lib  iphlpapi.lib  kernel32.lib user32.lib gdi32.lib winspool.lib shell32.lib ole32.lib oleaut32.lib uuid.lib comdlg32.lib advapi32.lib
  OBJECT_DIR = docs\examples\CMakeFiles\curl-example-certinfo.dir
  POST_BUILD = cd .
  PRE_LINK = cd .
  TARGET_COMPILE_PDB = docs\examples\CMakeFiles\curl-example-certinfo.dir\
  TARGET_FILE = docs\examples\certinfo.exe
  TARGET_IMPLIB = docs\examples\certinfo.lib
  TARGET_PDB = docs\examples\certinfo.pdb
  TARGET_SUPPORT_DIR = docs\examples\CMakeFiles\curl-example-certinfo.dir

# =============================================================================
# Object build statements for EXECUTABLE target curl-example-chkspeed


#############################################
# Order-only phony target for curl-example-chkspeed

build cmake_object_order_depends_target_curl-example-chkspeed: phony || cmake_object_order_depends_target_libcurl_shared

build docs\examples\CMakeFiles\curl-example-chkspeed.dir\chkspeed.c.obj: C_COMPILER__curl-example-chkspeed_unscanned_Debug C$:\Users\19697\Documents\KeygenSDK\KeygenSDK\build-vs\vcpkg_installed\vcpkg\blds\curl\src\url-8_21_0-3ffa9f46b7.clean\docs\examples\chkspeed.c || cmake_object_order_depends_target_curl-example-chkspeed
  CONFIG = Debug
  DEFINES = -DCURL_NO_OLDIES -DHAVE_CONFIG_H -DUNICODE -DWIN32_LEAN_AND_MEAN -D_UNICODE
  FLAGS = /nologo /DWIN32 /D_WINDOWS /utf-8 /MP  /MDd /Z7 /Ob0 /Od /RTC1  -MDd -W4 -Wall -wd4061 -wd4191 -wd4255 -wd4464 -wd4548 -wd4574 -wd4668 -wd4710 -wd4711 -wd4746 -wd4820 -wd5045 -MP
  INCLUDES = -IC:\Users\19697\Documents\KeygenSDK\KeygenSDK\build-vs\vcpkg_installed\vcpkg\blds\curl\src\url-8_21_0-3ffa9f46b7.clean\include
  OBJECT_DIR = docs\examples\CMakeFiles\curl-example-chkspeed.dir
  OBJECT_FILE_DIR = docs\examples\CMakeFiles\curl-example-chkspeed.dir
  TARGET_COMPILE_PDB = docs\examples\CMakeFiles\curl-example-chkspeed.dir\
  TARGET_PDB = docs\examples\chkspeed.pdb
  TARGET_SUPPORT_DIR = docs\examples\CMakeFiles\curl-example-chkspeed.dir


# =============================================================================
# Link build statements for EXECUTABLE target curl-example-chkspeed


#############################################
# Link the executable docs\examples\chkspeed.exe

build docs\examples\chkspeed.exe: C_EXECUTABLE_LINKER__curl-example-chkspeed_Debug docs\examples\CMakeFiles\curl-example-chkspeed.dir\chkspeed.c.obj | lib\libcurl-d.lib || lib\libcurl-d.dll
  CONFIG = Debug
  FLAGS = /nologo /DWIN32 /D_WINDOWS /utf-8 /MP  /MDd /Z7 /Ob0 /Od /RTC1  -MDd
  LINK_FLAGS = /machine:x64 /nologo    /debug /INCREMENTAL /subsystem:console
  LINK_LIBRARIES = lib\libcurl-d.lib  ws2_32.lib  iphlpapi.lib  kernel32.lib user32.lib gdi32.lib winspool.lib shell32.lib ole32.lib oleaut32.lib uuid.lib comdlg32.lib advapi32.lib
  OBJECT_DIR = docs\examples\CMakeFiles\curl-example-chkspeed.dir
  POST_BUILD = cd .
  PRE_LINK = cd .
  TARGET_COMPILE_PDB = docs\examples\CMakeFiles\curl-example-chkspeed.dir\
  TARGET_FILE = docs\examples\chkspeed.exe
  TARGET_IMPLIB = docs\examples\chkspeed.lib
  TARGET_PDB = docs\examples\chkspeed.pdb
  TARGET_SUPPORT_DIR = docs\examples\CMakeFiles\curl-example-chkspeed.dir

# =============================================================================
# Object build statements for EXECUTABLE target curl-example-connect-to


#############################################
# Order-only phony target for curl-example-connect-to

build cmake_object_order_depends_target_curl-example-connect-to: phony || cmake_object_order_depends_target_libcurl_shared

build docs\examples\CMakeFiles\curl-example-connect-to.dir\connect-to.c.obj: C_COMPILER__curl-example-connect-to_unscanned_Debug C$:\Users\19697\Documents\KeygenSDK\KeygenSDK\build-vs\vcpkg_installed\vcpkg\blds\curl\src\url-8_21_0-3ffa9f46b7.clean\docs\examples\connect-to.c || cmake_object_order_depends_target_curl-example-connect-to
  CONFIG = Debug
  DEFINES = -DCURL_NO_OLDIES -DHAVE_CONFIG_H -DUNICODE -DWIN32_LEAN_AND_MEAN -D_UNICODE
  FLAGS = /nologo /DWIN32 /D_WINDOWS /utf-8 /MP  /MDd /Z7 /Ob0 /Od /RTC1  -MDd -W4 -Wall -wd4061 -wd4191 -wd4255 -wd4464 -wd4548 -wd4574 -wd4668 -wd4710 -wd4711 -wd4746 -wd4820 -wd5045 -MP
  INCLUDES = -IC:\Users\19697\Documents\KeygenSDK\KeygenSDK\build-vs\vcpkg_installed\vcpkg\blds\curl\src\url-8_21_0-3ffa9f46b7.clean\include
  OBJECT_DIR = docs\examples\CMakeFiles\curl-example-connect-to.dir
  OBJECT_FILE_DIR = docs\examples\CMakeFiles\curl-example-connect-to.dir
  TARGET_COMPILE_PDB = docs\examples\CMakeFiles\curl-example-connect-to.dir\
  TARGET_PDB = docs\examples\connect-to.pdb
  TARGET_SUPPORT_DIR = docs\examples\CMakeFiles\curl-example-connect-to.dir


# =============================================================================
# Link build statements for EXECUTABLE target curl-example-connect-to


#############################################
# Link the executable docs\examples\connect-to.exe

build docs\examples\connect-to.exe: C_EXECUTABLE_LINKER__curl-example-connect-to_Debug docs\examples\CMakeFiles\curl-example-connect-to.dir\connect-to.c.obj | lib\libcurl-d.lib || lib\libcurl-d.dll
  CONFIG = Debug
  FLAGS = /nologo /DWIN32 /D_WINDOWS /utf-8 /MP  /MDd /Z7 /Ob0 /Od /RTC1  -MDd
  LINK_FLAGS = /machine:x64 /nologo    /debug /INCREMENTAL /subsystem:console
  LINK_LIBRARIES = lib\libcurl-d.lib  ws2_32.lib  iphlpapi.lib  kernel32.lib user32.lib gdi32.lib winspool.lib shell32.lib ole32.lib oleaut32.lib uuid.lib comdlg32.lib advapi32.lib
  OBJECT_DIR = docs\examples\CMakeFiles\curl-example-connect-to.dir
  POST_BUILD = cd .
  PRE_LINK = cd .
  TARGET_COMPILE_PDB = docs\examples\CMakeFiles\curl-example-connect-to.dir\
  TARGET_FILE = docs\examples\connect-to.exe
  TARGET_IMPLIB = docs\examples\connect-to.lib
  TARGET_PDB = docs\examples\connect-to.pdb
  TARGET_SUPPORT_DIR = docs\examples\CMakeFiles\curl-example-connect-to.dir

# =============================================================================
# Object build statements for EXECUTABLE target curl-example-cookie_interface


#############################################
# Order-only phony target for curl-example-cookie_interface

build cmake_object_order_depends_target_curl-example-cookie_interface: phony || cmake_object_order_depends_target_libcurl_shared

build docs\examples\CMakeFiles\curl-example-cookie_interface.dir\cookie_interface.c.obj: C_COMPILER__curl-example-cookie_interface_unscanned_Debug C$:\Users\19697\Documents\KeygenSDK\KeygenSDK\build-vs\vcpkg_installed\vcpkg\blds\curl\src\url-8_21_0-3ffa9f46b7.clean\docs\examples\cookie_interface.c || cmake_object_order_depends_target_curl-example-cookie_interface
  CONFIG = Debug
  DEFINES = -DCURL_NO_OLDIES -DHAVE_CONFIG_H -DUNICODE -DWIN32_LEAN_AND_MEAN -D_UNICODE
  FLAGS = /nologo /DWIN32 /D_WINDOWS /utf-8 /MP  /MDd /Z7 /Ob0 /Od /RTC1  -MDd -W4 -Wall -wd4061 -wd4191 -wd4255 -wd4464 -wd4548 -wd4574 -wd4668 -wd4710 -wd4711 -wd4746 -wd4820 -wd5045 -MP
  INCLUDES = -IC:\Users\19697\Documents\KeygenSDK\KeygenSDK\build-vs\vcpkg_installed\vcpkg\blds\curl\src\url-8_21_0-3ffa9f46b7.clean\include
  OBJECT_DIR = docs\examples\CMakeFiles\curl-example-cookie_interface.dir
  OBJECT_FILE_DIR = docs\examples\CMakeFiles\curl-example-cookie_interface.dir
  TARGET_COMPILE_PDB = docs\examples\CMakeFiles\curl-example-cookie_interface.dir\
  TARGET_PDB = docs\examples\cookie_interface.pdb
  TARGET_SUPPORT_DIR = docs\examples\CMakeFiles\curl-example-cookie_interface.dir


# =============================================================================
# Link build statements for EXECUTABLE target curl-example-cookie_interface


#############################################
# Link the executable docs\examples\cookie_interface.exe

build docs\examples\cookie_interface.exe: C_EXECUTABLE_LINKER__curl-example-cookie_interface_Debug docs\examples\CMakeFiles\curl-example-cookie_interface.dir\cookie_interface.c.obj | lib\libcurl-d.lib || lib\libcurl-d.dll
  CONFIG = Debug
  FLAGS = /nologo /DWIN32 /D_WINDOWS /utf-8 /MP  /MDd /Z7 /Ob0 /Od /RTC1  -MDd
  LINK_FLAGS = /machine:x64 /nologo    /debug /INCREMENTAL /subsystem:console
  LINK_LIBRARIES = lib\libcurl-d.lib  ws2_32.lib  iphlpapi.lib  kernel32.lib user32.lib gdi32.lib winspool.lib shell32.lib ole32.lib oleaut32.lib uuid.lib comdlg32.lib advapi32.lib
  OBJECT_DIR = docs\examples\CMakeFiles\curl-example-cookie_interface.dir
  POST_BUILD = cd .
  PRE_LINK = cd .
  TARGET_COMPILE_PDB = docs\examples\CMakeFiles\curl-example-cookie_interface.dir\
  TARGET_FILE = docs\examples\cookie_interface.exe
  TARGET_IMPLIB = docs\examples\cookie_interface.lib
  TARGET_PDB = docs\examples\cookie_interface.pdb
  TARGET_SUPPORT_DIR = docs\examples\CMakeFiles\curl-example-cookie_interface.dir

# =============================================================================
# Object build statements for EXECUTABLE target curl-example-debug


#############################################
# Order-only phony target for curl-example-debug

build cmake_object_order_depends_target_curl-example-debug: phony || cmake_object_order_depends_target_libcurl_shared

build docs\examples\CMakeFiles\curl-example-debug.dir\debug.c.obj: C_COMPILER__curl-example-debug_unscanned_Debug C$:\Users\19697\Documents\KeygenSDK\KeygenSDK\build-vs\vcpkg_installed\vcpkg\blds\curl\src\url-8_21_0-3ffa9f46b7.clean\docs\examples\debug.c || cmake_object_order_depends_target_curl-example-debug
  CONFIG = Debug
  DEFINES = -DCURL_NO_OLDIES -DHAVE_CONFIG_H -DUNICODE -DWIN32_LEAN_AND_MEAN -D_UNICODE
  FLAGS = /nologo /DWIN32 /D_WINDOWS /utf-8 /MP  /MDd /Z7 /Ob0 /Od /RTC1  -MDd -W4 -Wall -wd4061 -wd4191 -wd4255 -wd4464 -wd4548 -wd4574 -wd4668 -wd4710 -wd4711 -wd4746 -wd4820 -wd5045 -MP
  INCLUDES = -IC:\Users\19697\Documents\KeygenSDK\KeygenSDK\build-vs\vcpkg_installed\vcpkg\blds\curl\src\url-8_21_0-3ffa9f46b7.clean\include
  OBJECT_DIR = docs\examples\CMakeFiles\curl-example-debug.dir
  OBJECT_FILE_DIR = docs\examples\CMakeFiles\curl-example-debug.dir
  TARGET_COMPILE_PDB = docs\examples\CMakeFiles\curl-example-debug.dir\
  TARGET_PDB = docs\examples\debug.pdb
  TARGET_SUPPORT_DIR = docs\examples\CMakeFiles\curl-example-debug.dir


# =============================================================================
# Link build statements for EXECUTABLE target curl-example-debug


#############################################
# Link the executable docs\examples\debug.exe

build docs\examples\debug.exe: C_EXECUTABLE_LINKER__curl-example-debug_Debug docs\examples\CMakeFiles\curl-example-debug.dir\debug.c.obj | lib\libcurl-d.lib || lib\libcurl-d.dll
  CONFIG = Debug
  FLAGS = /nologo /DWIN32 /D_WINDOWS /utf-8 /MP  /MDd /Z7 /Ob0 /Od /RTC1  -MDd
  LINK_FLAGS = /machine:x64 /nologo    /debug /INCREMENTAL /subsystem:console
  LINK_LIBRARIES = lib\libcurl-d.lib  ws2_32.lib  iphlpapi.lib  kernel32.lib user32.lib gdi32.lib winspool.lib shell32.lib ole32.lib oleaut32.lib uuid.lib comdlg32.lib advapi32.lib
  OBJECT_DIR = docs\examples\CMakeFiles\curl-example-debug.dir
  POST_BUILD = cd .
  PRE_LINK = cd .
  TARGET_COMPILE_PDB = docs\examples\CMakeFiles\curl-example-debug.dir\
  TARGET_FILE = docs\examples\debug.exe
  TARGET_IMPLIB = docs\examples\debug.lib
  TARGET_PDB = docs\examples\debug.pdb
  TARGET_SUPPORT_DIR = docs\examples\CMakeFiles\curl-example-debug.dir

# =============================================================================
# Object build statements for EXECUTABLE target curl-example-default-scheme


#############################################
# Order-only phony target for curl-example-default-scheme

build cmake_object_order_depends_target_curl-example-default-scheme: phony || cmake_object_order_depends_target_libcurl_shared

build docs\examples\CMakeFiles\curl-example-default-scheme.dir\default-scheme.c.obj: C_COMPILER__curl-example-default-scheme_unscanned_Debug C$:\Users\19697\Documents\KeygenSDK\KeygenSDK\build-vs\vcpkg_installed\vcpkg\blds\curl\src\url-8_21_0-3ffa9f46b7.clean\docs\examples\default-scheme.c || cmake_object_order_depends_target_curl-example-default-scheme
  CONFIG = Debug
  DEFINES = -DCURL_NO_OLDIES -DHAVE_CONFIG_H -DUNICODE -DWIN32_LEAN_AND_MEAN -D_UNICODE
  FLAGS = /nologo /DWIN32 /D_WINDOWS /utf-8 /MP  /MDd /Z7 /Ob0 /Od /RTC1  -MDd -W4 -Wall -wd4061 -wd4191 -wd4255 -wd4464 -wd4548 -wd4574 -wd4668 -wd4710 -wd4711 -wd4746 -wd4820 -wd5045 -MP
  INCLUDES = -IC:\Users\19697\Documents\KeygenSDK\KeygenSDK\build-vs\vcpkg_installed\vcpkg\blds\curl\src\url-8_21_0-3ffa9f46b7.clean\include
  OBJECT_DIR = docs\examples\CMakeFiles\curl-example-default-scheme.dir
  OBJECT_FILE_DIR = docs\examples\CMakeFiles\curl-example-default-scheme.dir
  TARGET_COMPILE_PDB = docs\examples\CMakeFiles\curl-example-default-scheme.dir\
  TARGET_PDB = docs\examples\default-scheme.pdb
  TARGET_SUPPORT_DIR = docs\examples\CMakeFiles\curl-example-default-scheme.dir


# =============================================================================
# Link build statements for EXECUTABLE target curl-example-default-scheme


#############################################
# Link the executable docs\examples\default-scheme.exe

build docs\examples\default-scheme.exe: C_EXECUTABLE_LINKER__curl-example-default-scheme_Debug docs\examples\CMakeFiles\curl-example-default-scheme.dir\default-scheme.c.obj | lib\libcurl-d.lib || lib\libcurl-d.dll
  CONFIG = Debug
  FLAGS = /nologo /DWIN32 /D_WINDOWS /utf-8 /MP  /MDd /Z7 /Ob0 /Od /RTC1  -MDd
  LINK_FLAGS = /machine:x64 /nologo    /debug /INCREMENTAL /subsystem:console
  LINK_LIBRARIES = lib\libcurl-d.lib  ws2_32.lib  iphlpapi.lib  kernel32.lib user32.lib gdi32.lib winspool.lib shell32.lib ole32.lib oleaut32.lib uuid.lib comdlg32.lib advapi32.lib
  OBJECT_DIR = docs\examples\CMakeFiles\curl-example-default-scheme.dir
  POST_BUILD = cd .
  PRE_LINK = cd .
  TARGET_COMPILE_PDB = docs\examples\CMakeFiles\curl-example-default-scheme.dir\
  TARGET_FILE = docs\examples\default-scheme.exe
  TARGET_IMPLIB = docs\examples\default-scheme.lib
  TARGET_PDB = docs\examples\default-scheme.pdb
  TARGET_SUPPORT_DIR = docs\examples\CMakeFiles\curl-example-default-scheme.dir

# =============================================================================
# Object build statements for EXECUTABLE target curl-example-externalsocket


#############################################
# Order-only phony target for curl-example-externalsocket

build cmake_object_order_depends_target_curl-example-externalsocket: phony || cmake_object_order_depends_target_libcurl_shared

build docs\examples\CMakeFiles\curl-example-externalsocket.dir\externalsocket.c.obj: C_COMPILER__curl-example-externalsocket_unscanned_Debug C$:\Users\19697\Documents\KeygenSDK\KeygenSDK\build-vs\vcpkg_installed\vcpkg\blds\curl\src\url-8_21_0-3ffa9f46b7.clean\docs\examples\externalsocket.c || cmake_object_order_depends_target_curl-example-externalsocket
  CONFIG = Debug
  DEFINES = -DCURL_NO_OLDIES -DHAVE_CONFIG_H -DUNICODE -DWIN32_LEAN_AND_MEAN -D_UNICODE
  FLAGS = /nologo /DWIN32 /D_WINDOWS /utf-8 /MP  /MDd /Z7 /Ob0 /Od /RTC1  -MDd -W4 -Wall -wd4061 -wd4191 -wd4255 -wd4464 -wd4548 -wd4574 -wd4668 -wd4710 -wd4711 -wd4746 -wd4820 -wd5045 -MP
  INCLUDES = -IC:\Users\19697\Documents\KeygenSDK\KeygenSDK\build-vs\vcpkg_installed\vcpkg\blds\curl\src\url-8_21_0-3ffa9f46b7.clean\include
  OBJECT_DIR = docs\examples\CMakeFiles\curl-example-externalsocket.dir
  OBJECT_FILE_DIR = docs\examples\CMakeFiles\curl-example-externalsocket.dir
  TARGET_COMPILE_PDB = docs\examples\CMakeFiles\curl-example-externalsocket.dir\
  TARGET_PDB = docs\examples\externalsocket.pdb
  TARGET_SUPPORT_DIR = docs\examples\CMakeFiles\curl-example-externalsocket.dir


# =============================================================================
# Link build statements for EXECUTABLE target curl-example-externalsocket


#############################################
# Link the executable docs\examples\externalsocket.exe

build docs\examples\externalsocket.exe: C_EXECUTABLE_LINKER__curl-example-externalsocket_Debug docs\examples\CMakeFiles\curl-example-externalsocket.dir\externalsocket.c.obj | lib\libcurl-d.lib || lib\libcurl-d.dll
  CONFIG = Debug
  FLAGS = /nologo /DWIN32 /D_WINDOWS /utf-8 /MP  /MDd /Z7 /Ob0 /Od /RTC1  -MDd
  LINK_FLAGS = /machine:x64 /nologo    /debug /INCREMENTAL /subsystem:console
  LINK_LIBRARIES = lib\libcurl-d.lib  ws2_32.lib  iphlpapi.lib  kernel32.lib user32.lib gdi32.lib winspool.lib shell32.lib ole32.lib oleaut32.lib uuid.lib comdlg32.lib advapi32.lib
  OBJECT_DIR = docs\examples\CMakeFiles\curl-example-externalsocket.dir
  POST_BUILD = cd .
  PRE_LINK = cd .
  TARGET_COMPILE_PDB = docs\examples\CMakeFiles\curl-example-externalsocket.dir\
  TARGET_FILE = docs\examples\externalsocket.exe
  TARGET_IMPLIB = docs\examples\externalsocket.lib
  TARGET_PDB = docs\examples\externalsocket.pdb
  TARGET_SUPPORT_DIR = docs\examples\CMakeFiles\curl-example-externalsocket.dir

# =============================================================================
# Object build statements for EXECUTABLE target curl-example-fileupload


#############################################
# Order-only phony target for curl-example-fileupload

build cmake_object_order_depends_target_curl-example-fileupload: phony || cmake_object_order_depends_target_libcurl_shared

build docs\examples\CMakeFiles\curl-example-fileupload.dir\fileupload.c.obj: C_COMPILER__curl-example-fileupload_unscanned_Debug C$:\Users\19697\Documents\KeygenSDK\KeygenSDK\build-vs\vcpkg_installed\vcpkg\blds\curl\src\url-8_21_0-3ffa9f46b7.clean\docs\examples\fileupload.c || cmake_object_order_depends_target_curl-example-fileupload
  CONFIG = Debug
  DEFINES = -DCURL_NO_OLDIES -DHAVE_CONFIG_H -DUNICODE -DWIN32_LEAN_AND_MEAN -D_UNICODE
  FLAGS = /nologo /DWIN32 /D_WINDOWS /utf-8 /MP  /MDd /Z7 /Ob0 /Od /RTC1  -MDd -W4 -Wall -wd4061 -wd4191 -wd4255 -wd4464 -wd4548 -wd4574 -wd4668 -wd4710 -wd4711 -wd4746 -wd4820 -wd5045 -MP
  INCLUDES = -IC:\Users\19697\Documents\KeygenSDK\KeygenSDK\build-vs\vcpkg_installed\vcpkg\blds\curl\src\url-8_21_0-3ffa9f46b7.clean\include
  OBJECT_DIR = docs\examples\CMakeFiles\curl-example-fileupload.dir
  OBJECT_FILE_DIR = docs\examples\CMakeFiles\curl-example-fileupload.dir
  TARGET_COMPILE_PDB = docs\examples\CMakeFiles\curl-example-fileupload.dir\
  TARGET_PDB = docs\examples\fileupload.pdb
  TARGET_SUPPORT_DIR = docs\examples\CMakeFiles\curl-example-fileupload.dir


# =============================================================================
# Link build statements for EXECUTABLE target curl-example-fileupload


#############################################
# Link the executable docs\examples\fileupload.exe

build docs\examples\fileupload.exe: C_EXECUTABLE_LINKER__curl-example-fileupload_Debug docs\examples\CMakeFiles\curl-example-fileupload.dir\fileupload.c.obj | lib\libcurl-d.lib || lib\libcurl-d.dll
  CONFIG = Debug
  FLAGS = /nologo /DWIN32 /D_WINDOWS /utf-8 /MP  /MDd /Z7 /Ob0 /Od /RTC1  -MDd
  LINK_FLAGS = /machine:x64 /nologo    /debug /INCREMENTAL /subsystem:console
  LINK_LIBRARIES = lib\libcurl-d.lib  ws2_32.lib  iphlpapi.lib  kernel32.lib user32.lib gdi32.lib winspool.lib shell32.lib ole32.lib oleaut32.lib uuid.lib comdlg32.lib advapi32.lib
  OBJECT_DIR = docs\examples\CMakeFiles\curl-example-fileupload.dir
  POST_BUILD = cd .
  PRE_LINK = cd .
  TARGET_COMPILE_PDB = docs\examples\CMakeFiles\curl-example-fileupload.dir\
  TARGET_FILE = docs\examples\fileupload.exe
  TARGET_IMPLIB = docs\examples\fileupload.lib
  TARGET_PDB = docs\examples\fileupload.pdb
  TARGET_SUPPORT_DIR = docs\examples\CMakeFiles\curl-example-fileupload.dir

# =============================================================================
# Object build statements for EXECUTABLE target curl-example-ftp-delete


#############################################
# Order-only phony target for curl-example-ftp-delete

build cmake_object_order_depends_target_curl-example-ftp-delete: phony || cmake_object_order_depends_target_libcurl_shared

build docs\examples\CMakeFiles\curl-example-ftp-delete.dir\ftp-delete.c.obj: C_COMPILER__curl-example-ftp-delete_unscanned_Debug C$:\Users\19697\Documents\KeygenSDK\KeygenSDK\build-vs\vcpkg_installed\vcpkg\blds\curl\src\url-8_21_0-3ffa9f46b7.clean\docs\examples\ftp-delete.c || cmake_object_order_depends_target_curl-example-ftp-delete
  CONFIG = Debug
  DEFINES = -DCURL_NO_OLDIES -DHAVE_CONFIG_H -DUNICODE -DWIN32_LEAN_AND_MEAN -D_UNICODE
  FLAGS = /nologo /DWIN32 /D_WINDOWS /utf-8 /MP  /MDd /Z7 /Ob0 /Od /RTC1  -MDd -W4 -Wall -wd4061 -wd4191 -wd4255 -wd4464 -wd4548 -wd4574 -wd4668 -wd4710 -wd4711 -wd4746 -wd4820 -wd5045 -MP
  INCLUDES = -IC:\Users\19697\Documents\KeygenSDK\KeygenSDK\build-vs\vcpkg_installed\vcpkg\blds\curl\src\url-8_21_0-3ffa9f46b7.clean\include
  OBJECT_DIR = docs\examples\CMakeFiles\curl-example-ftp-delete.dir
  OBJECT_FILE_DIR = docs\examples\CMakeFiles\curl-example-ftp-delete.dir
  TARGET_COMPILE_PDB = docs\examples\CMakeFiles\curl-example-ftp-delete.dir\
  TARGET_PDB = docs\examples\ftp-delete.pdb
  TARGET_SUPPORT_DIR = docs\examples\CMakeFiles\curl-example-ftp-delete.dir


# =============================================================================
# Link build statements for EXECUTABLE target curl-example-ftp-delete


#############################################
# Link the executable docs\examples\ftp-delete.exe

build docs\examples\ftp-delete.exe: C_EXECUTABLE_LINKER__curl-example-ftp-delete_Debug docs\examples\CMakeFiles\curl-example-ftp-delete.dir\ftp-delete.c.obj | lib\libcurl-d.lib || lib\libcurl-d.dll
  CONFIG = Debug
  FLAGS = /nologo /DWIN32 /D_WINDOWS /utf-8 /MP  /MDd /Z7 /Ob0 /Od /RTC1  -MDd
  LINK_FLAGS = /machine:x64 /nologo    /debug /INCREMENTAL /subsystem:console
  LINK_LIBRARIES = lib\libcurl-d.lib  ws2_32.lib  iphlpapi.lib  kernel32.lib user32.lib gdi32.lib winspool.lib shell32.lib ole32.lib oleaut32.lib uuid.lib comdlg32.lib advapi32.lib
  OBJECT_DIR = docs\examples\CMakeFiles\curl-example-ftp-delete.dir
  POST_BUILD = cd .
  PRE_LINK = cd .
  TARGET_COMPILE_PDB = docs\examples\CMakeFiles\curl-example-ftp-delete.dir\
  TARGET_FILE = docs\examples\ftp-delete.exe
  TARGET_IMPLIB = docs\examples\ftp-delete.lib
  TARGET_PDB = docs\examples\ftp-delete.pdb
  TARGET_SUPPORT_DIR = docs\examples\CMakeFiles\curl-example-ftp-delete.dir

# =============================================================================
# Object build statements for EXECUTABLE target curl-example-ftp-wildcard


#############################################
# Order-only phony target for curl-example-ftp-wildcard

build cmake_object_order_depends_target_curl-example-ftp-wildcard: phony || cmake_object_order_depends_target_libcurl_shared

build docs\examples\CMakeFiles\curl-example-ftp-wildcard.dir\ftp-wildcard.c.obj: C_COMPILER__curl-example-ftp-wildcard_unscanned_Debug C$:\Users\19697\Documents\KeygenSDK\KeygenSDK\build-vs\vcpkg_installed\vcpkg\blds\curl\src\url-8_21_0-3ffa9f46b7.clean\docs\examples\ftp-wildcard.c || cmake_object_order_depends_target_curl-example-ftp-wildcard
  CONFIG = Debug
  DEFINES = -DCURL_NO_OLDIES -DHAVE_CONFIG_H -DUNICODE -DWIN32_LEAN_AND_MEAN -D_UNICODE
  FLAGS = /nologo /DWIN32 /D_WINDOWS /utf-8 /MP  /MDd /Z7 /Ob0 /Od /RTC1  -MDd -W4 -Wall -wd4061 -wd4191 -wd4255 -wd4464 -wd4548 -wd4574 -wd4668 -wd4710 -wd4711 -wd4746 -wd4820 -wd5045 -MP
  INCLUDES = -IC:\Users\19697\Documents\KeygenSDK\KeygenSDK\build-vs\vcpkg_installed\vcpkg\blds\curl\src\url-8_21_0-3ffa9f46b7.clean\include
  OBJECT_DIR = docs\examples\CMakeFiles\curl-example-ftp-wildcard.dir
  OBJECT_FILE_DIR = docs\examples\CMakeFiles\curl-example-ftp-wildcard.dir
  TARGET_COMPILE_PDB = docs\examples\CMakeFiles\curl-example-ftp-wildcard.dir\
  TARGET_PDB = docs\examples\ftp-wildcard.pdb
  TARGET_SUPPORT_DIR = docs\examples\CMakeFiles\curl-example-ftp-wildcard.dir


# =============================================================================
# Link build statements for EXECUTABLE target curl-example-ftp-wildcard


#############################################
# Link the executable docs\examples\ftp-wildcard.exe

build docs\examples\ftp-wildcard.exe: C_EXECUTABLE_LINKER__curl-example-ftp-wildcard_Debug docs\examples\CMakeFiles\curl-example-ftp-wildcard.dir\ftp-wildcard.c.obj | lib\libcurl-d.lib || lib\libcurl-d.dll
  CONFIG = Debug
  FLAGS = /nologo /DWIN32 /D_WINDOWS /utf-8 /MP  /MDd /Z7 /Ob0 /Od /RTC1  -MDd
  LINK_FLAGS = /machine:x64 /nologo    /debug /INCREMENTAL /subsystem:console
  LINK_LIBRARIES = lib\libcurl-d.lib  ws2_32.lib  iphlpapi.lib  kernel32.lib user32.lib gdi32.lib winspool.lib shell32.lib ole32.lib oleaut32.lib uuid.lib comdlg32.lib advapi32.lib
  OBJECT_DIR = docs\examples\CMakeFiles\curl-example-ftp-wildcard.dir
  POST_BUILD = cd .
  PRE_LINK = cd .
  TARGET_COMPILE_PDB = docs\examples\CMakeFiles\curl-example-ftp-wildcard.dir\
  TARGET_FILE = docs\examples\ftp-wildcard.exe
  TARGET_IMPLIB = docs\examples\ftp-wildcard.lib
  TARGET_PDB = docs\examples\ftp-wildcard.pdb
  TARGET_SUPPORT_DIR = docs\examples\CMakeFiles\curl-example-ftp-wildcard.dir

# =============================================================================
# Object build statements for EXECUTABLE target curl-example-ftpget


#############################################
# Order-only phony target for curl-example-ftpget

build cmake_object_order_depends_target_curl-example-ftpget: phony || cmake_object_order_depends_target_libcurl_shared

build docs\examples\CMakeFiles\curl-example-ftpget.dir\ftpget.c.obj: C_COMPILER__curl-example-ftpget_unscanned_Debug C$:\Users\19697\Documents\KeygenSDK\KeygenSDK\build-vs\vcpkg_installed\vcpkg\blds\curl\src\url-8_21_0-3ffa9f46b7.clean\docs\examples\ftpget.c || cmake_object_order_depends_target_curl-example-ftpget
  CONFIG = Debug
  DEFINES = -DCURL_NO_OLDIES -DHAVE_CONFIG_H -DUNICODE -DWIN32_LEAN_AND_MEAN -D_UNICODE
  FLAGS = /nologo /DWIN32 /D_WINDOWS /utf-8 /MP  /MDd /Z7 /Ob0 /Od /RTC1  -MDd -W4 -Wall -wd4061 -wd4191 -wd4255 -wd4464 -wd4548 -wd4574 -wd4668 -wd4710 -wd4711 -wd4746 -wd4820 -wd5045 -MP
  INCLUDES = -IC:\Users\19697\Documents\KeygenSDK\KeygenSDK\build-vs\vcpkg_installed\vcpkg\blds\curl\src\url-8_21_0-3ffa9f46b7.clean\include
  OBJECT_DIR = docs\examples\CMakeFiles\curl-example-ftpget.dir
  OBJECT_FILE_DIR = docs\examples\CMakeFiles\curl-example-ftpget.dir
  TARGET_COMPILE_PDB = docs\examples\CMakeFiles\curl-example-ftpget.dir\
  TARGET_PDB = docs\examples\ftpget.pdb
  TARGET_SUPPORT_DIR = docs\examples\CMakeFiles\curl-example-ftpget.dir


# =============================================================================
# Link build statements for EXECUTABLE target curl-example-ftpget


#############################################
# Link the executable docs\examples\ftpget.exe

build docs\examples\ftpget.exe: C_EXECUTABLE_LINKER__curl-example-ftpget_Debug docs\examples\CMakeFiles\curl-example-ftpget.dir\ftpget.c.obj | lib\libcurl-d.lib || lib\libcurl-d.dll
  CONFIG = Debug
  FLAGS = /nologo /DWIN32 /D_WINDOWS /utf-8 /MP  /MDd /Z7 /Ob0 /Od /RTC1  -MDd
  LINK_FLAGS = /machine:x64 /nologo    /debug /INCREMENTAL /subsystem:console
  LINK_LIBRARIES = lib\libcurl-d.lib  ws2_32.lib  iphlpapi.lib  kernel32.lib user32.lib gdi32.lib winspool.lib shell32.lib ole32.lib oleaut32.lib uuid.lib comdlg32.lib advapi32.lib
  OBJECT_DIR = docs\examples\CMakeFiles\curl-example-ftpget.dir
  POST_BUILD = cd .
  PRE_LINK = cd .
  TARGET_COMPILE_PDB = docs\examples\CMakeFiles\curl-example-ftpget.dir\
  TARGET_FILE = docs\examples\ftpget.exe
  TARGET_IMPLIB = docs\examples\ftpget.lib
  TARGET_PDB = docs\examples\ftpget.pdb
  TARGET_SUPPORT_DIR = docs\examples\CMakeFiles\curl-example-ftpget.dir

# =============================================================================
# Object build statements for EXECUTABLE target curl-example-ftpgetinfo


#############################################
# Order-only phony target for curl-example-ftpgetinfo

build cmake_object_order_depends_target_curl-example-ftpgetinfo: phony || cmake_object_order_depends_target_libcurl_shared

build docs\examples\CMakeFiles\curl-example-ftpgetinfo.dir\ftpgetinfo.c.obj: C_COMPILER__curl-example-ftpgetinfo_unscanned_Debug C$:\Users\19697\Documents\KeygenSDK\KeygenSDK\build-vs\vcpkg_installed\vcpkg\blds\curl\src\url-8_21_0-3ffa9f46b7.clean\docs\examples\ftpgetinfo.c || cmake_object_order_depends_target_curl-example-ftpgetinfo
  CONFIG = Debug
  DEFINES = -DCURL_NO_OLDIES -DHAVE_CONFIG_H -DUNICODE -DWIN32_LEAN_AND_MEAN -D_UNICODE
  FLAGS = /nologo /DWIN32 /D_WINDOWS /utf-8 /MP  /MDd /Z7 /Ob0 /Od /RTC1  -MDd -W4 -Wall -wd4061 -wd4191 -wd4255 -wd4464 -wd4548 -wd4574 -wd4668 -wd4710 -wd4711 -wd4746 -wd4820 -wd5045 -MP
  INCLUDES = -IC:\Users\19697\Documents\KeygenSDK\KeygenSDK\build-vs\vcpkg_installed\vcpkg\blds\curl\src\url-8_21_0-3ffa9f46b7.clean\include
  OBJECT_DIR = docs\examples\CMakeFiles\curl-example-ftpgetinfo.dir
  OBJECT_FILE_DIR = docs\examples\CMakeFiles\curl-example-ftpgetinfo.dir
  TARGET_COMPILE_PDB = docs\examples\CMakeFiles\curl-example-ftpgetinfo.dir\
  TARGET_PDB = docs\examples\ftpgetinfo.pdb
  TARGET_SUPPORT_DIR = docs\examples\CMakeFiles\curl-example-ftpgetinfo.dir


# =============================================================================
# Link build statements for EXECUTABLE target curl-example-ftpgetinfo


#############################################
# Link the executable docs\examples\ftpgetinfo.exe

build docs\examples\ftpgetinfo.exe: C_EXECUTABLE_LINKER__curl-example-ftpgetinfo_Debug docs\examples\CMakeFiles\curl-example-ftpgetinfo.dir\ftpgetinfo.c.obj | lib\libcurl-d.lib || lib\libcurl-d.dll
  CONFIG = Debug
  FLAGS = /nologo /DWIN32 /D_WINDOWS /utf-8 /MP  /MDd /Z7 /Ob0 /Od /RTC1  -MDd
  LINK_FLAGS = /machine:x64 /nologo    /debug /INCREMENTAL /subsystem:console
  LINK_LIBRARIES = lib\libcurl-d.lib  ws2_32.lib  iphlpapi.lib  kernel32.lib user32.lib gdi32.lib winspool.lib shell32.lib ole32.lib oleaut32.lib uuid.lib comdlg32.lib advapi32.lib
  OBJECT_DIR = docs\examples\CMakeFiles\curl-example-ftpgetinfo.dir
  POST_BUILD = cd .
  PRE_LINK = cd .
  TARGET_COMPILE_PDB = docs\examples\CMakeFiles\curl-example-ftpgetinfo.dir\
  TARGET_FILE = docs\examples\ftpgetinfo.exe
  TARGET_IMPLIB = docs\examples\ftpgetinfo.lib
  TARGET_PDB = docs\examples\ftpgetinfo.pdb
  TARGET_SUPPORT_DIR = docs\examples\CMakeFiles\curl-example-ftpgetinfo.dir

# =============================================================================
# Object build statements for EXECUTABLE target curl-example-ftpgetresp


#############################################
# Order-only phony target for curl-example-ftpgetresp

build cmake_object_order_depends_target_curl-example-ftpgetresp: phony || cmake_object_order_depends_target_libcurl_shared

build docs\examples\CMakeFiles\curl-example-ftpgetresp.dir\ftpgetresp.c.obj: C_COMPILER__curl-example-ftpgetresp_unscanned_Debug C$:\Users\19697\Documents\KeygenSDK\KeygenSDK\build-vs\vcpkg_installed\vcpkg\blds\curl\src\url-8_21_0-3ffa9f46b7.clean\docs\examples\ftpgetresp.c || cmake_object_order_depends_target_curl-example-ftpgetresp
  CONFIG = Debug
  DEFINES = -DCURL_NO_OLDIES -DHAVE_CONFIG_H -DUNICODE -DWIN32_LEAN_AND_MEAN -D_UNICODE
  FLAGS = /nologo /DWIN32 /D_WINDOWS /utf-8 /MP  /MDd /Z7 /Ob0 /Od /RTC1  -MDd -W4 -Wall -wd4061 -wd4191 -wd4255 -wd4464 -wd4548 -wd4574 -wd4668 -wd4710 -wd4711 -wd4746 -wd4820 -wd5045 -MP
  INCLUDES = -IC:\Users\19697\Documents\KeygenSDK\KeygenSDK\build-vs\vcpkg_installed\vcpkg\blds\curl\src\url-8_21_0-3ffa9f46b7.clean\include
  OBJECT_DIR = docs\examples\CMakeFiles\curl-example-ftpgetresp.dir
  OBJECT_FILE_DIR = docs\examples\CMakeFiles\curl-example-ftpgetresp.dir
  TARGET_COMPILE_PDB = docs\examples\CMakeFiles\curl-example-ftpgetresp.dir\
  TARGET_PDB = docs\examples\ftpgetresp.pdb
  TARGET_SUPPORT_DIR = docs\examples\CMakeFiles\curl-example-ftpgetresp.dir


# =============================================================================
# Link build statements for EXECUTABLE target curl-example-ftpgetresp


#############################################
# Link the executable docs\examples\ftpgetresp.exe

build docs\examples\ftpgetresp.exe: C_EXECUTABLE_LINKER__curl-example-ftpgetresp_Debug docs\examples\CMakeFiles\curl-example-ftpgetresp.dir\ftpgetresp.c.obj | lib\libcurl-d.lib || lib\libcurl-d.dll
  CONFIG = Debug
  FLAGS = /nologo /DWIN32 /D_WINDOWS /utf-8 /MP  /MDd /Z7 /Ob0 /Od /RTC1  -MDd
  LINK_FLAGS = /machine:x64 /nologo    /debug /INCREMENTAL /subsystem:console
  LINK_LIBRARIES = lib\libcurl-d.lib  ws2_32.lib  iphlpapi.lib  kernel32.lib user32.lib gdi32.lib winspool.lib shell32.lib ole32.lib oleaut32.lib uuid.lib comdlg32.lib advapi32.lib
  OBJECT_DIR = docs\examples\CMakeFiles\curl-example-ftpgetresp.dir
  POST_BUILD = cd .
  PRE_LINK = cd .
  TARGET_COMPILE_PDB = docs\examples\CMakeFiles\curl-example-ftpgetresp.dir\
  TARGET_FILE = docs\examples\ftpgetresp.exe
  TARGET_IMPLIB = docs\examples\ftpgetresp.lib
  TARGET_PDB = docs\examples\ftpgetresp.pdb
  TARGET_SUPPORT_DIR = docs\examples\CMakeFiles\curl-example-ftpgetresp.dir

# =============================================================================
# Object build statements for EXECUTABLE target curl-example-ftpsget


#############################################
# Order-only phony target for curl-example-ftpsget

build cmake_object_order_depends_target_curl-example-ftpsget: phony || cmake_object_order_depends_target_libcurl_shared

build docs\examples\CMakeFiles\curl-example-ftpsget.dir\ftpsget.c.obj: C_COMPILER__curl-example-ftpsget_unscanned_Debug C$:\Users\19697\Documents\KeygenSDK\KeygenSDK\build-vs\vcpkg_installed\vcpkg\blds\curl\src\url-8_21_0-3ffa9f46b7.clean\docs\examples\ftpsget.c || cmake_object_order_depends_target_curl-example-ftpsget
  CONFIG = Debug
  DEFINES = -DCURL_NO_OLDIES -DHAVE_CONFIG_H -DUNICODE -DWIN32_LEAN_AND_MEAN -D_UNICODE
  FLAGS = /nologo /DWIN32 /D_WINDOWS /utf-8 /MP  /MDd /Z7 /Ob0 /Od /RTC1  -MDd -W4 -Wall -wd4061 -wd4191 -wd4255 -wd4464 -wd4548 -wd4574 -wd4668 -wd4710 -wd4711 -wd4746 -wd4820 -wd5045 -MP
  INCLUDES = -IC:\Users\19697\Documents\KeygenSDK\KeygenSDK\build-vs\vcpkg_installed\vcpkg\blds\curl\src\url-8_21_0-3ffa9f46b7.clean\include
  OBJECT_DIR = docs\examples\CMakeFiles\curl-example-ftpsget.dir
  OBJECT_FILE_DIR = docs\examples\CMakeFiles\curl-example-ftpsget.dir
  TARGET_COMPILE_PDB = docs\examples\CMakeFiles\curl-example-ftpsget.dir\
  TARGET_PDB = docs\examples\ftpsget.pdb
  TARGET_SUPPORT_DIR = docs\examples\CMakeFiles\curl-example-ftpsget.dir


# =============================================================================
# Link build statements for EXECUTABLE target curl-example-ftpsget


#############################################
# Link the executable docs\examples\ftpsget.exe

build docs\examples\ftpsget.exe: C_EXECUTABLE_LINKER__curl-example-ftpsget_Debug docs\examples\CMakeFiles\curl-example-ftpsget.dir\ftpsget.c.obj | lib\libcurl-d.lib || lib\libcurl-d.dll
  CONFIG = Debug
  FLAGS = /nologo /DWIN32 /D_WINDOWS /utf-8 /MP  /MDd /Z7 /Ob0 /Od /RTC1  -MDd
  LINK_FLAGS = /machine:x64 /nologo    /debug /INCREMENTAL /subsystem:console
  LINK_LIBRARIES = lib\libcurl-d.lib  ws2_32.lib  iphlpapi.lib  kernel32.lib user32.lib gdi32.lib winspool.lib shell32.lib ole32.lib oleaut32.lib uuid.lib comdlg32.lib advapi32.lib
  OBJECT_DIR = docs\examples\CMakeFiles\curl-example-ftpsget.dir
  POST_BUILD = cd .
  PRE_LINK = cd .
  TARGET_COMPILE_PDB = docs\examples\CMakeFiles\curl-example-ftpsget.dir\
  TARGET_FILE = docs\examples\ftpsget.exe
  TARGET_IMPLIB = docs\examples\ftpsget.lib
  TARGET_PDB = docs\examples\ftpsget.pdb
  TARGET_SUPPORT_DIR = docs\examples\CMakeFiles\curl-example-ftpsget.dir

# =============================================================================
# Object build statements for EXECUTABLE target curl-example-ftpupload


#############################################
# Order-only phony target for curl-example-ftpupload

build cmake_object_order_depends_target_curl-example-ftpupload: phony || cmake_object_order_depends_target_libcurl_shared

build docs\examples\CMakeFiles\curl-example-ftpupload.dir\ftpupload.c.obj: C_COMPILER__curl-example-ftpupload_unscanned_Debug C$:\Users\19697\Documents\KeygenSDK\KeygenSDK\build-vs\vcpkg_installed\vcpkg\blds\curl\src\url-8_21_0-3ffa9f46b7.clean\docs\examples\ftpupload.c || cmake_object_order_depends_target_curl-example-ftpupload
  CONFIG = Debug
  DEFINES = -DCURL_NO_OLDIES -DHAVE_CONFIG_H -DUNICODE -DWIN32_LEAN_AND_MEAN -D_UNICODE
  FLAGS = /nologo /DWIN32 /D_WINDOWS /utf-8 /MP  /MDd /Z7 /Ob0 /Od /RTC1  -MDd -W4 -Wall -wd4061 -wd4191 -wd4255 -wd4464 -wd4548 -wd4574 -wd4668 -wd4710 -wd4711 -wd4746 -wd4820 -wd5045 -MP
  INCLUDES = -IC:\Users\19697\Documents\KeygenSDK\KeygenSDK\build-vs\vcpkg_installed\vcpkg\blds\curl\src\url-8_21_0-3ffa9f46b7.clean\include
  OBJECT_DIR = docs\examples\CMakeFiles\curl-example-ftpupload.dir
  OBJECT_FILE_DIR = docs\examples\CMakeFiles\curl-example-ftpupload.dir
  TARGET_COMPILE_PDB = docs\examples\CMakeFiles\curl-example-ftpupload.dir\
  TARGET_PDB = docs\examples\ftpupload.pdb
  TARGET_SUPPORT_DIR = docs\examples\CMakeFiles\curl-example-ftpupload.dir


# =============================================================================
# Link build statements for EXECUTABLE target curl-example-ftpupload


#############################################
# Link the executable docs\examples\ftpupload.exe

build docs\examples\ftpupload.exe: C_EXECUTABLE_LINKER__curl-example-ftpupload_Debug docs\examples\CMakeFiles\curl-example-ftpupload.dir\ftpupload.c.obj | lib\libcurl-d.lib || lib\libcurl-d.dll
  CONFIG = Debug
  FLAGS = /nologo /DWIN32 /D_WINDOWS /utf-8 /MP  /MDd /Z7 /Ob0 /Od /RTC1  -MDd
  LINK_FLAGS = /machine:x64 /nologo    /debug /INCREMENTAL /subsystem:console
  LINK_LIBRARIES = lib\libcurl-d.lib  ws2_32.lib  iphlpapi.lib  kernel32.lib user32.lib gdi32.lib winspool.lib shell32.lib ole32.lib oleaut32.lib uuid.lib comdlg32.lib advapi32.lib
  OBJECT_DIR = docs\examples\CMakeFiles\curl-example-ftpupload.dir
  POST_BUILD = cd .
  PRE_LINK = cd .
  TARGET_COMPILE_PDB = docs\examples\CMakeFiles\curl-example-ftpupload.dir\
  TARGET_FILE = docs\examples\ftpupload.exe
  TARGET_IMPLIB = docs\examples\ftpupload.lib
  TARGET_PDB = docs\examples\ftpupload.pdb
  TARGET_SUPPORT_DIR = docs\examples\CMakeFiles\curl-example-ftpupload.dir

# =============================================================================
# Object build statements for EXECUTABLE target curl-example-ftpuploadfrommem


#############################################
# Order-only phony target for curl-example-ftpuploadfrommem

build cmake_object_order_depends_target_curl-example-ftpuploadfrommem: phony || cmake_object_order_depends_target_libcurl_shared

build docs\examples\CMakeFiles\curl-example-ftpuploadfrommem.dir\ftpuploadfrommem.c.obj: C_COMPILER__curl-example-ftpuploadfrommem_unscanned_Debug C$:\Users\19697\Documents\KeygenSDK\KeygenSDK\build-vs\vcpkg_installed\vcpkg\blds\curl\src\url-8_21_0-3ffa9f46b7.clean\docs\examples\ftpuploadfrommem.c || cmake_object_order_depends_target_curl-example-ftpuploadfrommem
  CONFIG = Debug
  DEFINES = -DCURL_NO_OLDIES -DHAVE_CONFIG_H -DUNICODE -DWIN32_LEAN_AND_MEAN -D_UNICODE
  FLAGS = /nologo /DWIN32 /D_WINDOWS /utf-8 /MP  /MDd /Z7 /Ob0 /Od /RTC1  -MDd -W4 -Wall -wd4061 -wd4191 -wd4255 -wd4464 -wd4548 -wd4574 -wd4668 -wd4710 -wd4711 -wd4746 -wd4820 -wd5045 -MP
  INCLUDES = -IC:\Users\19697\Documents\KeygenSDK\KeygenSDK\build-vs\vcpkg_installed\vcpkg\blds\curl\src\url-8_21_0-3ffa9f46b7.clean\include
  OBJECT_DIR = docs\examples\CMakeFiles\curl-example-ftpuploadfrommem.dir
  OBJECT_FILE_DIR = docs\examples\CMakeFiles\curl-example-ftpuploadfrommem.dir
  TARGET_COMPILE_PDB = docs\examples\CMakeFiles\curl-example-ftpuploadfrommem.dir\
  TARGET_PDB = docs\examples\ftpuploadfrommem.pdb
  TARGET_SUPPORT_DIR = docs\examples\CMakeFiles\curl-example-ftpuploadfrommem.dir


# =============================================================================
# Link build statements for EXECUTABLE target curl-example-ftpuploadfrommem


#############################################
# Link the executable docs\examples\ftpuploadfrommem.exe

build docs\examples\ftpuploadfrommem.exe: C_EXECUTABLE_LINKER__curl-example-ftpuploadfrommem_Debug docs\examples\CMakeFiles\curl-example-ftpuploadfrommem.dir\ftpuploadfrommem.c.obj | lib\libcurl-d.lib || lib\libcurl-d.dll
  CONFIG = Debug
  FLAGS = /nologo /DWIN32 /D_WINDOWS /utf-8 /MP  /MDd /Z7 /Ob0 /Od /RTC1  -MDd
  LINK_FLAGS = /machine:x64 /nologo    /debug /INCREMENTAL /subsystem:console
  LINK_LIBRARIES = lib\libcurl-d.lib  ws2_32.lib  iphlpapi.lib  kernel32.lib user32.lib gdi32.lib winspool.lib shell32.lib ole32.lib oleaut32.lib uuid.lib comdlg32.lib advapi32.lib
  OBJECT_DIR = docs\examples\CMakeFiles\curl-example-ftpuploadfrommem.dir
  POST_BUILD = cd .
  PRE_LINK = cd .
  TARGET_COMPILE_PDB = docs\examples\CMakeFiles\curl-example-ftpuploadfrommem.dir\
  TARGET_FILE = docs\examples\ftpuploadfrommem.exe
  TARGET_IMPLIB = docs\examples\ftpuploadfrommem.lib
  TARGET_PDB = docs\examples\ftpuploadfrommem.pdb
  TARGET_SUPPORT_DIR = docs\examples\CMakeFiles\curl-example-ftpuploadfrommem.dir

# =============================================================================
# Object build statements for EXECUTABLE target curl-example-ftpuploadresume


#############################################
# Order-only phony target for curl-example-ftpuploadresume

build cmake_object_order_depends_target_curl-example-ftpuploadresume: phony || cmake_object_order_depends_target_libcurl_shared

build docs\examples\CMakeFiles\curl-example-ftpuploadresume.dir\ftpuploadresume.c.obj: C_COMPILER__curl-example-ftpuploadresume_unscanned_Debug C$:\Users\19697\Documents\KeygenSDK\KeygenSDK\build-vs\vcpkg_installed\vcpkg\blds\curl\src\url-8_21_0-3ffa9f46b7.clean\docs\examples\ftpuploadresume.c || cmake_object_order_depends_target_curl-example-ftpuploadresume
  CONFIG = Debug
  DEFINES = -DCURL_NO_OLDIES -DHAVE_CONFIG_H -DUNICODE -DWIN32_LEAN_AND_MEAN -D_UNICODE
  FLAGS = /nologo /DWIN32 /D_WINDOWS /utf-8 /MP  /MDd /Z7 /Ob0 /Od /RTC1  -MDd -W4 -Wall -wd4061 -wd4191 -wd4255 -wd4464 -wd4548 -wd4574 -wd4668 -wd4710 -wd4711 -wd4746 -wd4820 -wd5045 -MP
  INCLUDES = -IC:\Users\19697\Documents\KeygenSDK\KeygenSDK\build-vs\vcpkg_installed\vcpkg\blds\curl\src\url-8_21_0-3ffa9f46b7.clean\include
  OBJECT_DIR = docs\examples\CMakeFiles\curl-example-ftpuploadresume.dir
  OBJECT_FILE_DIR = docs\examples\CMakeFiles\curl-example-ftpuploadresume.dir
  TARGET_COMPILE_PDB = docs\examples\CMakeFiles\curl-example-ftpuploadresume.dir\
  TARGET_PDB = docs\examples\ftpuploadresume.pdb
  TARGET_SUPPORT_DIR = docs\examples\CMakeFiles\curl-example-ftpuploadresume.dir


# =============================================================================
# Link build statements for EXECUTABLE target curl-example-ftpuploadresume


#############################################
# Link the executable docs\examples\ftpuploadresume.exe

build docs\examples\ftpuploadresume.exe: C_EXECUTABLE_LINKER__curl-example-ftpuploadresume_Debug docs\examples\CMakeFiles\curl-example-ftpuploadresume.dir\ftpuploadresume.c.obj | lib\libcurl-d.lib || lib\libcurl-d.dll
  CONFIG = Debug
  FLAGS = /nologo /DWIN32 /D_WINDOWS /utf-8 /MP  /MDd /Z7 /Ob0 /Od /RTC1  -MDd
  LINK_FLAGS = /machine:x64 /nologo    /debug /INCREMENTAL /subsystem:console
  LINK_LIBRARIES = lib\libcurl-d.lib  ws2_32.lib  iphlpapi.lib  kernel32.lib user32.lib gdi32.lib winspool.lib shell32.lib ole32.lib oleaut32.lib uuid.lib comdlg32.lib advapi32.lib
  OBJECT_DIR = docs\examples\CMakeFiles\curl-example-ftpuploadresume.dir
  POST_BUILD = cd .
  PRE_LINK = cd .
  TARGET_COMPILE_PDB = docs\examples\CMakeFiles\curl-example-ftpuploadresume.dir\
  TARGET_FILE = docs\examples\ftpuploadresume.exe
  TARGET_IMPLIB = docs\examples\ftpuploadresume.lib
  TARGET_PDB = docs\examples\ftpuploadresume.pdb
  TARGET_SUPPORT_DIR = docs\examples\CMakeFiles\curl-example-ftpuploadresume.dir

# =============================================================================
# Object build statements for EXECUTABLE target curl-example-getinfo


#############################################
# Order-only phony target for curl-example-getinfo

build cmake_object_order_depends_target_curl-example-getinfo: phony || cmake_object_order_depends_target_libcurl_shared

build docs\examples\CMakeFiles\curl-example-getinfo.dir\getinfo.c.obj: C_COMPILER__curl-example-getinfo_unscanned_Debug C$:\Users\19697\Documents\KeygenSDK\KeygenSDK\build-vs\vcpkg_installed\vcpkg\blds\curl\src\url-8_21_0-3ffa9f46b7.clean\docs\examples\getinfo.c || cmake_object_order_depends_target_curl-example-getinfo
  CONFIG = Debug
  DEFINES = -DCURL_NO_OLDIES -DHAVE_CONFIG_H -DUNICODE -DWIN32_LEAN_AND_MEAN -D_UNICODE
  FLAGS = /nologo /DWIN32 /D_WINDOWS /utf-8 /MP  /MDd /Z7 /Ob0 /Od /RTC1  -MDd -W4 -Wall -wd4061 -wd4191 -wd4255 -wd4464 -wd4548 -wd4574 -wd4668 -wd4710 -wd4711 -wd4746 -wd4820 -wd5045 -MP
  INCLUDES = -IC:\Users\19697\Documents\KeygenSDK\KeygenSDK\build-vs\vcpkg_installed\vcpkg\blds\curl\src\url-8_21_0-3ffa9f46b7.clean\include
  OBJECT_DIR = docs\examples\CMakeFiles\curl-example-getinfo.dir
  OBJECT_FILE_DIR = docs\examples\CMakeFiles\curl-example-getinfo.dir
  TARGET_COMPILE_PDB = docs\examples\CMakeFiles\curl-example-getinfo.dir\
  TARGET_PDB = docs\examples\getinfo.pdb
  TARGET_SUPPORT_DIR = docs\examples\CMakeFiles\curl-example-getinfo.dir


# =============================================================================
# Link build statements for EXECUTABLE target curl-example-getinfo


#############################################
# Link the executable docs\examples\getinfo.exe

build docs\examples\getinfo.exe: C_EXECUTABLE_LINKER__curl-example-getinfo_Debug docs\examples\CMakeFiles\curl-example-getinfo.dir\getinfo.c.obj | lib\libcurl-d.lib || lib\libcurl-d.dll
  CONFIG = Debug
  FLAGS = /nologo /DWIN32 /D_WINDOWS /utf-8 /MP  /MDd /Z7 /Ob0 /Od /RTC1  -MDd
  LINK_FLAGS = /machine:x64 /nologo    /debug /INCREMENTAL /subsystem:console
  LINK_LIBRARIES = lib\libcurl-d.lib  ws2_32.lib  iphlpapi.lib  kernel32.lib user32.lib gdi32.lib winspool.lib shell32.lib ole32.lib oleaut32.lib uuid.lib comdlg32.lib advapi32.lib
  OBJECT_DIR = docs\examples\CMakeFiles\curl-example-getinfo.dir
  POST_BUILD = cd .
  PRE_LINK = cd .
  TARGET_COMPILE_PDB = docs\examples\CMakeFiles\curl-example-getinfo.dir\
  TARGET_FILE = docs\examples\getinfo.exe
  TARGET_IMPLIB = docs\examples\getinfo.lib
  TARGET_PDB = docs\examples\getinfo.pdb
  TARGET_SUPPORT_DIR = docs\examples\CMakeFiles\curl-example-getinfo.dir

# =============================================================================
# Object build statements for EXECUTABLE target curl-example-getinmemory


#############################################
# Order-only phony target for curl-example-getinmemory

build cmake_object_order_depends_target_curl-example-getinmemory: phony || cmake_object_order_depends_target_libcurl_shared

build docs\examples\CMakeFiles\curl-example-getinmemory.dir\getinmemory.c.obj: C_COMPILER__curl-example-getinmemory_unscanned_Debug C$:\Users\19697\Documents\KeygenSDK\KeygenSDK\build-vs\vcpkg_installed\vcpkg\blds\curl\src\url-8_21_0-3ffa9f46b7.clean\docs\examples\getinmemory.c || cmake_object_order_depends_target_curl-example-getinmemory
  CONFIG = Debug
  DEFINES = -DCURL_NO_OLDIES -DHAVE_CONFIG_H -DUNICODE -DWIN32_LEAN_AND_MEAN -D_UNICODE
  FLAGS = /nologo /DWIN32 /D_WINDOWS /utf-8 /MP  /MDd /Z7 /Ob0 /Od /RTC1  -MDd -W4 -Wall -wd4061 -wd4191 -wd4255 -wd4464 -wd4548 -wd4574 -wd4668 -wd4710 -wd4711 -wd4746 -wd4820 -wd5045 -MP
  INCLUDES = -IC:\Users\19697\Documents\KeygenSDK\KeygenSDK\build-vs\vcpkg_installed\vcpkg\blds\curl\src\url-8_21_0-3ffa9f46b7.clean\include
  OBJECT_DIR = docs\examples\CMakeFiles\curl-example-getinmemory.dir
  OBJECT_FILE_DIR = docs\examples\CMakeFiles\curl-example-getinmemory.dir
  TARGET_COMPILE_PDB = docs\examples\CMakeFiles\curl-example-getinmemory.dir\
  TARGET_PDB = docs\examples\getinmemory.pdb
  TARGET_SUPPORT_DIR = docs\examples\CMakeFiles\curl-example-getinmemory.dir


# =============================================================================
# Link build statements for EXECUTABLE target curl-example-getinmemory


#############################################
# Link the executable docs\examples\getinmemory.exe

build docs\examples\getinmemory.exe: C_EXECUTABLE_LINKER__curl-example-getinmemory_Debug docs\examples\CMakeFiles\curl-example-getinmemory.dir\getinmemory.c.obj | lib\libcurl-d.lib || lib\libcurl-d.dll
  CONFIG = Debug
  FLAGS = /nologo /DWIN32 /D_WINDOWS /utf-8 /MP  /MDd /Z7 /Ob0 /Od /RTC1  -MDd
  LINK_FLAGS = /machine:x64 /nologo    /debug /INCREMENTAL /subsystem:console
  LINK_LIBRARIES = lib\libcurl-d.lib  ws2_32.lib  iphlpapi.lib  kernel32.lib user32.lib gdi32.lib winspool.lib shell32.lib ole32.lib oleaut32.lib uuid.lib comdlg32.lib advapi32.lib
  OBJECT_DIR = docs\examples\CMakeFiles\curl-example-getinmemory.dir
  POST_BUILD = cd .
  PRE_LINK = cd .
  TARGET_COMPILE_PDB = docs\examples\CMakeFiles\curl-example-getinmemory.dir\
  TARGET_FILE = docs\examples\getinmemory.exe
  TARGET_IMPLIB = docs\examples\getinmemory.lib
  TARGET_PDB = docs\examples\getinmemory.pdb
  TARGET_SUPPORT_DIR = docs\examples\CMakeFiles\curl-example-getinmemory.dir

# =============================================================================
# Object build statements for EXECUTABLE target curl-example-getredirect


#############################################
# Order-only phony target for curl-example-getredirect

build cmake_object_order_depends_target_curl-example-getredirect: phony || cmake_object_order_depends_target_libcurl_shared

build docs\examples\CMakeFiles\curl-example-getredirect.dir\getredirect.c.obj: C_COMPILER__curl-example-getredirect_unscanned_Debug C$:\Users\19697\Documents\KeygenSDK\KeygenSDK\build-vs\vcpkg_installed\vcpkg\blds\curl\src\url-8_21_0-3ffa9f46b7.clean\docs\examples\getredirect.c || cmake_object_order_depends_target_curl-example-getredirect
  CONFIG = Debug
  DEFINES = -DCURL_NO_OLDIES -DHAVE_CONFIG_H -DUNICODE -DWIN32_LEAN_AND_MEAN -D_UNICODE
  FLAGS = /nologo /DWIN32 /D_WINDOWS /utf-8 /MP  /MDd /Z7 /Ob0 /Od /RTC1  -MDd -W4 -Wall -wd4061 -wd4191 -wd4255 -wd4464 -wd4548 -wd4574 -wd4668 -wd4710 -wd4711 -wd4746 -wd4820 -wd5045 -MP
  INCLUDES = -IC:\Users\19697\Documents\KeygenSDK\KeygenSDK\build-vs\vcpkg_installed\vcpkg\blds\curl\src\url-8_21_0-3ffa9f46b7.clean\include
  OBJECT_DIR = docs\examples\CMakeFiles\curl-example-getredirect.dir
  OBJECT_FILE_DIR = docs\examples\CMakeFiles\curl-example-getredirect.dir
  TARGET_COMPILE_PDB = docs\examples\CMakeFiles\curl-example-getredirect.dir\
  TARGET_PDB = docs\examples\getredirect.pdb
  TARGET_SUPPORT_DIR = docs\examples\CMakeFiles\curl-example-getredirect.dir


# =============================================================================
# Link build statements for EXECUTABLE target curl-example-getredirect


#############################################
# Link the executable docs\examples\getredirect.exe

build docs\examples\getredirect.exe: C_EXECUTABLE_LINKER__curl-example-getredirect_Debug docs\examples\CMakeFiles\curl-example-getredirect.dir\getredirect.c.obj | lib\libcurl-d.lib || lib\libcurl-d.dll
  CONFIG = Debug
  FLAGS = /nologo /DWIN32 /D_WINDOWS /utf-8 /MP  /MDd /Z7 /Ob0 /Od /RTC1  -MDd
  LINK_FLAGS = /machine:x64 /nologo    /debug /INCREMENTAL /subsystem:console
  LINK_LIBRARIES = lib\libcurl-d.lib  ws2_32.lib  iphlpapi.lib  kernel32.lib user32.lib gdi32.lib winspool.lib shell32.lib ole32.lib oleaut32.lib uuid.lib comdlg32.lib advapi32.lib
  OBJECT_DIR = docs\examples\CMakeFiles\curl-example-getredirect.dir
  POST_BUILD = cd .
  PRE_LINK = cd .
  TARGET_COMPILE_PDB = docs\examples\CMakeFiles\curl-example-getredirect.dir\
  TARGET_FILE = docs\examples\getredirect.exe
  TARGET_IMPLIB = docs\examples\getredirect.lib
  TARGET_PDB = docs\examples\getredirect.pdb
  TARGET_SUPPORT_DIR = docs\examples\CMakeFiles\curl-example-getredirect.dir

# =============================================================================
# Object build statements for EXECUTABLE target curl-example-getreferrer


#############################################
# Order-only phony target for curl-example-getreferrer

build cmake_object_order_depends_target_curl-example-getreferrer: phony || cmake_object_order_depends_target_libcurl_shared

build docs\examples\CMakeFiles\curl-example-getreferrer.dir\getreferrer.c.obj: C_COMPILER__curl-example-getreferrer_unscanned_Debug C$:\Users\19697\Documents\KeygenSDK\KeygenSDK\build-vs\vcpkg_installed\vcpkg\blds\curl\src\url-8_21_0-3ffa9f46b7.clean\docs\examples\getreferrer.c || cmake_object_order_depends_target_curl-example-getreferrer
  CONFIG = Debug
  DEFINES = -DCURL_NO_OLDIES -DHAVE_CONFIG_H -DUNICODE -DWIN32_LEAN_AND_MEAN -D_UNICODE
  FLAGS = /nologo /DWIN32 /D_WINDOWS /utf-8 /MP  /MDd /Z7 /Ob0 /Od /RTC1  -MDd -W4 -Wall -wd4061 -wd4191 -wd4255 -wd4464 -wd4548 -wd4574 -wd4668 -wd4710 -wd4711 -wd4746 -wd4820 -wd5045 -MP
  INCLUDES = -IC:\Users\19697\Documents\KeygenSDK\KeygenSDK\build-vs\vcpkg_installed\vcpkg\blds\curl\src\url-8_21_0-3ffa9f46b7.clean\include
  OBJECT_DIR = docs\examples\CMakeFiles\curl-example-getreferrer.dir
  OBJECT_FILE_DIR = docs\examples\CMakeFiles\curl-example-getreferrer.dir
  TARGET_COMPILE_PDB = docs\examples\CMakeFiles\curl-example-getreferrer.dir\
  TARGET_PDB = docs\examples\getreferrer.pdb
  TARGET_SUPPORT_DIR = docs\examples\CMakeFiles\curl-example-getreferrer.dir


# =============================================================================
# Link build statements for EXECUTABLE target curl-example-getreferrer


#############################################
# Link the executable docs\examples\getreferrer.exe

build docs\examples\getreferrer.exe: C_EXECUTABLE_LINKER__curl-example-getreferrer_Debug docs\examples\CMakeFiles\curl-example-getreferrer.dir\getreferrer.c.obj | lib\libcurl-d.lib || lib\libcurl-d.dll
  CONFIG = Debug
  FLAGS = /nologo /DWIN32 /D_WINDOWS /utf-8 /MP  /MDd /Z7 /Ob0 /Od /RTC1  -MDd
  LINK_FLAGS = /machine:x64 /nologo    /debug /INCREMENTAL /subsystem:console
  LINK_LIBRARIES = lib\libcurl-d.lib  ws2_32.lib  iphlpapi.lib  kernel32.lib user32.lib gdi32.lib winspool.lib shell32.lib ole32.lib oleaut32.lib uuid.lib comdlg32.lib advapi32.lib
  OBJECT_DIR = docs\examples\CMakeFiles\curl-example-getreferrer.dir
  POST_BUILD = cd .
  PRE_LINK = cd .
  TARGET_COMPILE_PDB = docs\examples\CMakeFiles\curl-example-getreferrer.dir\
  TARGET_FILE = docs\examples\getreferrer.exe
  TARGET_IMPLIB = docs\examples\getreferrer.lib
  TARGET_PDB = docs\examples\getreferrer.pdb
  TARGET_SUPPORT_DIR = docs\examples\CMakeFiles\curl-example-getreferrer.dir

# =============================================================================
# Object build statements for EXECUTABLE target curl-example-headerapi


#############################################
# Order-only phony target for curl-example-headerapi

build cmake_object_order_depends_target_curl-example-headerapi: phony || cmake_object_order_depends_target_libcurl_shared

build docs\examples\CMakeFiles\curl-example-headerapi.dir\headerapi.c.obj: C_COMPILER__curl-example-headerapi_unscanned_Debug C$:\Users\19697\Documents\KeygenSDK\KeygenSDK\build-vs\vcpkg_installed\vcpkg\blds\curl\src\url-8_21_0-3ffa9f46b7.clean\docs\examples\headerapi.c || cmake_object_order_depends_target_curl-example-headerapi
  CONFIG = Debug
  DEFINES = -DCURL_NO_OLDIES -DHAVE_CONFIG_H -DUNICODE -DWIN32_LEAN_AND_MEAN -D_UNICODE
  FLAGS = /nologo /DWIN32 /D_WINDOWS /utf-8 /MP  /MDd /Z7 /Ob0 /Od /RTC1  -MDd -W4 -Wall -wd4061 -wd4191 -wd4255 -wd4464 -wd4548 -wd4574 -wd4668 -wd4710 -wd4711 -wd4746 -wd4820 -wd5045 -MP
  INCLUDES = -IC:\Users\19697\Documents\KeygenSDK\KeygenSDK\build-vs\vcpkg_installed\vcpkg\blds\curl\src\url-8_21_0-3ffa9f46b7.clean\include
  OBJECT_DIR = docs\examples\CMakeFiles\curl-example-headerapi.dir
  OBJECT_FILE_DIR = docs\examples\CMakeFiles\curl-example-headerapi.dir
  TARGET_COMPILE_PDB = docs\examples\CMakeFiles\curl-example-headerapi.dir\
  TARGET_PDB = docs\examples\headerapi.pdb
  TARGET_SUPPORT_DIR = docs\examples\CMakeFiles\curl-example-headerapi.dir


# =============================================================================
# Link build statements for EXECUTABLE target curl-example-headerapi


#############################################
# Link the executable docs\examples\headerapi.exe

build docs\examples\headerapi.exe: C_EXECUTABLE_LINKER__curl-example-headerapi_Debug docs\examples\CMakeFiles\curl-example-headerapi.dir\headerapi.c.obj | lib\libcurl-d.lib || lib\libcurl-d.dll
  CONFIG = Debug
  FLAGS = /nologo /DWIN32 /D_WINDOWS /utf-8 /MP  /MDd /Z7 /Ob0 /Od /RTC1  -MDd
  LINK_FLAGS = /machine:x64 /nologo    /debug /INCREMENTAL /subsystem:console
  LINK_LIBRARIES = lib\libcurl-d.lib  ws2_32.lib  iphlpapi.lib  kernel32.lib user32.lib gdi32.lib winspool.lib shell32.lib ole32.lib oleaut32.lib uuid.lib comdlg32.lib advapi32.lib
  OBJECT_DIR = docs\examples\CMakeFiles\curl-example-headerapi.dir
  POST_BUILD = cd .
  PRE_LINK = cd .
  TARGET_COMPILE_PDB = docs\examples\CMakeFiles\curl-example-headerapi.dir\
  TARGET_FILE = docs\examples\headerapi.exe
  TARGET_IMPLIB = docs\examples\headerapi.lib
  TARGET_PDB = docs\examples\headerapi.pdb
  TARGET_SUPPORT_DIR = docs\examples\CMakeFiles\curl-example-headerapi.dir

# =============================================================================
# Object build statements for EXECUTABLE target curl-example-hsts-preload


#############################################
# Order-only phony target for curl-example-hsts-preload

build cmake_object_order_depends_target_curl-example-hsts-preload: phony || cmake_object_order_depends_target_libcurl_shared

build docs\examples\CMakeFiles\curl-example-hsts-preload.dir\hsts-preload.c.obj: C_COMPILER__curl-example-hsts-preload_unscanned_Debug C$:\Users\19697\Documents\KeygenSDK\KeygenSDK\build-vs\vcpkg_installed\vcpkg\blds\curl\src\url-8_21_0-3ffa9f46b7.clean\docs\examples\hsts-preload.c || cmake_object_order_depends_target_curl-example-hsts-preload
  CONFIG = Debug
  DEFINES = -DCURL_NO_OLDIES -DHAVE_CONFIG_H -DUNICODE -DWIN32_LEAN_AND_MEAN -D_UNICODE
  FLAGS = /nologo /DWIN32 /D_WINDOWS /utf-8 /MP  /MDd /Z7 /Ob0 /Od /RTC1  -MDd -W4 -Wall -wd4061 -wd4191 -wd4255 -wd4464 -wd4548 -wd4574 -wd4668 -wd4710 -wd4711 -wd4746 -wd4820 -wd5045 -MP
  INCLUDES = -IC:\Users\19697\Documents\KeygenSDK\KeygenSDK\build-vs\vcpkg_installed\vcpkg\blds\curl\src\url-8_21_0-3ffa9f46b7.clean\include
  OBJECT_DIR = docs\examples\CMakeFiles\curl-example-hsts-preload.dir
  OBJECT_FILE_DIR = docs\examples\CMakeFiles\curl-example-hsts-preload.dir
  TARGET_COMPILE_PDB = docs\examples\CMakeFiles\curl-example-hsts-preload.dir\
  TARGET_PDB = docs\examples\hsts-preload.pdb
  TARGET_SUPPORT_DIR = docs\examples\CMakeFiles\curl-example-hsts-preload.dir


# =============================================================================
# Link build statements for EXECUTABLE target curl-example-hsts-preload


#############################################
# Link the executable docs\examples\hsts-preload.exe

build docs\examples\hsts-preload.exe: C_EXECUTABLE_LINKER__curl-example-hsts-preload_Debug docs\examples\CMakeFiles\curl-example-hsts-preload.dir\hsts-preload.c.obj | lib\libcurl-d.lib || lib\libcurl-d.dll
  CONFIG = Debug
  FLAGS = /nologo /DWIN32 /D_WINDOWS /utf-8 /MP  /MDd /Z7 /Ob0 /Od /RTC1  -MDd
  LINK_FLAGS = /machine:x64 /nologo    /debug /INCREMENTAL /subsystem:console
  LINK_LIBRARIES = lib\libcurl-d.lib  ws2_32.lib  iphlpapi.lib  kernel32.lib user32.lib gdi32.lib winspool.lib shell32.lib ole32.lib oleaut32.lib uuid.lib comdlg32.lib advapi32.lib
  OBJECT_DIR = docs\examples\CMakeFiles\curl-example-hsts-preload.dir
  POST_BUILD = cd .
  PRE_LINK = cd .
  TARGET_COMPILE_PDB = docs\examples\CMakeFiles\curl-example-hsts-preload.dir\
  TARGET_FILE = docs\examples\hsts-preload.exe
  TARGET_IMPLIB = docs\examples\hsts-preload.lib
  TARGET_PDB = docs\examples\hsts-preload.pdb
  TARGET_SUPPORT_DIR = docs\examples\CMakeFiles\curl-example-hsts-preload.dir

# =============================================================================
# Object build statements for EXECUTABLE target curl-example-http-options


#############################################
# Order-only phony target for curl-example-http-options

build cmake_object_order_depends_target_curl-example-http-options: phony || cmake_object_order_depends_target_libcurl_shared

build docs\examples\CMakeFiles\curl-example-http-options.dir\http-options.c.obj: C_COMPILER__curl-example-http-options_unscanned_Debug C$:\Users\19697\Documents\KeygenSDK\KeygenSDK\build-vs\vcpkg_installed\vcpkg\blds\curl\src\url-8_21_0-3ffa9f46b7.clean\docs\examples\http-options.c || cmake_object_order_depends_target_curl-example-http-options
  CONFIG = Debug
  DEFINES = -DCURL_NO_OLDIES -DHAVE_CONFIG_H -DUNICODE -DWIN32_LEAN_AND_MEAN -D_UNICODE
  FLAGS = /nologo /DWIN32 /D_WINDOWS /utf-8 /MP  /MDd /Z7 /Ob0 /Od /RTC1  -MDd -W4 -Wall -wd4061 -wd4191 -wd4255 -wd4464 -wd4548 -wd4574 -wd4668 -wd4710 -wd4711 -wd4746 -wd4820 -wd5045 -MP
  INCLUDES = -IC:\Users\19697\Documents\KeygenSDK\KeygenSDK\build-vs\vcpkg_installed\vcpkg\blds\curl\src\url-8_21_0-3ffa9f46b7.clean\include
  OBJECT_DIR = docs\examples\CMakeFiles\curl-example-http-options.dir
  OBJECT_FILE_DIR = docs\examples\CMakeFiles\curl-example-http-options.dir
  TARGET_COMPILE_PDB = docs\examples\CMakeFiles\curl-example-http-options.dir\
  TARGET_PDB = docs\examples\http-options.pdb
  TARGET_SUPPORT_DIR = docs\examples\CMakeFiles\curl-example-http-options.dir


# =============================================================================
# Link build statements for EXECUTABLE target curl-example-http-options


#############################################
# Link the executable docs\examples\http-options.exe

build docs\examples\http-options.exe: C_EXECUTABLE_LINKER__curl-example-http-options_Debug docs\examples\CMakeFiles\curl-example-http-options.dir\http-options.c.obj | lib\libcurl-d.lib || lib\libcurl-d.dll
  CONFIG = Debug
  FLAGS = /nologo /DWIN32 /D_WINDOWS /utf-8 /MP  /MDd /Z7 /Ob0 /Od /RTC1  -MDd
  LINK_FLAGS = /machine:x64 /nologo    /debug /INCREMENTAL /subsystem:console
  LINK_LIBRARIES = lib\libcurl-d.lib  ws2_32.lib  iphlpapi.lib  kernel32.lib user32.lib gdi32.lib winspool.lib shell32.lib ole32.lib oleaut32.lib uuid.lib comdlg32.lib advapi32.lib
  OBJECT_DIR = docs\examples\CMakeFiles\curl-example-http-options.dir
  POST_BUILD = cd .
  PRE_LINK = cd .
  TARGET_COMPILE_PDB = docs\examples\CMakeFiles\curl-example-http-options.dir\
  TARGET_FILE = docs\examples\http-options.exe
  TARGET_IMPLIB = docs\examples\http-options.lib
  TARGET_PDB = docs\examples\http-options.pdb
  TARGET_SUPPORT_DIR = docs\examples\CMakeFiles\curl-example-http-options.dir

# =============================================================================
# Object build statements for EXECUTABLE target curl-example-http-post


#############################################
# Order-only phony target for curl-example-http-post

build cmake_object_order_depends_target_curl-example-http-post: phony || cmake_object_order_depends_target_libcurl_shared

build docs\examples\CMakeFiles\curl-example-http-post.dir\http-post.c.obj: C_COMPILER__curl-example-http-post_unscanned_Debug C$:\Users\19697\Documents\KeygenSDK\KeygenSDK\build-vs\vcpkg_installed\vcpkg\blds\curl\src\url-8_21_0-3ffa9f46b7.clean\docs\examples\http-post.c || cmake_object_order_depends_target_curl-example-http-post
  CONFIG = Debug
  DEFINES = -DCURL_NO_OLDIES -DHAVE_CONFIG_H -DUNICODE -DWIN32_LEAN_AND_MEAN -D_UNICODE
  FLAGS = /nologo /DWIN32 /D_WINDOWS /utf-8 /MP  /MDd /Z7 /Ob0 /Od /RTC1  -MDd -W4 -Wall -wd4061 -wd4191 -wd4255 -wd4464 -wd4548 -wd4574 -wd4668 -wd4710 -wd4711 -wd4746 -wd4820 -wd5045 -MP
  INCLUDES = -IC:\Users\19697\Documents\KeygenSDK\KeygenSDK\build-vs\vcpkg_installed\vcpkg\blds\curl\src\url-8_21_0-3ffa9f46b7.clean\include
  OBJECT_DIR = docs\examples\CMakeFiles\curl-example-http-post.dir
  OBJECT_FILE_DIR = docs\examples\CMakeFiles\curl-example-http-post.dir
  TARGET_COMPILE_PDB = docs\examples\CMakeFiles\curl-example-http-post.dir\
  TARGET_PDB = docs\examples\http-post.pdb
  TARGET_SUPPORT_DIR = docs\examples\CMakeFiles\curl-example-http-post.dir


# =============================================================================
# Link build statements for EXECUTABLE target curl-example-http-post


#############################################
# Link the executable docs\examples\http-post.exe

build docs\examples\http-post.exe: C_EXECUTABLE_LINKER__curl-example-http-post_Debug docs\examples\CMakeFiles\curl-example-http-post.dir\http-post.c.obj | lib\libcurl-d.lib || lib\libcurl-d.dll
  CONFIG = Debug
  FLAGS = /nologo /DWIN32 /D_WINDOWS /utf-8 /MP  /MDd /Z7 /Ob0 /Od /RTC1  -MDd
  LINK_FLAGS = /machine:x64 /nologo    /debug /INCREMENTAL /subsystem:console
  LINK_LIBRARIES = lib\libcurl-d.lib  ws2_32.lib  iphlpapi.lib  kernel32.lib user32.lib gdi32.lib winspool.lib shell32.lib ole32.lib oleaut32.lib uuid.lib comdlg32.lib advapi32.lib
  OBJECT_DIR = docs\examples\CMakeFiles\curl-example-http-post.dir
  POST_BUILD = cd .
  PRE_LINK = cd .
  TARGET_COMPILE_PDB = docs\examples\CMakeFiles\curl-example-http-post.dir\
  TARGET_FILE = docs\examples\http-post.exe
  TARGET_IMPLIB = docs\examples\http-post.lib
  TARGET_PDB = docs\examples\http-post.pdb
  TARGET_SUPPORT_DIR = docs\examples\CMakeFiles\curl-example-http-post.dir

# =============================================================================
# Object build statements for EXECUTABLE target curl-example-http2-download


#############################################
# Order-only phony target for curl-example-http2-download

build cmake_object_order_depends_target_curl-example-http2-download: phony || cmake_object_order_depends_target_libcurl_shared

build docs\examples\CMakeFiles\curl-example-http2-download.dir\http2-download.c.obj: C_COMPILER__curl-example-http2-download_unscanned_Debug C$:\Users\19697\Documents\KeygenSDK\KeygenSDK\build-vs\vcpkg_installed\vcpkg\blds\curl\src\url-8_21_0-3ffa9f46b7.clean\docs\examples\http2-download.c || cmake_object_order_depends_target_curl-example-http2-download
  CONFIG = Debug
  DEFINES = -DCURL_NO_OLDIES -DHAVE_CONFIG_H -DUNICODE -DWIN32_LEAN_AND_MEAN -D_UNICODE
  FLAGS = /nologo /DWIN32 /D_WINDOWS /utf-8 /MP  /MDd /Z7 /Ob0 /Od /RTC1  -MDd -W4 -Wall -wd4061 -wd4191 -wd4255 -wd4464 -wd4548 -wd4574 -wd4668 -wd4710 -wd4711 -wd4746 -wd4820 -wd5045 -MP
  INCLUDES = -IC:\Users\19697\Documents\KeygenSDK\KeygenSDK\build-vs\vcpkg_installed\vcpkg\blds\curl\src\url-8_21_0-3ffa9f46b7.clean\include
  OBJECT_DIR = docs\examples\CMakeFiles\curl-example-http2-download.dir
  OBJECT_FILE_DIR = docs\examples\CMakeFiles\curl-example-http2-download.dir
  TARGET_COMPILE_PDB = docs\examples\CMakeFiles\curl-example-http2-download.dir\
  TARGET_PDB = docs\examples\http2-download.pdb
  TARGET_SUPPORT_DIR = docs\examples\CMakeFiles\curl-example-http2-download.dir


# =============================================================================
# Link build statements for EXECUTABLE target curl-example-http2-download


#############################################
# Link the executable docs\examples\http2-download.exe

build docs\examples\http2-download.exe: C_EXECUTABLE_LINKER__curl-example-http2-download_Debug docs\examples\CMakeFiles\curl-example-http2-download.dir\http2-download.c.obj | lib\libcurl-d.lib || lib\libcurl-d.dll
  CONFIG = Debug
  FLAGS = /nologo /DWIN32 /D_WINDOWS /utf-8 /MP  /MDd /Z7 /Ob0 /Od /RTC1  -MDd
  LINK_FLAGS = /machine:x64 /nologo    /debug /INCREMENTAL /subsystem:console
  LINK_LIBRARIES = lib\libcurl-d.lib  ws2_32.lib  iphlpapi.lib  kernel32.lib user32.lib gdi32.lib winspool.lib shell32.lib ole32.lib oleaut32.lib uuid.lib comdlg32.lib advapi32.lib
  OBJECT_DIR = docs\examples\CMakeFiles\curl-example-http2-download.dir
  POST_BUILD = cd .
  PRE_LINK = cd .
  TARGET_COMPILE_PDB = docs\examples\CMakeFiles\curl-example-http2-download.dir\
  TARGET_FILE = docs\examples\http2-download.exe
  TARGET_IMPLIB = docs\examples\http2-download.lib
  TARGET_PDB = docs\examples\http2-download.pdb
  TARGET_SUPPORT_DIR = docs\examples\CMakeFiles\curl-example-http2-download.dir

# =============================================================================
# Object build statements for EXECUTABLE target curl-example-http2-pushinmemory


#############################################
# Order-only phony target for curl-example-http2-pushinmemory

build cmake_object_order_depends_target_curl-example-http2-pushinmemory: phony || cmake_object_order_depends_target_libcurl_shared

build docs\examples\CMakeFiles\curl-example-http2-pushinmemory.dir\http2-pushinmemory.c.obj: C_COMPILER__curl-example-http2-pushinmemory_unscanned_Debug C$:\Users\19697\Documents\KeygenSDK\KeygenSDK\build-vs\vcpkg_installed\vcpkg\blds\curl\src\url-8_21_0-3ffa9f46b7.clean\docs\examples\http2-pushinmemory.c || cmake_object_order_depends_target_curl-example-http2-pushinmemory
  CONFIG = Debug
  DEFINES = -DCURL_NO_OLDIES -DHAVE_CONFIG_H -DUNICODE -DWIN32_LEAN_AND_MEAN -D_UNICODE
  FLAGS = /nologo /DWIN32 /D_WINDOWS /utf-8 /MP  /MDd /Z7 /Ob0 /Od /RTC1  -MDd -W4 -Wall -wd4061 -wd4191 -wd4255 -wd4464 -wd4548 -wd4574 -wd4668 -wd4710 -wd4711 -wd4746 -wd4820 -wd5045 -MP
  INCLUDES = -IC:\Users\19697\Documents\KeygenSDK\KeygenSDK\build-vs\vcpkg_installed\vcpkg\blds\curl\src\url-8_21_0-3ffa9f46b7.clean\include
  OBJECT_DIR = docs\examples\CMakeFiles\curl-example-http2-pushinmemory.dir
  OBJECT_FILE_DIR = docs\examples\CMakeFiles\curl-example-http2-pushinmemory.dir
  TARGET_COMPILE_PDB = docs\examples\CMakeFiles\curl-example-http2-pushinmemory.dir\
  TARGET_PDB = docs\examples\http2-pushinmemory.pdb
  TARGET_SUPPORT_DIR = docs\examples\CMakeFiles\curl-example-http2-pushinmemory.dir


# =============================================================================
# Link build statements for EXECUTABLE target curl-example-http2-pushinmemory


#############################################
# Link the executable docs\examples\http2-pushinmemory.exe

build docs\examples\http2-pushinmemory.exe: C_EXECUTABLE_LINKER__curl-example-http2-pushinmemory_Debug docs\examples\CMakeFiles\curl-example-http2-pushinmemory.dir\http2-pushinmemory.c.obj | lib\libcurl-d.lib || lib\libcurl-d.dll
  CONFIG = Debug
  FLAGS = /nologo /DWIN32 /D_WINDOWS /utf-8 /MP  /MDd /Z7 /Ob0 /Od /RTC1  -MDd
  LINK_FLAGS = /machine:x64 /nologo    /debug /INCREMENTAL /subsystem:console
  LINK_LIBRARIES = lib\libcurl-d.lib  ws2_32.lib  iphlpapi.lib  kernel32.lib user32.lib gdi32.lib winspool.lib shell32.lib ole32.lib oleaut32.lib uuid.lib comdlg32.lib advapi32.lib
  OBJECT_DIR = docs\examples\CMakeFiles\curl-example-http2-pushinmemory.dir
  POST_BUILD = cd .
  PRE_LINK = cd .
  TARGET_COMPILE_PDB = docs\examples\CMakeFiles\curl-example-http2-pushinmemory.dir\
  TARGET_FILE = docs\examples\http2-pushinmemory.exe
  TARGET_IMPLIB = docs\examples\http2-pushinmemory.lib
  TARGET_PDB = docs\examples\http2-pushinmemory.pdb
  TARGET_SUPPORT_DIR = docs\examples\CMakeFiles\curl-example-http2-pushinmemory.dir

# =============================================================================
# Object build statements for EXECUTABLE target curl-example-http2-serverpush


#############################################
# Order-only phony target for curl-example-http2-serverpush

build cmake_object_order_depends_target_curl-example-http2-serverpush: phony || cmake_object_order_depends_target_libcurl_shared

build docs\examples\CMakeFiles\curl-example-http2-serverpush.dir\http2-serverpush.c.obj: C_COMPILER__curl-example-http2-serverpush_unscanned_Debug C$:\Users\19697\Documents\KeygenSDK\KeygenSDK\build-vs\vcpkg_installed\vcpkg\blds\curl\src\url-8_21_0-3ffa9f46b7.clean\docs\examples\http2-serverpush.c || cmake_object_order_depends_target_curl-example-http2-serverpush
  CONFIG = Debug
  DEFINES = -DCURL_NO_OLDIES -DHAVE_CONFIG_H -DUNICODE -DWIN32_LEAN_AND_MEAN -D_UNICODE
  FLAGS = /nologo /DWIN32 /D_WINDOWS /utf-8 /MP  /MDd /Z7 /Ob0 /Od /RTC1  -MDd -W4 -Wall -wd4061 -wd4191 -wd4255 -wd4464 -wd4548 -wd4574 -wd4668 -wd4710 -wd4711 -wd4746 -wd4820 -wd5045 -MP
  INCLUDES = -IC:\Users\19697\Documents\KeygenSDK\KeygenSDK\build-vs\vcpkg_installed\vcpkg\blds\curl\src\url-8_21_0-3ffa9f46b7.clean\include
  OBJECT_DIR = docs\examples\CMakeFiles\curl-example-http2-serverpush.dir
  OBJECT_FILE_DIR = docs\examples\CMakeFiles\curl-example-http2-serverpush.dir
  TARGET_COMPILE_PDB = docs\examples\CMakeFiles\curl-example-http2-serverpush.dir\
  TARGET_PDB = docs\examples\http2-serverpush.pdb
  TARGET_SUPPORT_DIR = docs\examples\CMakeFiles\curl-example-http2-serverpush.dir


# =============================================================================
# Link build statements for EXECUTABLE target curl-example-http2-serverpush


#############################################
# Link the executable docs\examples\http2-serverpush.exe

build docs\examples\http2-serverpush.exe: C_EXECUTABLE_LINKER__curl-example-http2-serverpush_Debug docs\examples\CMakeFiles\curl-example-http2-serverpush.dir\http2-serverpush.c.obj | lib\libcurl-d.lib || lib\libcurl-d.dll
  CONFIG = Debug
  FLAGS = /nologo /DWIN32 /D_WINDOWS /utf-8 /MP  /MDd /Z7 /Ob0 /Od /RTC1  -MDd
  LINK_FLAGS = /machine:x64 /nologo    /debug /INCREMENTAL /subsystem:console
  LINK_LIBRARIES = lib\libcurl-d.lib  ws2_32.lib  iphlpapi.lib  kernel32.lib user32.lib gdi32.lib winspool.lib shell32.lib ole32.lib oleaut32.lib uuid.lib comdlg32.lib advapi32.lib
  OBJECT_DIR = docs\examples\CMakeFiles\curl-example-http2-serverpush.dir
  POST_BUILD = cd .
  PRE_LINK = cd .
  TARGET_COMPILE_PDB = docs\examples\CMakeFiles\curl-example-http2-serverpush.dir\
  TARGET_FILE = docs\examples\http2-serverpush.exe
  TARGET_IMPLIB = docs\examples\http2-serverpush.lib
  TARGET_PDB = docs\examples\http2-serverpush.pdb
  TARGET_SUPPORT_DIR = docs\examples\CMakeFiles\curl-example-http2-serverpush.dir

# =============================================================================
# Object build statements for EXECUTABLE target curl-example-http2-upload


#############################################
# Order-only phony target for curl-example-http2-upload

build cmake_object_order_depends_target_curl-example-http2-upload: phony || cmake_object_order_depends_target_libcurl_shared

build docs\examples\CMakeFiles\curl-example-http2-upload.dir\http2-upload.c.obj: C_COMPILER__curl-example-http2-upload_unscanned_Debug C$:\Users\19697\Documents\KeygenSDK\KeygenSDK\build-vs\vcpkg_installed\vcpkg\blds\curl\src\url-8_21_0-3ffa9f46b7.clean\docs\examples\http2-upload.c || cmake_object_order_depends_target_curl-example-http2-upload
  CONFIG = Debug
  DEFINES = -DCURL_NO_OLDIES -DHAVE_CONFIG_H -DUNICODE -DWIN32_LEAN_AND_MEAN -D_UNICODE
  FLAGS = /nologo /DWIN32 /D_WINDOWS /utf-8 /MP  /MDd /Z7 /Ob0 /Od /RTC1  -MDd -W4 -Wall -wd4061 -wd4191 -wd4255 -wd4464 -wd4548 -wd4574 -wd4668 -wd4710 -wd4711 -wd4746 -wd4820 -wd5045 -MP
  INCLUDES = -IC:\Users\19697\Documents\KeygenSDK\KeygenSDK\build-vs\vcpkg_installed\vcpkg\blds\curl\src\url-8_21_0-3ffa9f46b7.clean\include
  OBJECT_DIR = docs\examples\CMakeFiles\curl-example-http2-upload.dir
  OBJECT_FILE_DIR = docs\examples\CMakeFiles\curl-example-http2-upload.dir
  TARGET_COMPILE_PDB = docs\examples\CMakeFiles\curl-example-http2-upload.dir\
  TARGET_PDB = docs\examples\http2-upload.pdb
  TARGET_SUPPORT_DIR = docs\examples\CMakeFiles\curl-example-http2-upload.dir


# =============================================================================
# Link build statements for EXECUTABLE target curl-example-http2-upload


#############################################
# Link the executable docs\examples\http2-upload.exe

build docs\examples\http2-upload.exe: C_EXECUTABLE_LINKER__curl-example-http2-upload_Debug docs\examples\CMakeFiles\curl-example-http2-upload.dir\http2-upload.c.obj | lib\libcurl-d.lib || lib\libcurl-d.dll
  CONFIG = Debug
  FLAGS = /nologo /DWIN32 /D_WINDOWS /utf-8 /MP  /MDd /Z7 /Ob0 /Od /RTC1  -MDd
  LINK_FLAGS = /machine:x64 /nologo    /debug /INCREMENTAL /subsystem:console
  LINK_LIBRARIES = lib\libcurl-d.lib  ws2_32.lib  iphlpapi.lib  kernel32.lib user32.lib gdi32.lib winspool.lib shell32.lib ole32.lib oleaut32.lib uuid.lib comdlg32.lib advapi32.lib
  OBJECT_DIR = docs\examples\CMakeFiles\curl-example-http2-upload.dir
  POST_BUILD = cd .
  PRE_LINK = cd .
  TARGET_COMPILE_PDB = docs\examples\CMakeFiles\curl-example-http2-upload.dir\
  TARGET_FILE = docs\examples\http2-upload.exe
  TARGET_IMPLIB = docs\examples\http2-upload.lib
  TARGET_PDB = docs\examples\http2-upload.pdb
  TARGET_SUPPORT_DIR = docs\examples\CMakeFiles\curl-example-http2-upload.dir

# =============================================================================
# Object build statements for EXECUTABLE target curl-example-http3


#############################################
# Order-only phony target for curl-example-http3

build cmake_object_order_depends_target_curl-example-http3: phony || cmake_object_order_depends_target_libcurl_shared

build docs\examples\CMakeFiles\curl-example-http3.dir\http3.c.obj: C_COMPILER__curl-example-http3_unscanned_Debug C$:\Users\19697\Documents\KeygenSDK\KeygenSDK\build-vs\vcpkg_installed\vcpkg\blds\curl\src\url-8_21_0-3ffa9f46b7.clean\docs\examples\http3.c || cmake_object_order_depends_target_curl-example-http3
  CONFIG = Debug
  DEFINES = -DCURL_NO_OLDIES -DHAVE_CONFIG_H -DUNICODE -DWIN32_LEAN_AND_MEAN -D_UNICODE
  FLAGS = /nologo /DWIN32 /D_WINDOWS /utf-8 /MP  /MDd /Z7 /Ob0 /Od /RTC1  -MDd -W4 -Wall -wd4061 -wd4191 -wd4255 -wd4464 -wd4548 -wd4574 -wd4668 -wd4710 -wd4711 -wd4746 -wd4820 -wd5045 -MP
  INCLUDES = -IC:\Users\19697\Documents\KeygenSDK\KeygenSDK\build-vs\vcpkg_installed\vcpkg\blds\curl\src\url-8_21_0-3ffa9f46b7.clean\include
  OBJECT_DIR = docs\examples\CMakeFiles\curl-example-http3.dir
  OBJECT_FILE_DIR = docs\examples\CMakeFiles\curl-example-http3.dir
  TARGET_COMPILE_PDB = docs\examples\CMakeFiles\curl-example-http3.dir\
  TARGET_PDB = docs\examples\http3.pdb
  TARGET_SUPPORT_DIR = docs\examples\CMakeFiles\curl-example-http3.dir


# =============================================================================
# Link build statements for EXECUTABLE target curl-example-http3


#############################################
# Link the executable docs\examples\http3.exe

build docs\examples\http3.exe: C_EXECUTABLE_LINKER__curl-example-http3_Debug docs\examples\CMakeFiles\curl-example-http3.dir\http3.c.obj | lib\libcurl-d.lib || lib\libcurl-d.dll
  CONFIG = Debug
  FLAGS = /nologo /DWIN32 /D_WINDOWS /utf-8 /MP  /MDd /Z7 /Ob0 /Od /RTC1  -MDd
  LINK_FLAGS = /machine:x64 /nologo    /debug /INCREMENTAL /subsystem:console
  LINK_LIBRARIES = lib\libcurl-d.lib  ws2_32.lib  iphlpapi.lib  kernel32.lib user32.lib gdi32.lib winspool.lib shell32.lib ole32.lib oleaut32.lib uuid.lib comdlg32.lib advapi32.lib
  OBJECT_DIR = docs\examples\CMakeFiles\curl-example-http3.dir
  POST_BUILD = cd .
  PRE_LINK = cd .
  TARGET_COMPILE_PDB = docs\examples\CMakeFiles\curl-example-http3.dir\
  TARGET_FILE = docs\examples\http3.exe
  TARGET_IMPLIB = docs\examples\http3.lib
  TARGET_PDB = docs\examples\http3.pdb
  TARGET_SUPPORT_DIR = docs\examples\CMakeFiles\curl-example-http3.dir

# =============================================================================
# Object build statements for EXECUTABLE target curl-example-http3-present


#############################################
# Order-only phony target for curl-example-http3-present

build cmake_object_order_depends_target_curl-example-http3-present: phony || cmake_object_order_depends_target_libcurl_shared

build docs\examples\CMakeFiles\curl-example-http3-present.dir\http3-present.c.obj: C_COMPILER__curl-example-http3-present_unscanned_Debug C$:\Users\19697\Documents\KeygenSDK\KeygenSDK\build-vs\vcpkg_installed\vcpkg\blds\curl\src\url-8_21_0-3ffa9f46b7.clean\docs\examples\http3-present.c || cmake_object_order_depends_target_curl-example-http3-present
  CONFIG = Debug
  DEFINES = -DCURL_NO_OLDIES -DHAVE_CONFIG_H -DUNICODE -DWIN32_LEAN_AND_MEAN -D_UNICODE
  FLAGS = /nologo /DWIN32 /D_WINDOWS /utf-8 /MP  /MDd /Z7 /Ob0 /Od /RTC1  -MDd -W4 -Wall -wd4061 -wd4191 -wd4255 -wd4464 -wd4548 -wd4574 -wd4668 -wd4710 -wd4711 -wd4746 -wd4820 -wd5045 -MP
  INCLUDES = -IC:\Users\19697\Documents\KeygenSDK\KeygenSDK\build-vs\vcpkg_installed\vcpkg\blds\curl\src\url-8_21_0-3ffa9f46b7.clean\include
  OBJECT_DIR = docs\examples\CMakeFiles\curl-example-http3-present.dir
  OBJECT_FILE_DIR = docs\examples\CMakeFiles\curl-example-http3-present.dir
  TARGET_COMPILE_PDB = docs\examples\CMakeFiles\curl-example-http3-present.dir\
  TARGET_PDB = docs\examples\http3-present.pdb
  TARGET_SUPPORT_DIR = docs\examples\CMakeFiles\curl-example-http3-present.dir


# =============================================================================
# Link build statements for EXECUTABLE target curl-example-http3-present


#############################################
# Link the executable docs\examples\http3-present.exe

build docs\examples\http3-present.exe: C_EXECUTABLE_LINKER__curl-example-http3-present_Debug docs\examples\CMakeFiles\curl-example-http3-present.dir\http3-present.c.obj | lib\libcurl-d.lib || lib\libcurl-d.dll
  CONFIG = Debug
  FLAGS = /nologo /DWIN32 /D_WINDOWS /utf-8 /MP  /MDd /Z7 /Ob0 /Od /RTC1  -MDd
  LINK_FLAGS = /machine:x64 /nologo    /debug /INCREMENTAL /subsystem:console
  LINK_LIBRARIES = lib\libcurl-d.lib  ws2_32.lib  iphlpapi.lib  kernel32.lib user32.lib gdi32.lib winspool.lib shell32.lib ole32.lib oleaut32.lib uuid.lib comdlg32.lib advapi32.lib
  OBJECT_DIR = docs\examples\CMakeFiles\curl-example-http3-present.dir
  POST_BUILD = cd .
  PRE_LINK = cd .
  TARGET_COMPILE_PDB = docs\examples\CMakeFiles\curl-example-http3-present.dir\
  TARGET_FILE = docs\examples\http3-present.exe
  TARGET_IMPLIB = docs\examples\http3-present.lib
  TARGET_PDB = docs\examples\http3-present.pdb
  TARGET_SUPPORT_DIR = docs\examples\CMakeFiles\curl-example-http3-present.dir

# =============================================================================
# Object build statements for EXECUTABLE target curl-example-httpcustomheader


#############################################
# Order-only phony target for curl-example-httpcustomheader

build cmake_object_order_depends_target_curl-example-httpcustomheader: phony || cmake_object_order_depends_target_libcurl_shared

build docs\examples\CMakeFiles\curl-example-httpcustomheader.dir\httpcustomheader.c.obj: C_COMPILER__curl-example-httpcustomheader_unscanned_Debug C$:\Users\19697\Documents\KeygenSDK\KeygenSDK\build-vs\vcpkg_installed\vcpkg\blds\curl\src\url-8_21_0-3ffa9f46b7.clean\docs\examples\httpcustomheader.c || cmake_object_order_depends_target_curl-example-httpcustomheader
  CONFIG = Debug
  DEFINES = -DCURL_NO_OLDIES -DHAVE_CONFIG_H -DUNICODE -DWIN32_LEAN_AND_MEAN -D_UNICODE
  FLAGS = /nologo /DWIN32 /D_WINDOWS /utf-8 /MP  /MDd /Z7 /Ob0 /Od /RTC1  -MDd -W4 -Wall -wd4061 -wd4191 -wd4255 -wd4464 -wd4548 -wd4574 -wd4668 -wd4710 -wd4711 -wd4746 -wd4820 -wd5045 -MP
  INCLUDES = -IC:\Users\19697\Documents\KeygenSDK\KeygenSDK\build-vs\vcpkg_installed\vcpkg\blds\curl\src\url-8_21_0-3ffa9f46b7.clean\include
  OBJECT_DIR = docs\examples\CMakeFiles\curl-example-httpcustomheader.dir
  OBJECT_FILE_DIR = docs\examples\CMakeFiles\curl-example-httpcustomheader.dir
  TARGET_COMPILE_PDB = docs\examples\CMakeFiles\curl-example-httpcustomheader.dir\
  TARGET_PDB = docs\examples\httpcustomheader.pdb
  TARGET_SUPPORT_DIR = docs\examples\CMakeFiles\curl-example-httpcustomheader.dir


# =============================================================================
# Link build statements for EXECUTABLE target curl-example-httpcustomheader


#############################################
# Link the executable docs\examples\httpcustomheader.exe

build docs\examples\httpcustomheader.exe: C_EXECUTABLE_LINKER__curl-example-httpcustomheader_Debug docs\examples\CMakeFiles\curl-example-httpcustomheader.dir\httpcustomheader.c.obj | lib\libcurl-d.lib || lib\libcurl-d.dll
  CONFIG = Debug
  FLAGS = /nologo /DWIN32 /D_WINDOWS /utf-8 /MP  /MDd /Z7 /Ob0 /Od /RTC1  -MDd
  LINK_FLAGS = /machine:x64 /nologo    /debug /INCREMENTAL /subsystem:console
  LINK_LIBRARIES = lib\libcurl-d.lib  ws2_32.lib  iphlpapi.lib  kernel32.lib user32.lib gdi32.lib winspool.lib shell32.lib ole32.lib oleaut32.lib uuid.lib comdlg32.lib advapi32.lib
  OBJECT_DIR = docs\examples\CMakeFiles\curl-example-httpcustomheader.dir
  POST_BUILD = cd .
  PRE_LINK = cd .
  TARGET_COMPILE_PDB = docs\examples\CMakeFiles\curl-example-httpcustomheader.dir\
  TARGET_FILE = docs\examples\httpcustomheader.exe
  TARGET_IMPLIB = docs\examples\httpcustomheader.lib
  TARGET_PDB = docs\examples\httpcustomheader.pdb
  TARGET_SUPPORT_DIR = docs\examples\CMakeFiles\curl-example-httpcustomheader.dir

# =============================================================================
# Object build statements for EXECUTABLE target curl-example-httpput


#############################################
# Order-only phony target for curl-example-httpput

build cmake_object_order_depends_target_curl-example-httpput: phony || cmake_object_order_depends_target_libcurl_shared

build docs\examples\CMakeFiles\curl-example-httpput.dir\httpput.c.obj: C_COMPILER__curl-example-httpput_unscanned_Debug C$:\Users\19697\Documents\KeygenSDK\KeygenSDK\build-vs\vcpkg_installed\vcpkg\blds\curl\src\url-8_21_0-3ffa9f46b7.clean\docs\examples\httpput.c || cmake_object_order_depends_target_curl-example-httpput
  CONFIG = Debug
  DEFINES = -DCURL_NO_OLDIES -DHAVE_CONFIG_H -DUNICODE -DWIN32_LEAN_AND_MEAN -D_UNICODE
  FLAGS = /nologo /DWIN32 /D_WINDOWS /utf-8 /MP  /MDd /Z7 /Ob0 /Od /RTC1  -MDd -W4 -Wall -wd4061 -wd4191 -wd4255 -wd4464 -wd4548 -wd4574 -wd4668 -wd4710 -wd4711 -wd4746 -wd4820 -wd5045 -MP
  INCLUDES = -IC:\Users\19697\Documents\KeygenSDK\KeygenSDK\build-vs\vcpkg_installed\vcpkg\blds\curl\src\url-8_21_0-3ffa9f46b7.clean\include
  OBJECT_DIR = docs\examples\CMakeFiles\curl-example-httpput.dir
  OBJECT_FILE_DIR = docs\examples\CMakeFiles\curl-example-httpput.dir
  TARGET_COMPILE_PDB = docs\examples\CMakeFiles\curl-example-httpput.dir\
  TARGET_PDB = docs\examples\httpput.pdb
  TARGET_SUPPORT_DIR = docs\examples\CMakeFiles\curl-example-httpput.dir


# =============================================================================
# Link build statements for EXECUTABLE target curl-example-httpput


#############################################
# Link the executable docs\examples\httpput.exe

build docs\examples\httpput.exe: C_EXECUTABLE_LINKER__curl-example-httpput_Debug docs\examples\CMakeFiles\curl-example-httpput.dir\httpput.c.obj | lib\libcurl-d.lib || lib\libcurl-d.dll
  CONFIG = Debug
  FLAGS = /nologo /DWIN32 /D_WINDOWS /utf-8 /MP  /MDd /Z7 /Ob0 /Od /RTC1  -MDd
  LINK_FLAGS = /machine:x64 /nologo    /debug /INCREMENTAL /subsystem:console
  LINK_LIBRARIES = lib\libcurl-d.lib  ws2_32.lib  iphlpapi.lib  kernel32.lib user32.lib gdi32.lib winspool.lib shell32.lib ole32.lib oleaut32.lib uuid.lib comdlg32.lib advapi32.lib
  OBJECT_DIR = docs\examples\CMakeFiles\curl-example-httpput.dir
  POST_BUILD = cd .
  PRE_LINK = cd .
  TARGET_COMPILE_PDB = docs\examples\CMakeFiles\curl-example-httpput.dir\
  TARGET_FILE = docs\examples\httpput.exe
  TARGET_IMPLIB = docs\examples\httpput.lib
  TARGET_PDB = docs\examples\httpput.pdb
  TARGET_SUPPORT_DIR = docs\examples\CMakeFiles\curl-example-httpput.dir

# =============================================================================
# Object build statements for EXECUTABLE target curl-example-httpput-postfields


#############################################
# Order-only phony target for curl-example-httpput-postfields

build cmake_object_order_depends_target_curl-example-httpput-postfields: phony || cmake_object_order_depends_target_libcurl_shared

build docs\examples\CMakeFiles\curl-example-httpput-postfields.dir\httpput-postfields.c.obj: C_COMPILER__curl-example-httpput-postfields_unscanned_Debug C$:\Users\19697\Documents\KeygenSDK\KeygenSDK\build-vs\vcpkg_installed\vcpkg\blds\curl\src\url-8_21_0-3ffa9f46b7.clean\docs\examples\httpput-postfields.c || cmake_object_order_depends_target_curl-example-httpput-postfields
  CONFIG = Debug
  DEFINES = -DCURL_NO_OLDIES -DHAVE_CONFIG_H -DUNICODE -DWIN32_LEAN_AND_MEAN -D_UNICODE
  FLAGS = /nologo /DWIN32 /D_WINDOWS /utf-8 /MP  /MDd /Z7 /Ob0 /Od /RTC1  -MDd -W4 -Wall -wd4061 -wd4191 -wd4255 -wd4464 -wd4548 -wd4574 -wd4668 -wd4710 -wd4711 -wd4746 -wd4820 -wd5045 -MP
  INCLUDES = -IC:\Users\19697\Documents\KeygenSDK\KeygenSDK\build-vs\vcpkg_installed\vcpkg\blds\curl\src\url-8_21_0-3ffa9f46b7.clean\include
  OBJECT_DIR = docs\examples\CMakeFiles\curl-example-httpput-postfields.dir
  OBJECT_FILE_DIR = docs\examples\CMakeFiles\curl-example-httpput-postfields.dir
  TARGET_COMPILE_PDB = docs\examples\CMakeFiles\curl-example-httpput-postfields.dir\
  TARGET_PDB = docs\examples\httpput-postfields.pdb
  TARGET_SUPPORT_DIR = docs\examples\CMakeFiles\curl-example-httpput-postfields.dir


# =============================================================================
# Link build statements for EXECUTABLE target curl-example-httpput-postfields


#############################################
# Link the executable docs\examples\httpput-postfields.exe

build docs\examples\httpput-postfields.exe: C_EXECUTABLE_LINKER__curl-example-httpput-postfields_Debug docs\examples\CMakeFiles\curl-example-httpput-postfields.dir\httpput-postfields.c.obj | lib\libcurl-d.lib || lib\libcurl-d.dll
  CONFIG = Debug
  FLAGS = /nologo /DWIN32 /D_WINDOWS /utf-8 /MP  /MDd /Z7 /Ob0 /Od /RTC1  -MDd
  LINK_FLAGS = /machine:x64 /nologo    /debug /INCREMENTAL /subsystem:console
  LINK_LIBRARIES = lib\libcurl-d.lib  ws2_32.lib  iphlpapi.lib  kernel32.lib user32.lib gdi32.lib winspool.lib shell32.lib ole32.lib oleaut32.lib uuid.lib comdlg32.lib advapi32.lib
  OBJECT_DIR = docs\examples\CMakeFiles\curl-example-httpput-postfields.dir
  POST_BUILD = cd .
  PRE_LINK = cd .
  TARGET_COMPILE_PDB = docs\examples\CMakeFiles\curl-example-httpput-postfields.dir\
  TARGET_FILE = docs\examples\httpput-postfields.exe
  TARGET_IMPLIB = docs\examples\httpput-postfields.lib
  TARGET_PDB = docs\examples\httpput-postfields.pdb
  TARGET_SUPPORT_DIR = docs\examples\CMakeFiles\curl-example-httpput-postfields.dir

# =============================================================================
# Object build statements for EXECUTABLE target curl-example-https


#############################################
# Order-only phony target for curl-example-https

build cmake_object_order_depends_target_curl-example-https: phony || cmake_object_order_depends_target_libcurl_shared

build docs\examples\CMakeFiles\curl-example-https.dir\https.c.obj: C_COMPILER__curl-example-https_unscanned_Debug C$:\Users\19697\Documents\KeygenSDK\KeygenSDK\build-vs\vcpkg_installed\vcpkg\blds\curl\src\url-8_21_0-3ffa9f46b7.clean\docs\examples\https.c || cmake_object_order_depends_target_curl-example-https
  CONFIG = Debug
  DEFINES = -DCURL_NO_OLDIES -DHAVE_CONFIG_H -DUNICODE -DWIN32_LEAN_AND_MEAN -D_UNICODE
  FLAGS = /nologo /DWIN32 /D_WINDOWS /utf-8 /MP  /MDd /Z7 /Ob0 /Od /RTC1  -MDd -W4 -Wall -wd4061 -wd4191 -wd4255 -wd4464 -wd4548 -wd4574 -wd4668 -wd4710 -wd4711 -wd4746 -wd4820 -wd5045 -MP
  INCLUDES = -IC:\Users\19697\Documents\KeygenSDK\KeygenSDK\build-vs\vcpkg_installed\vcpkg\blds\curl\src\url-8_21_0-3ffa9f46b7.clean\include
  OBJECT_DIR = docs\examples\CMakeFiles\curl-example-https.dir
  OBJECT_FILE_DIR = docs\examples\CMakeFiles\curl-example-https.dir
  TARGET_COMPILE_PDB = docs\examples\CMakeFiles\curl-example-https.dir\
  TARGET_PDB = docs\examples\https.pdb
  TARGET_SUPPORT_DIR = docs\examples\CMakeFiles\curl-example-https.dir


# =============================================================================
# Link build statements for EXECUTABLE target curl-example-https


#############################################
# Link the executable docs\examples\https.exe

build docs\examples\https.exe: C_EXECUTABLE_LINKER__curl-example-https_Debug docs\examples\CMakeFiles\curl-example-https.dir\https.c.obj | lib\libcurl-d.lib || lib\libcurl-d.dll
  CONFIG = Debug
  FLAGS = /nologo /DWIN32 /D_WINDOWS /utf-8 /MP  /MDd /Z7 /Ob0 /Od /RTC1  -MDd
  LINK_FLAGS = /machine:x64 /nologo    /debug /INCREMENTAL /subsystem:console
  LINK_LIBRARIES = lib\libcurl-d.lib  ws2_32.lib  iphlpapi.lib  kernel32.lib user32.lib gdi32.lib winspool.lib shell32.lib ole32.lib oleaut32.lib uuid.lib comdlg32.lib advapi32.lib
  OBJECT_DIR = docs\examples\CMakeFiles\curl-example-https.dir
  POST_BUILD = cd .
  PRE_LINK = cd .
  TARGET_COMPILE_PDB = docs\examples\CMakeFiles\curl-example-https.dir\
  TARGET_FILE = docs\examples\https.exe
  TARGET_IMPLIB = docs\examples\https.lib
  TARGET_PDB = docs\examples\https.pdb
  TARGET_SUPPORT_DIR = docs\examples\CMakeFiles\curl-example-https.dir

# =============================================================================
# Object build statements for EXECUTABLE target curl-example-imap-append


#############################################
# Order-only phony target for curl-example-imap-append

build cmake_object_order_depends_target_curl-example-imap-append: phony || cmake_object_order_depends_target_libcurl_shared

build docs\examples\CMakeFiles\curl-example-imap-append.dir\imap-append.c.obj: C_COMPILER__curl-example-imap-append_unscanned_Debug C$:\Users\19697\Documents\KeygenSDK\KeygenSDK\build-vs\vcpkg_installed\vcpkg\blds\curl\src\url-8_21_0-3ffa9f46b7.clean\docs\examples\imap-append.c || cmake_object_order_depends_target_curl-example-imap-append
  CONFIG = Debug
  DEFINES = -DCURL_NO_OLDIES -DHAVE_CONFIG_H -DUNICODE -DWIN32_LEAN_AND_MEAN -D_UNICODE
  FLAGS = /nologo /DWIN32 /D_WINDOWS /utf-8 /MP  /MDd /Z7 /Ob0 /Od /RTC1  -MDd -W4 -Wall -wd4061 -wd4191 -wd4255 -wd4464 -wd4548 -wd4574 -wd4668 -wd4710 -wd4711 -wd4746 -wd4820 -wd5045 -MP
  INCLUDES = -IC:\Users\19697\Documents\KeygenSDK\KeygenSDK\build-vs\vcpkg_installed\vcpkg\blds\curl\src\url-8_21_0-3ffa9f46b7.clean\include
  OBJECT_DIR = docs\examples\CMakeFiles\curl-example-imap-append.dir
  OBJECT_FILE_DIR = docs\examples\CMakeFiles\curl-example-imap-append.dir
  TARGET_COMPILE_PDB = docs\examples\CMakeFiles\curl-example-imap-append.dir\
  TARGET_PDB = docs\examples\imap-append.pdb
  TARGET_SUPPORT_DIR = docs\examples\CMakeFiles\curl-example-imap-append.dir


# =============================================================================
# Link build statements for EXECUTABLE target curl-example-imap-append


#############################################
# Link the executable docs\examples\imap-append.exe

build docs\examples\imap-append.exe: C_EXECUTABLE_LINKER__curl-example-imap-append_Debug docs\examples\CMakeFiles\curl-example-imap-append.dir\imap-append.c.obj | lib\libcurl-d.lib || lib\libcurl-d.dll
  CONFIG = Debug
  FLAGS = /nologo /DWIN32 /D_WINDOWS /utf-8 /MP  /MDd /Z7 /Ob0 /Od /RTC1  -MDd
  LINK_FLAGS = /machine:x64 /nologo    /debug /INCREMENTAL /subsystem:console
  LINK_LIBRARIES = lib\libcurl-d.lib  ws2_32.lib  iphlpapi.lib  kernel32.lib user32.lib gdi32.lib winspool.lib shell32.lib ole32.lib oleaut32.lib uuid.lib comdlg32.lib advapi32.lib
  OBJECT_DIR = docs\examples\CMakeFiles\curl-example-imap-append.dir
  POST_BUILD = cd .
  PRE_LINK = cd .
  TARGET_COMPILE_PDB = docs\examples\CMakeFiles\curl-example-imap-append.dir\
  TARGET_FILE = docs\examples\imap-append.exe
  TARGET_IMPLIB = docs\examples\imap-append.lib
  TARGET_PDB = docs\examples\imap-append.pdb
  TARGET_SUPPORT_DIR = docs\examples\CMakeFiles\curl-example-imap-append.dir

# =============================================================================
# Object build statements for EXECUTABLE target curl-example-imap-authzid


#############################################
# Order-only phony target for curl-example-imap-authzid

build cmake_object_order_depends_target_curl-example-imap-authzid: phony || cmake_object_order_depends_target_libcurl_shared

build docs\examples\CMakeFiles\curl-example-imap-authzid.dir\imap-authzid.c.obj: C_COMPILER__curl-example-imap-authzid_unscanned_Debug C$:\Users\19697\Documents\KeygenSDK\KeygenSDK\build-vs\vcpkg_installed\vcpkg\blds\curl\src\url-8_21_0-3ffa9f46b7.clean\docs\examples\imap-authzid.c || cmake_object_order_depends_target_curl-example-imap-authzid
  CONFIG = Debug
  DEFINES = -DCURL_NO_OLDIES -DHAVE_CONFIG_H -DUNICODE -DWIN32_LEAN_AND_MEAN -D_UNICODE
  FLAGS = /nologo /DWIN32 /D_WINDOWS /utf-8 /MP  /MDd /Z7 /Ob0 /Od /RTC1  -MDd -W4 -Wall -wd4061 -wd4191 -wd4255 -wd4464 -wd4548 -wd4574 -wd4668 -wd4710 -wd4711 -wd4746 -wd4820 -wd5045 -MP
  INCLUDES = -IC:\Users\19697\Documents\KeygenSDK\KeygenSDK\build-vs\vcpkg_installed\vcpkg\blds\curl\src\url-8_21_0-3ffa9f46b7.clean\include
  OBJECT_DIR = docs\examples\CMakeFiles\curl-example-imap-authzid.dir
  OBJECT_FILE_DIR = docs\examples\CMakeFiles\curl-example-imap-authzid.dir
  TARGET_COMPILE_PDB = docs\examples\CMakeFiles\curl-example-imap-authzid.dir\
  TARGET_PDB = docs\examples\imap-authzid.pdb
  TARGET_SUPPORT_DIR = docs\examples\CMakeFiles\curl-example-imap-authzid.dir


# =============================================================================
# Link build statements for EXECUTABLE target curl-example-imap-authzid


#############################################
# Link the executable docs\examples\imap-authzid.exe

build docs\examples\imap-authzid.exe: C_EXECUTABLE_LINKER__curl-example-imap-authzid_Debug docs\examples\CMakeFiles\curl-example-imap-authzid.dir\imap-authzid.c.obj | lib\libcurl-d.lib || lib\libcurl-d.dll
  CONFIG = Debug
  FLAGS = /nologo /DWIN32 /D_WINDOWS /utf-8 /MP  /MDd /Z7 /Ob0 /Od /RTC1  -MDd
  LINK_FLAGS = /machine:x64 /nologo    /debug /INCREMENTAL /subsystem:console
  LINK_LIBRARIES = lib\libcurl-d.lib  ws2_32.lib  iphlpapi.lib  kernel32.lib user32.lib gdi32.lib winspool.lib shell32.lib ole32.lib oleaut32.lib uuid.lib comdlg32.lib advapi32.lib
  OBJECT_DIR = docs\examples\CMakeFiles\curl-example-imap-authzid.dir
  POST_BUILD = cd .
  PRE_LINK = cd .
  TARGET_COMPILE_PDB = docs\examples\CMakeFiles\curl-example-imap-authzid.dir\
  TARGET_FILE = docs\examples\imap-authzid.exe
  TARGET_IMPLIB = docs\examples\imap-authzid.lib
  TARGET_PDB = docs\examples\imap-authzid.pdb
  TARGET_SUPPORT_DIR = docs\examples\CMakeFiles\curl-example-imap-authzid.dir

# =============================================================================
# Object build statements for EXECUTABLE target curl-example-imap-copy


#############################################
# Order-only phony target for curl-example-imap-copy

build cmake_object_order_depends_target_curl-example-imap-copy: phony || cmake_object_order_depends_target_libcurl_shared

build docs\examples\CMakeFiles\curl-example-imap-copy.dir\imap-copy.c.obj: C_COMPILER__curl-example-imap-copy_unscanned_Debug C$:\Users\19697\Documents\KeygenSDK\KeygenSDK\build-vs\vcpkg_installed\vcpkg\blds\curl\src\url-8_21_0-3ffa9f46b7.clean\docs\examples\imap-copy.c || cmake_object_order_depends_target_curl-example-imap-copy
  CONFIG = Debug
  DEFINES = -DCURL_NO_OLDIES -DHAVE_CONFIG_H -DUNICODE -DWIN32_LEAN_AND_MEAN -D_UNICODE
  FLAGS = /nologo /DWIN32 /D_WINDOWS /utf-8 /MP  /MDd /Z7 /Ob0 /Od /RTC1  -MDd -W4 -Wall -wd4061 -wd4191 -wd4255 -wd4464 -wd4548 -wd4574 -wd4668 -wd4710 -wd4711 -wd4746 -wd4820 -wd5045 -MP
  INCLUDES = -IC:\Users\19697\Documents\KeygenSDK\KeygenSDK\build-vs\vcpkg_installed\vcpkg\blds\curl\src\url-8_21_0-3ffa9f46b7.clean\include
  OBJECT_DIR = docs\examples\CMakeFiles\curl-example-imap-copy.dir
  OBJECT_FILE_DIR = docs\examples\CMakeFiles\curl-example-imap-copy.dir
  TARGET_COMPILE_PDB = docs\examples\CMakeFiles\curl-example-imap-copy.dir\
  TARGET_PDB = docs\examples\imap-copy.pdb
  TARGET_SUPPORT_DIR = docs\examples\CMakeFiles\curl-example-imap-copy.dir


# =============================================================================
# Link build statements for EXECUTABLE target curl-example-imap-copy


#############################################
# Link the executable docs\examples\imap-copy.exe

build docs\examples\imap-copy.exe: C_EXECUTABLE_LINKER__curl-example-imap-copy_Debug docs\examples\CMakeFiles\curl-example-imap-copy.dir\imap-copy.c.obj | lib\libcurl-d.lib || lib\libcurl-d.dll
  CONFIG = Debug
  FLAGS = /nologo /DWIN32 /D_WINDOWS /utf-8 /MP  /MDd /Z7 /Ob0 /Od /RTC1  -MDd
  LINK_FLAGS = /machine:x64 /nologo    /debug /INCREMENTAL /subsystem:console
  LINK_LIBRARIES = lib\libcurl-d.lib  ws2_32.lib  iphlpapi.lib  kernel32.lib user32.lib gdi32.lib winspool.lib shell32.lib ole32.lib oleaut32.lib uuid.lib comdlg32.lib advapi32.lib
  OBJECT_DIR = docs\examples\CMakeFiles\curl-example-imap-copy.dir
  POST_BUILD = cd .
  PRE_LINK = cd .
  TARGET_COMPILE_PDB = docs\examples\CMakeFiles\curl-example-imap-copy.dir\
  TARGET_FILE = docs\examples\imap-copy.exe
  TARGET_IMPLIB = docs\examples\imap-copy.lib
  TARGET_PDB = docs\examples\imap-copy.pdb
  TARGET_SUPPORT_DIR = docs\examples\CMakeFiles\curl-example-imap-copy.dir

# =============================================================================
# Object build statements for EXECUTABLE target curl-example-imap-create


#############################################
# Order-only phony target for curl-example-imap-create

build cmake_object_order_depends_target_curl-example-imap-create: phony || cmake_object_order_depends_target_libcurl_shared

build docs\examples\CMakeFiles\curl-example-imap-create.dir\imap-create.c.obj: C_COMPILER__curl-example-imap-create_unscanned_Debug C$:\Users\19697\Documents\KeygenSDK\KeygenSDK\build-vs\vcpkg_installed\vcpkg\blds\curl\src\url-8_21_0-3ffa9f46b7.clean\docs\examples\imap-create.c || cmake_object_order_depends_target_curl-example-imap-create
  CONFIG = Debug
  DEFINES = -DCURL_NO_OLDIES -DHAVE_CONFIG_H -DUNICODE -DWIN32_LEAN_AND_MEAN -D_UNICODE
  FLAGS = /nologo /DWIN32 /D_WINDOWS /utf-8 /MP  /MDd /Z7 /Ob0 /Od /RTC1  -MDd -W4 -Wall -wd4061 -wd4191 -wd4255 -wd4464 -wd4548 -wd4574 -wd4668 -wd4710 -wd4711 -wd4746 -wd4820 -wd5045 -MP
  INCLUDES = -IC:\Users\19697\Documents\KeygenSDK\KeygenSDK\build-vs\vcpkg_installed\vcpkg\blds\curl\src\url-8_21_0-3ffa9f46b7.clean\include
  OBJECT_DIR = docs\examples\CMakeFiles\curl-example-imap-create.dir
  OBJECT_FILE_DIR = docs\examples\CMakeFiles\curl-example-imap-create.dir
  TARGET_COMPILE_PDB = docs\examples\CMakeFiles\curl-example-imap-create.dir\
  TARGET_PDB = docs\examples\imap-create.pdb
  TARGET_SUPPORT_DIR = docs\examples\CMakeFiles\curl-example-imap-create.dir


# =============================================================================
# Link build statements for EXECUTABLE target curl-example-imap-create


#############################################
# Link the executable docs\examples\imap-create.exe

build docs\examples\imap-create.exe: C_EXECUTABLE_LINKER__curl-example-imap-create_Debug docs\examples\CMakeFiles\curl-example-imap-create.dir\imap-create.c.obj | lib\libcurl-d.lib || lib\libcurl-d.dll
  CONFIG = Debug
  FLAGS = /nologo /DWIN32 /D_WINDOWS /utf-8 /MP  /MDd /Z7 /Ob0 /Od /RTC1  -MDd
  LINK_FLAGS = /machine:x64 /nologo    /debug /INCREMENTAL /subsystem:console
  LINK_LIBRARIES = lib\libcurl-d.lib  ws2_32.lib  iphlpapi.lib  kernel32.lib user32.lib gdi32.lib winspool.lib shell32.lib ole32.lib oleaut32.lib uuid.lib comdlg32.lib advapi32.lib
  OBJECT_DIR = docs\examples\CMakeFiles\curl-example-imap-create.dir
  POST_BUILD = cd .
  PRE_LINK = cd .
  TARGET_COMPILE_PDB = docs\examples\CMakeFiles\curl-example-imap-create.dir\
  TARGET_FILE = docs\examples\imap-create.exe
  TARGET_IMPLIB = docs\examples\imap-create.lib
  TARGET_PDB = docs\examples\imap-create.pdb
  TARGET_SUPPORT_DIR = docs\examples\CMakeFiles\curl-example-imap-create.dir

# =============================================================================
# Object build statements for EXECUTABLE target curl-example-imap-delete


#############################################
# Order-only phony target for curl-example-imap-delete

build cmake_object_order_depends_target_curl-example-imap-delete: phony || cmake_object_order_depends_target_libcurl_shared

build docs\examples\CMakeFiles\curl-example-imap-delete.dir\imap-delete.c.obj: C_COMPILER__curl-example-imap-delete_unscanned_Debug C$:\Users\19697\Documents\KeygenSDK\KeygenSDK\build-vs\vcpkg_installed\vcpkg\blds\curl\src\url-8_21_0-3ffa9f46b7.clean\docs\examples\imap-delete.c || cmake_object_order_depends_target_curl-example-imap-delete
  CONFIG = Debug
  DEFINES = -DCURL_NO_OLDIES -DHAVE_CONFIG_H -DUNICODE -DWIN32_LEAN_AND_MEAN -D_UNICODE
  FLAGS = /nologo /DWIN32 /D_WINDOWS /utf-8 /MP  /MDd /Z7 /Ob0 /Od /RTC1  -MDd -W4 -Wall -wd4061 -wd4191 -wd4255 -wd4464 -wd4548 -wd4574 -wd4668 -wd4710 -wd4711 -wd4746 -wd4820 -wd5045 -MP
  INCLUDES = -IC:\Users\19697\Documents\KeygenSDK\KeygenSDK\build-vs\vcpkg_installed\vcpkg\blds\curl\src\url-8_21_0-3ffa9f46b7.clean\include
  OBJECT_DIR = docs\examples\CMakeFiles\curl-example-imap-delete.dir
  OBJECT_FILE_DIR = docs\examples\CMakeFiles\curl-example-imap-delete.dir
  TARGET_COMPILE_PDB = docs\examples\CMakeFiles\curl-example-imap-delete.dir\
  TARGET_PDB = docs\examples\imap-delete.pdb
  TARGET_SUPPORT_DIR = docs\examples\CMakeFiles\curl-example-imap-delete.dir


# =============================================================================
# Link build statements for EXECUTABLE target curl-example-imap-delete


#############################################
# Link the executable docs\examples\imap-delete.exe

build docs\examples\imap-delete.exe: C_EXECUTABLE_LINKER__curl-example-imap-delete_Debug docs\examples\CMakeFiles\curl-example-imap-delete.dir\imap-delete.c.obj | lib\libcurl-d.lib || lib\libcurl-d.dll
  CONFIG = Debug
  FLAGS = /nologo /DWIN32 /D_WINDOWS /utf-8 /MP  /MDd /Z7 /Ob0 /Od /RTC1  -MDd
  LINK_FLAGS = /machine:x64 /nologo    /debug /INCREMENTAL /subsystem:console
  LINK_LIBRARIES = lib\libcurl-d.lib  ws2_32.lib  iphlpapi.lib  kernel32.lib user32.lib gdi32.lib winspool.lib shell32.lib ole32.lib oleaut32.lib uuid.lib comdlg32.lib advapi32.lib
  OBJECT_DIR = docs\examples\CMakeFiles\curl-example-imap-delete.dir
  POST_BUILD = cd .
  PRE_LINK = cd .
  TARGET_COMPILE_PDB = docs\examples\CMakeFiles\curl-example-imap-delete.dir\
  TARGET_FILE = docs\examples\imap-delete.exe
  TARGET_IMPLIB = docs\examples\imap-delete.lib
  TARGET_PDB = docs\examples\imap-delete.pdb
  TARGET_SUPPORT_DIR = docs\examples\CMakeFiles\curl-example-imap-delete.dir

# =============================================================================
# Object build statements for EXECUTABLE target curl-example-imap-examine


#############################################
# Order-only phony target for curl-example-imap-examine

build cmake_object_order_depends_target_curl-example-imap-examine: phony || cmake_object_order_depends_target_libcurl_shared

build docs\examples\CMakeFiles\curl-example-imap-examine.dir\imap-examine.c.obj: C_COMPILER__curl-example-imap-examine_unscanned_Debug C$:\Users\19697\Documents\KeygenSDK\KeygenSDK\build-vs\vcpkg_installed\vcpkg\blds\curl\src\url-8_21_0-3ffa9f46b7.clean\docs\examples\imap-examine.c || cmake_object_order_depends_target_curl-example-imap-examine
  CONFIG = Debug
  DEFINES = -DCURL_NO_OLDIES -DHAVE_CONFIG_H -DUNICODE -DWIN32_LEAN_AND_MEAN -D_UNICODE
  FLAGS = /nologo /DWIN32 /D_WINDOWS /utf-8 /MP  /MDd /Z7 /Ob0 /Od /RTC1  -MDd -W4 -Wall -wd4061 -wd4191 -wd4255 -wd4464 -wd4548 -wd4574 -wd4668 -wd4710 -wd4711 -wd4746 -wd4820 -wd5045 -MP
  INCLUDES = -IC:\Users\19697\Documents\KeygenSDK\KeygenSDK\build-vs\vcpkg_installed\vcpkg\blds\curl\src\url-8_21_0-3ffa9f46b7.clean\include
  OBJECT_DIR = docs\examples\CMakeFiles\curl-example-imap-examine.dir
  OBJECT_FILE_DIR = docs\examples\CMakeFiles\curl-example-imap-examine.dir
  TARGET_COMPILE_PDB = docs\examples\CMakeFiles\curl-example-imap-examine.dir\
  TARGET_PDB = docs\examples\imap-examine.pdb
  TARGET_SUPPORT_DIR = docs\examples\CMakeFiles\curl-example-imap-examine.dir


# =============================================================================
# Link build statements for EXECUTABLE target curl-example-imap-examine


#############################################
# Link the executable docs\examples\imap-examine.exe

build docs\examples\imap-examine.exe: C_EXECUTABLE_LINKER__curl-example-imap-examine_Debug docs\examples\CMakeFiles\curl-example-imap-examine.dir\imap-examine.c.obj | lib\libcurl-d.lib || lib\libcurl-d.dll
  CONFIG = Debug
  FLAGS = /nologo /DWIN32 /D_WINDOWS /utf-8 /MP  /MDd /Z7 /Ob0 /Od /RTC1  -MDd
  LINK_FLAGS = /machine:x64 /nologo    /debug /INCREMENTAL /subsystem:console
  LINK_LIBRARIES = lib\libcurl-d.lib  ws2_32.lib  iphlpapi.lib  kernel32.lib user32.lib gdi32.lib winspool.lib shell32.lib ole32.lib oleaut32.lib uuid.lib comdlg32.lib advapi32.lib
  OBJECT_DIR = docs\examples\CMakeFiles\curl-example-imap-examine.dir
  POST_BUILD = cd .
  PRE_LINK = cd .
  TARGET_COMPILE_PDB = docs\examples\CMakeFiles\curl-example-imap-examine.dir\
  TARGET_FILE = docs\examples\imap-examine.exe
  TARGET_IMPLIB = docs\examples\imap-examine.lib
  TARGET_PDB = docs\examples\imap-examine.pdb
  TARGET_SUPPORT_DIR = docs\examples\CMakeFiles\curl-example-imap-examine.dir

# =============================================================================
# Object build statements for EXECUTABLE target curl-example-imap-fetch


#############################################
# Order-only phony target for curl-example-imap-fetch

build cmake_object_order_depends_target_curl-example-imap-fetch: phony || cmake_object_order_depends_target_libcurl_shared

build docs\examples\CMakeFiles\curl-example-imap-fetch.dir\imap-fetch.c.obj: C_COMPILER__curl-example-imap-fetch_unscanned_Debug C$:\Users\19697\Documents\KeygenSDK\KeygenSDK\build-vs\vcpkg_installed\vcpkg\blds\curl\src\url-8_21_0-3ffa9f46b7.clean\docs\examples\imap-fetch.c || cmake_object_order_depends_target_curl-example-imap-fetch
  CONFIG = Debug
  DEFINES = -DCURL_NO_OLDIES -DHAVE_CONFIG_H -DUNICODE -DWIN32_LEAN_AND_MEAN -D_UNICODE
  FLAGS = /nologo /DWIN32 /D_WINDOWS /utf-8 /MP  /MDd /Z7 /Ob0 /Od /RTC1  -MDd -W4 -Wall -wd4061 -wd4191 -wd4255 -wd4464 -wd4548 -wd4574 -wd4668 -wd4710 -wd4711 -wd4746 -wd4820 -wd5045 -MP
  INCLUDES = -IC:\Users\19697\Documents\KeygenSDK\KeygenSDK\build-vs\vcpkg_installed\vcpkg\blds\curl\src\url-8_21_0-3ffa9f46b7.clean\include
  OBJECT_DIR = docs\examples\CMakeFiles\curl-example-imap-fetch.dir
  OBJECT_FILE_DIR = docs\examples\CMakeFiles\curl-example-imap-fetch.dir
  TARGET_COMPILE_PDB = docs\examples\CMakeFiles\curl-example-imap-fetch.dir\
  TARGET_PDB = docs\examples\imap-fetch.pdb
  TARGET_SUPPORT_DIR = docs\examples\CMakeFiles\curl-example-imap-fetch.dir


# =============================================================================
# Link build statements for EXECUTABLE target curl-example-imap-fetch


#############################################
# Link the executable docs\examples\imap-fetch.exe

build docs\examples\imap-fetch.exe: C_EXECUTABLE_LINKER__curl-example-imap-fetch_Debug docs\examples\CMakeFiles\curl-example-imap-fetch.dir\imap-fetch.c.obj | lib\libcurl-d.lib || lib\libcurl-d.dll
  CONFIG = Debug
  FLAGS = /nologo /DWIN32 /D_WINDOWS /utf-8 /MP  /MDd /Z7 /Ob0 /Od /RTC1  -MDd
  LINK_FLAGS = /machine:x64 /nologo    /debug /INCREMENTAL /subsystem:console
  LINK_LIBRARIES = lib\libcurl-d.lib  ws2_32.lib  iphlpapi.lib  kernel32.lib user32.lib gdi32.lib winspool.lib shell32.lib ole32.lib oleaut32.lib uuid.lib comdlg32.lib advapi32.lib
  OBJECT_DIR = docs\examples\CMakeFiles\curl-example-imap-fetch.dir
  POST_BUILD = cd .
  PRE_LINK = cd .
  TARGET_COMPILE_PDB = docs\examples\CMakeFiles\curl-example-imap-fetch.dir\
  TARGET_FILE = docs\examples\imap-fetch.exe
  TARGET_IMPLIB = docs\examples\imap-fetch.lib
  TARGET_PDB = docs\examples\imap-fetch.pdb
  TARGET_SUPPORT_DIR = docs\examples\CMakeFiles\curl-example-imap-fetch.dir

# =============================================================================
# Object build statements for EXECUTABLE target curl-example-imap-list


#############################################
# Order-only phony target for curl-example-imap-list

build cmake_object_order_depends_target_curl-example-imap-list: phony || cmake_object_order_depends_target_libcurl_shared

build docs\examples\CMakeFiles\curl-example-imap-list.dir\imap-list.c.obj: C_COMPILER__curl-example-imap-list_unscanned_Debug C$:\Users\19697\Documents\KeygenSDK\KeygenSDK\build-vs\vcpkg_installed\vcpkg\blds\curl\src\url-8_21_0-3ffa9f46b7.clean\docs\examples\imap-list.c || cmake_object_order_depends_target_curl-example-imap-list
  CONFIG = Debug
  DEFINES = -DCURL_NO_OLDIES -DHAVE_CONFIG_H -DUNICODE -DWIN32_LEAN_AND_MEAN -D_UNICODE
  FLAGS = /nologo /DWIN32 /D_WINDOWS /utf-8 /MP  /MDd /Z7 /Ob0 /Od /RTC1  -MDd -W4 -Wall -wd4061 -wd4191 -wd4255 -wd4464 -wd4548 -wd4574 -wd4668 -wd4710 -wd4711 -wd4746 -wd4820 -wd5045 -MP
  INCLUDES = -IC:\Users\19697\Documents\KeygenSDK\KeygenSDK\build-vs\vcpkg_installed\vcpkg\blds\curl\src\url-8_21_0-3ffa9f46b7.clean\include
  OBJECT_DIR = docs\examples\CMakeFiles\curl-example-imap-list.dir
  OBJECT_FILE_DIR = docs\examples\CMakeFiles\curl-example-imap-list.dir
  TARGET_COMPILE_PDB = docs\examples\CMakeFiles\curl-example-imap-list.dir\
  TARGET_PDB = docs\examples\imap-list.pdb
  TARGET_SUPPORT_DIR = docs\examples\CMakeFiles\curl-example-imap-list.dir


# =============================================================================
# Link build statements for EXECUTABLE target curl-example-imap-list


#############################################
# Link the executable docs\examples\imap-list.exe

build docs\examples\imap-list.exe: C_EXECUTABLE_LINKER__curl-example-imap-list_Debug docs\examples\CMakeFiles\curl-example-imap-list.dir\imap-list.c.obj | lib\libcurl-d.lib || lib\libcurl-d.dll
  CONFIG = Debug
  FLAGS = /nologo /DWIN32 /D_WINDOWS /utf-8 /MP  /MDd /Z7 /Ob0 /Od /RTC1  -MDd
  LINK_FLAGS = /machine:x64 /nologo    /debug /INCREMENTAL /subsystem:console
  LINK_LIBRARIES = lib\libcurl-d.lib  ws2_32.lib  iphlpapi.lib  kernel32.lib user32.lib gdi32.lib winspool.lib shell32.lib ole32.lib oleaut32.lib uuid.lib comdlg32.lib advapi32.lib
  OBJECT_DIR = docs\examples\CMakeFiles\curl-example-imap-list.dir
  POST_BUILD = cd .
  PRE_LINK = cd .
  TARGET_COMPILE_PDB = docs\examples\CMakeFiles\curl-example-imap-list.dir\
  TARGET_FILE = docs\examples\imap-list.exe
  TARGET_IMPLIB = docs\examples\imap-list.lib
  TARGET_PDB = docs\examples\imap-list.pdb
  TARGET_SUPPORT_DIR = docs\examples\CMakeFiles\curl-example-imap-list.dir

# =============================================================================
# Object build statements for EXECUTABLE target curl-example-imap-lsub


#############################################
# Order-only phony target for curl-example-imap-lsub

build cmake_object_order_depends_target_curl-example-imap-lsub: phony || cmake_object_order_depends_target_libcurl_shared

build docs\examples\CMakeFiles\curl-example-imap-lsub.dir\imap-lsub.c.obj: C_COMPILER__curl-example-imap-lsub_unscanned_Debug C$:\Users\19697\Documents\KeygenSDK\KeygenSDK\build-vs\vcpkg_installed\vcpkg\blds\curl\src\url-8_21_0-3ffa9f46b7.clean\docs\examples\imap-lsub.c || cmake_object_order_depends_target_curl-example-imap-lsub
  CONFIG = Debug
  DEFINES = -DCURL_NO_OLDIES -DHAVE_CONFIG_H -DUNICODE -DWIN32_LEAN_AND_MEAN -D_UNICODE
  FLAGS = /nologo /DWIN32 /D_WINDOWS /utf-8 /MP  /MDd /Z7 /Ob0 /Od /RTC1  -MDd -W4 -Wall -wd4061 -wd4191 -wd4255 -wd4464 -wd4548 -wd4574 -wd4668 -wd4710 -wd4711 -wd4746 -wd4820 -wd5045 -MP
  INCLUDES = -IC:\Users\19697\Documents\KeygenSDK\KeygenSDK\build-vs\vcpkg_installed\vcpkg\blds\curl\src\url-8_21_0-3ffa9f46b7.clean\include
  OBJECT_DIR = docs\examples\CMakeFiles\curl-example-imap-lsub.dir
  OBJECT_FILE_DIR = docs\examples\CMakeFiles\curl-example-imap-lsub.dir
  TARGET_COMPILE_PDB = docs\examples\CMakeFiles\curl-example-imap-lsub.dir\
  TARGET_PDB = docs\examples\imap-lsub.pdb
  TARGET_SUPPORT_DIR = docs\examples\CMakeFiles\curl-example-imap-lsub.dir


# =============================================================================
# Link build statements for EXECUTABLE target curl-example-imap-lsub


#############################################
# Link the executable docs\examples\imap-lsub.exe

build docs\examples\imap-lsub.exe: C_EXECUTABLE_LINKER__curl-example-imap-lsub_Debug docs\examples\CMakeFiles\curl-example-imap-lsub.dir\imap-lsub.c.obj | lib\libcurl-d.lib || lib\libcurl-d.dll
  CONFIG = Debug
  FLAGS = /nologo /DWIN32 /D_WINDOWS /utf-8 /MP  /MDd /Z7 /Ob0 /Od /RTC1  -MDd
  LINK_FLAGS = /machine:x64 /nologo    /debug /INCREMENTAL /subsystem:console
  LINK_LIBRARIES = lib\libcurl-d.lib  ws2_32.lib  iphlpapi.lib  kernel32.lib user32.lib gdi32.lib winspool.lib shell32.lib ole32.lib oleaut32.lib uuid.lib comdlg32.lib advapi32.lib
  OBJECT_DIR = docs\examples\CMakeFiles\curl-example-imap-lsub.dir
  POST_BUILD = cd .
  PRE_LINK = cd .
  TARGET_COMPILE_PDB = docs\examples\CMakeFiles\curl-example-imap-lsub.dir\
  TARGET_FILE = docs\examples\imap-lsub.exe
  TARGET_IMPLIB = docs\examples\imap-lsub.lib
  TARGET_PDB = docs\examples\imap-lsub.pdb
  TARGET_SUPPORT_DIR = docs\examples\CMakeFiles\curl-example-imap-lsub.dir

# =============================================================================
# Object build statements for EXECUTABLE target curl-example-imap-multi


#############################################
# Order-only phony target for curl-example-imap-multi

build cmake_object_order_depends_target_curl-example-imap-multi: phony || cmake_object_order_depends_target_libcurl_shared

build docs\examples\CMakeFiles\curl-example-imap-multi.dir\imap-multi.c.obj: C_COMPILER__curl-example-imap-multi_unscanned_Debug C$:\Users\19697\Documents\KeygenSDK\KeygenSDK\build-vs\vcpkg_installed\vcpkg\blds\curl\src\url-8_21_0-3ffa9f46b7.clean\docs\examples\imap-multi.c || cmake_object_order_depends_target_curl-example-imap-multi
  CONFIG = Debug
  DEFINES = -DCURL_NO_OLDIES -DHAVE_CONFIG_H -DUNICODE -DWIN32_LEAN_AND_MEAN -D_UNICODE
  FLAGS = /nologo /DWIN32 /D_WINDOWS /utf-8 /MP  /MDd /Z7 /Ob0 /Od /RTC1  -MDd -W4 -Wall -wd4061 -wd4191 -wd4255 -wd4464 -wd4548 -wd4574 -wd4668 -wd4710 -wd4711 -wd4746 -wd4820 -wd5045 -MP
  INCLUDES = -IC:\Users\19697\Documents\KeygenSDK\KeygenSDK\build-vs\vcpkg_installed\vcpkg\blds\curl\src\url-8_21_0-3ffa9f46b7.clean\include
  OBJECT_DIR = docs\examples\CMakeFiles\curl-example-imap-multi.dir
  OBJECT_FILE_DIR = docs\examples\CMakeFiles\curl-example-imap-multi.dir
  TARGET_COMPILE_PDB = docs\examples\CMakeFiles\curl-example-imap-multi.dir\
  TARGET_PDB = docs\examples\imap-multi.pdb
  TARGET_SUPPORT_DIR = docs\examples\CMakeFiles\curl-example-imap-multi.dir


# =============================================================================
# Link build statements for EXECUTABLE target curl-example-imap-multi


#############################################
# Link the executable docs\examples\imap-multi.exe

build docs\examples\imap-multi.exe: C_EXECUTABLE_LINKER__curl-example-imap-multi_Debug docs\examples\CMakeFiles\curl-example-imap-multi.dir\imap-multi.c.obj | lib\libcurl-d.lib || lib\libcurl-d.dll
  CONFIG = Debug
  FLAGS = /nologo /DWIN32 /D_WINDOWS /utf-8 /MP  /MDd /Z7 /Ob0 /Od /RTC1  -MDd
  LINK_FLAGS = /machine:x64 /nologo    /debug /INCREMENTAL /subsystem:console
  LINK_LIBRARIES = lib\libcurl-d.lib  ws2_32.lib  iphlpapi.lib  kernel32.lib user32.lib gdi32.lib winspool.lib shell32.lib ole32.lib oleaut32.lib uuid.lib comdlg32.lib advapi32.lib
  OBJECT_DIR = docs\examples\CMakeFiles\curl-example-imap-multi.dir
  POST_BUILD = cd .
  PRE_LINK = cd .
  TARGET_COMPILE_PDB = docs\examples\CMakeFiles\curl-example-imap-multi.dir\
  TARGET_FILE = docs\examples\imap-multi.exe
  TARGET_IMPLIB = docs\examples\imap-multi.lib
  TARGET_PDB = docs\examples\imap-multi.pdb
  TARGET_SUPPORT_DIR = docs\examples\CMakeFiles\curl-example-imap-multi.dir

# =============================================================================
# Object build statements for EXECUTABLE target curl-example-imap-noop


#############################################
# Order-only phony target for curl-example-imap-noop

build cmake_object_order_depends_target_curl-example-imap-noop: phony || cmake_object_order_depends_target_libcurl_shared

build docs\examples\CMakeFiles\curl-example-imap-noop.dir\imap-noop.c.obj: C_COMPILER__curl-example-imap-noop_unscanned_Debug C$:\Users\19697\Documents\KeygenSDK\KeygenSDK\build-vs\vcpkg_installed\vcpkg\blds\curl\src\url-8_21_0-3ffa9f46b7.clean\docs\examples\imap-noop.c || cmake_object_order_depends_target_curl-example-imap-noop
  CONFIG = Debug
  DEFINES = -DCURL_NO_OLDIES -DHAVE_CONFIG_H -DUNICODE -DWIN32_LEAN_AND_MEAN -D_UNICODE
  FLAGS = /nologo /DWIN32 /D_WINDOWS /utf-8 /MP  /MDd /Z7 /Ob0 /Od /RTC1  -MDd -W4 -Wall -wd4061 -wd4191 -wd4255 -wd4464 -wd4548 -wd4574 -wd4668 -wd4710 -wd4711 -wd4746 -wd4820 -wd5045 -MP
  INCLUDES = -IC:\Users\19697\Documents\KeygenSDK\KeygenSDK\build-vs\vcpkg_installed\vcpkg\blds\curl\src\url-8_21_0-3ffa9f46b7.clean\include
  OBJECT_DIR = docs\examples\CMakeFiles\curl-example-imap-noop.dir
  OBJECT_FILE_DIR = docs\examples\CMakeFiles\curl-example-imap-noop.dir
  TARGET_COMPILE_PDB = docs\examples\CMakeFiles\curl-example-imap-noop.dir\
  TARGET_PDB = docs\examples\imap-noop.pdb
  TARGET_SUPPORT_DIR = docs\examples\CMakeFiles\curl-example-imap-noop.dir


# =============================================================================
# Link build statements for EXECUTABLE target curl-example-imap-noop


#############################################
# Link the executable docs\examples\imap-noop.exe

build docs\examples\imap-noop.exe: C_EXECUTABLE_LINKER__curl-example-imap-noop_Debug docs\examples\CMakeFiles\curl-example-imap-noop.dir\imap-noop.c.obj | lib\libcurl-d.lib || lib\libcurl-d.dll
  CONFIG = Debug
  FLAGS = /nologo /DWIN32 /D_WINDOWS /utf-8 /MP  /MDd /Z7 /Ob0 /Od /RTC1  -MDd
  LINK_FLAGS = /machine:x64 /nologo    /debug /INCREMENTAL /subsystem:console
  LINK_LIBRARIES = lib\libcurl-d.lib  ws2_32.lib  iphlpapi.lib  kernel32.lib user32.lib gdi32.lib winspool.lib shell32.lib ole32.lib oleaut32.lib uuid.lib comdlg32.lib advapi32.lib
  OBJECT_DIR = docs\examples\CMakeFiles\curl-example-imap-noop.dir
  POST_BUILD = cd .
  PRE_LINK = cd .
  TARGET_COMPILE_PDB = docs\examples\CMakeFiles\curl-example-imap-noop.dir\
  TARGET_FILE = docs\examples\imap-noop.exe
  TARGET_IMPLIB = docs\examples\imap-noop.lib
  TARGET_PDB = docs\examples\imap-noop.pdb
  TARGET_SUPPORT_DIR = docs\examples\CMakeFiles\curl-example-imap-noop.dir

# =============================================================================
# Object build statements for EXECUTABLE target curl-example-imap-search


#############################################
# Order-only phony target for curl-example-imap-search

build cmake_object_order_depends_target_curl-example-imap-search: phony || cmake_object_order_depends_target_libcurl_shared

build docs\examples\CMakeFiles\curl-example-imap-search.dir\imap-search.c.obj: C_COMPILER__curl-example-imap-search_unscanned_Debug C$:\Users\19697\Documents\KeygenSDK\KeygenSDK\build-vs\vcpkg_installed\vcpkg\blds\curl\src\url-8_21_0-3ffa9f46b7.clean\docs\examples\imap-search.c || cmake_object_order_depends_target_curl-example-imap-search
  CONFIG = Debug
  DEFINES = -DCURL_NO_OLDIES -DHAVE_CONFIG_H -DUNICODE -DWIN32_LEAN_AND_MEAN -D_UNICODE
  FLAGS = /nologo /DWIN32 /D_WINDOWS /utf-8 /MP  /MDd /Z7 /Ob0 /Od /RTC1  -MDd -W4 -Wall -wd4061 -wd4191 -wd4255 -wd4464 -wd4548 -wd4574 -wd4668 -wd4710 -wd4711 -wd4746 -wd4820 -wd5045 -MP
  INCLUDES = -IC:\Users\19697\Documents\KeygenSDK\KeygenSDK\build-vs\vcpkg_installed\vcpkg\blds\curl\src\url-8_21_0-3ffa9f46b7.clean\include
  OBJECT_DIR = docs\examples\CMakeFiles\curl-example-imap-search.dir
  OBJECT_FILE_DIR = docs\examples\CMakeFiles\curl-example-imap-search.dir
  TARGET_COMPILE_PDB = docs\examples\CMakeFiles\curl-example-imap-search.dir\
  TARGET_PDB = docs\examples\imap-search.pdb
  TARGET_SUPPORT_DIR = docs\examples\CMakeFiles\curl-example-imap-search.dir


# =============================================================================
# Link build statements for EXECUTABLE target curl-example-imap-search


#############################################
# Link the executable docs\examples\imap-search.exe

build docs\examples\imap-search.exe: C_EXECUTABLE_LINKER__curl-example-imap-search_Debug docs\examples\CMakeFiles\curl-example-imap-search.dir\imap-search.c.obj | lib\libcurl-d.lib || lib\libcurl-d.dll
  CONFIG = Debug
  FLAGS = /nologo /DWIN32 /D_WINDOWS /utf-8 /MP  /MDd /Z7 /Ob0 /Od /RTC1  -MDd
  LINK_FLAGS = /machine:x64 /nologo    /debug /INCREMENTAL /subsystem:console
  LINK_LIBRARIES = lib\libcurl-d.lib  ws2_32.lib  iphlpapi.lib  kernel32.lib user32.lib gdi32.lib winspool.lib shell32.lib ole32.lib oleaut32.lib uuid.lib comdlg32.lib advapi32.lib
  OBJECT_DIR = docs\examples\CMakeFiles\curl-example-imap-search.dir
  POST_BUILD = cd .
  PRE_LINK = cd .
  TARGET_COMPILE_PDB = docs\examples\CMakeFiles\curl-example-imap-search.dir\
  TARGET_FILE = docs\examples\imap-search.exe
  TARGET_IMPLIB = docs\examples\imap-search.lib
  TARGET_PDB = docs\examples\imap-search.pdb
  TARGET_SUPPORT_DIR = docs\examples\CMakeFiles\curl-example-imap-search.dir

# =============================================================================
# Object build statements for EXECUTABLE target curl-example-imap-ssl


#############################################
# Order-only phony target for curl-example-imap-ssl

build cmake_object_order_depends_target_curl-example-imap-ssl: phony || cmake_object_order_depends_target_libcurl_shared

build docs\examples\CMakeFiles\curl-example-imap-ssl.dir\imap-ssl.c.obj: C_COMPILER__curl-example-imap-ssl_unscanned_Debug C$:\Users\19697\Documents\KeygenSDK\KeygenSDK\build-vs\vcpkg_installed\vcpkg\blds\curl\src\url-8_21_0-3ffa9f46b7.clean\docs\examples\imap-ssl.c || cmake_object_order_depends_target_curl-example-imap-ssl
  CONFIG = Debug
  DEFINES = -DCURL_NO_OLDIES -DHAVE_CONFIG_H -DUNICODE -DWIN32_LEAN_AND_MEAN -D_UNICODE
  FLAGS = /nologo /DWIN32 /D_WINDOWS /utf-8 /MP  /MDd /Z7 /Ob0 /Od /RTC1  -MDd -W4 -Wall -wd4061 -wd4191 -wd4255 -wd4464 -wd4548 -wd4574 -wd4668 -wd4710 -wd4711 -wd4746 -wd4820 -wd5045 -MP
  INCLUDES = -IC:\Users\19697\Documents\KeygenSDK\KeygenSDK\build-vs\vcpkg_installed\vcpkg\blds\curl\src\url-8_21_0-3ffa9f46b7.clean\include
  OBJECT_DIR = docs\examples\CMakeFiles\curl-example-imap-ssl.dir
  OBJECT_FILE_DIR = docs\examples\CMakeFiles\curl-example-imap-ssl.dir
  TARGET_COMPILE_PDB = docs\examples\CMakeFiles\curl-example-imap-ssl.dir\
  TARGET_PDB = docs\examples\imap-ssl.pdb
  TARGET_SUPPORT_DIR = docs\examples\CMakeFiles\curl-example-imap-ssl.dir


# =============================================================================
# Link build statements for EXECUTABLE target curl-example-imap-ssl


#############################################
# Link the executable docs\examples\imap-ssl.exe

build docs\examples\imap-ssl.exe: C_EXECUTABLE_LINKER__curl-example-imap-ssl_Debug docs\examples\CMakeFiles\curl-example-imap-ssl.dir\imap-ssl.c.obj | lib\libcurl-d.lib || lib\libcurl-d.dll
  CONFIG = Debug
  FLAGS = /nologo /DWIN32 /D_WINDOWS /utf-8 /MP  /MDd /Z7 /Ob0 /Od /RTC1  -MDd
  LINK_FLAGS = /machine:x64 /nologo    /debug /INCREMENTAL /subsystem:console
  LINK_LIBRARIES = lib\libcurl-d.lib  ws2_32.lib  iphlpapi.lib  kernel32.lib user32.lib gdi32.lib winspool.lib shell32.lib ole32.lib oleaut32.lib uuid.lib comdlg32.lib advapi32.lib
  OBJECT_DIR = docs\examples\CMakeFiles\curl-example-imap-ssl.dir
  POST_BUILD = cd .
  PRE_LINK = cd .
  TARGET_COMPILE_PDB = docs\examples\CMakeFiles\curl-example-imap-ssl.dir\
  TARGET_FILE = docs\examples\imap-ssl.exe
  TARGET_IMPLIB = docs\examples\imap-ssl.lib
  TARGET_PDB = docs\examples\imap-ssl.pdb
  TARGET_SUPPORT_DIR = docs\examples\CMakeFiles\curl-example-imap-ssl.dir

# =============================================================================
# Object build statements for EXECUTABLE target curl-example-imap-store


#############################################
# Order-only phony target for curl-example-imap-store

build cmake_object_order_depends_target_curl-example-imap-store: phony || cmake_object_order_depends_target_libcurl_shared

build docs\examples\CMakeFiles\curl-example-imap-store.dir\imap-store.c.obj: C_COMPILER__curl-example-imap-store_unscanned_Debug C$:\Users\19697\Documents\KeygenSDK\KeygenSDK\build-vs\vcpkg_installed\vcpkg\blds\curl\src\url-8_21_0-3ffa9f46b7.clean\docs\examples\imap-store.c || cmake_object_order_depends_target_curl-example-imap-store
  CONFIG = Debug
  DEFINES = -DCURL_NO_OLDIES -DHAVE_CONFIG_H -DUNICODE -DWIN32_LEAN_AND_MEAN -D_UNICODE
  FLAGS = /nologo /DWIN32 /D_WINDOWS /utf-8 /MP  /MDd /Z7 /Ob0 /Od /RTC1  -MDd -W4 -Wall -wd4061 -wd4191 -wd4255 -wd4464 -wd4548 -wd4574 -wd4668 -wd4710 -wd4711 -wd4746 -wd4820 -wd5045 -MP
  INCLUDES = -IC:\Users\19697\Documents\KeygenSDK\KeygenSDK\build-vs\vcpkg_installed\vcpkg\blds\curl\src\url-8_21_0-3ffa9f46b7.clean\include
  OBJECT_DIR = docs\examples\CMakeFiles\curl-example-imap-store.dir
  OBJECT_FILE_DIR = docs\examples\CMakeFiles\curl-example-imap-store.dir
  TARGET_COMPILE_PDB = docs\examples\CMakeFiles\curl-example-imap-store.dir\
  TARGET_PDB = docs\examples\imap-store.pdb
  TARGET_SUPPORT_DIR = docs\examples\CMakeFiles\curl-example-imap-store.dir


# =============================================================================
# Link build statements for EXECUTABLE target curl-example-imap-store


#############################################
# Link the executable docs\examples\imap-store.exe

build docs\examples\imap-store.exe: C_EXECUTABLE_LINKER__curl-example-imap-store_Debug docs\examples\CMakeFiles\curl-example-imap-store.dir\imap-store.c.obj | lib\libcurl-d.lib || lib\libcurl-d.dll
  CONFIG = Debug
  FLAGS = /nologo /DWIN32 /D_WINDOWS /utf-8 /MP  /MDd /Z7 /Ob0 /Od /RTC1  -MDd
  LINK_FLAGS = /machine:x64 /nologo    /debug /INCREMENTAL /subsystem:console
  LINK_LIBRARIES = lib\libcurl-d.lib  ws2_32.lib  iphlpapi.lib  kernel32.lib user32.lib gdi32.lib winspool.lib shell32.lib ole32.lib oleaut32.lib uuid.lib comdlg32.lib advapi32.lib
  OBJECT_DIR = docs\examples\CMakeFiles\curl-example-imap-store.dir
  POST_BUILD = cd .
  PRE_LINK = cd .
  TARGET_COMPILE_PDB = docs\examples\CMakeFiles\curl-example-imap-store.dir\
  TARGET_FILE = docs\examples\imap-store.exe
  TARGET_IMPLIB = docs\examples\imap-store.lib
  TARGET_PDB = docs\examples\imap-store.pdb
  TARGET_SUPPORT_DIR = docs\examples\CMakeFiles\curl-example-imap-store.dir

# =============================================================================
# Object build statements for EXECUTABLE target curl-example-imap-tls


#############################################
# Order-only phony target for curl-example-imap-tls

build cmake_object_order_depends_target_curl-example-imap-tls: phony || cmake_object_order_depends_target_libcurl_shared

build docs\examples\CMakeFiles\curl-example-imap-tls.dir\imap-tls.c.obj: C_COMPILER__curl-example-imap-tls_unscanned_Debug C$:\Users\19697\Documents\KeygenSDK\KeygenSDK\build-vs\vcpkg_installed\vcpkg\blds\curl\src\url-8_21_0-3ffa9f46b7.clean\docs\examples\imap-tls.c || cmake_object_order_depends_target_curl-example-imap-tls
  CONFIG = Debug
  DEFINES = -DCURL_NO_OLDIES -DHAVE_CONFIG_H -DUNICODE -DWIN32_LEAN_AND_MEAN -D_UNICODE
  FLAGS = /nologo /DWIN32 /D_WINDOWS /utf-8 /MP  /MDd /Z7 /Ob0 /Od /RTC1  -MDd -W4 -Wall -wd4061 -wd4191 -wd4255 -wd4464 -wd4548 -wd4574 -wd4668 -wd4710 -wd4711 -wd4746 -wd4820 -wd5045 -MP
  INCLUDES = -IC:\Users\19697\Documents\KeygenSDK\KeygenSDK\build-vs\vcpkg_installed\vcpkg\blds\curl\src\url-8_21_0-3ffa9f46b7.clean\include
  OBJECT_DIR = docs\examples\CMakeFiles\curl-example-imap-tls.dir
  OBJECT_FILE_DIR = docs\examples\CMakeFiles\curl-example-imap-tls.dir
  TARGET_COMPILE_PDB = docs\examples\CMakeFiles\curl-example-imap-tls.dir\
  TARGET_PDB = docs\examples\imap-tls.pdb
  TARGET_SUPPORT_DIR = docs\examples\CMakeFiles\curl-example-imap-tls.dir


# =============================================================================
# Link build statements for EXECUTABLE target curl-example-imap-tls


#############################################
# Link the executable docs\examples\imap-tls.exe

build docs\examples\imap-tls.exe: C_EXECUTABLE_LINKER__curl-example-imap-tls_Debug docs\examples\CMakeFiles\curl-example-imap-tls.dir\imap-tls.c.obj | lib\libcurl-d.lib || lib\libcurl-d.dll
  CONFIG = Debug
  FLAGS = /nologo /DWIN32 /D_WINDOWS /utf-8 /MP  /MDd /Z7 /Ob0 /Od /RTC1  -MDd
  LINK_FLAGS = /machine:x64 /nologo    /debug /INCREMENTAL /subsystem:console
  LINK_LIBRARIES = lib\libcurl-d.lib  ws2_32.lib  iphlpapi.lib  kernel32.lib user32.lib gdi32.lib winspool.lib shell32.lib ole32.lib oleaut32.lib uuid.lib comdlg32.lib advapi32.lib
  OBJECT_DIR = docs\examples\CMakeFiles\curl-example-imap-tls.dir
  POST_BUILD = cd .
  PRE_LINK = cd .
  TARGET_COMPILE_PDB = docs\examples\CMakeFiles\curl-example-imap-tls.dir\
  TARGET_FILE = docs\examples\imap-tls.exe
  TARGET_IMPLIB = docs\examples\imap-tls.lib
  TARGET_PDB = docs\examples\imap-tls.pdb
  TARGET_SUPPORT_DIR = docs\examples\CMakeFiles\curl-example-imap-tls.dir

# =============================================================================
# Object build statements for EXECUTABLE target curl-example-interface


#############################################
# Order-only phony target for curl-example-interface

build cmake_object_order_depends_target_curl-example-interface: phony || cmake_object_order_depends_target_libcurl_shared

build docs\examples\CMakeFiles\curl-example-interface.dir\interface.c.obj: C_COMPILER__curl-example-interface_unscanned_Debug C$:\Users\19697\Documents\KeygenSDK\KeygenSDK\build-vs\vcpkg_installed\vcpkg\blds\curl\src\url-8_21_0-3ffa9f46b7.clean\docs\examples\interface.c || cmake_object_order_depends_target_curl-example-interface
  CONFIG = Debug
  DEFINES = -DCURL_NO_OLDIES -DHAVE_CONFIG_H -DUNICODE -DWIN32_LEAN_AND_MEAN -D_UNICODE
  FLAGS = /nologo /DWIN32 /D_WINDOWS /utf-8 /MP  /MDd /Z7 /Ob0 /Od /RTC1  -MDd -W4 -Wall -wd4061 -wd4191 -wd4255 -wd4464 -wd4548 -wd4574 -wd4668 -wd4710 -wd4711 -wd4746 -wd4820 -wd5045 -MP
  INCLUDES = -IC:\Users\19697\Documents\KeygenSDK\KeygenSDK\build-vs\vcpkg_installed\vcpkg\blds\curl\src\url-8_21_0-3ffa9f46b7.clean\include
  OBJECT_DIR = docs\examples\CMakeFiles\curl-example-interface.dir
  OBJECT_FILE_DIR = docs\examples\CMakeFiles\curl-example-interface.dir
  TARGET_COMPILE_PDB = docs\examples\CMakeFiles\curl-example-interface.dir\
  TARGET_PDB = docs\examples\interface.pdb
  TARGET_SUPPORT_DIR = docs\examples\CMakeFiles\curl-example-interface.dir


# =============================================================================
# Link build statements for EXECUTABLE target curl-example-interface


#############################################
# Link the executable docs\examples\interface.exe

build docs\examples\interface.exe: C_EXECUTABLE_LINKER__curl-example-interface_Debug docs\examples\CMakeFiles\curl-example-interface.dir\interface.c.obj | lib\libcurl-d.lib || lib\libcurl-d.dll
  CONFIG = Debug
  FLAGS = /nologo /DWIN32 /D_WINDOWS /utf-8 /MP  /MDd /Z7 /Ob0 /Od /RTC1  -MDd
  LINK_FLAGS = /machine:x64 /nologo    /debug /INCREMENTAL /subsystem:console
  LINK_LIBRARIES = lib\libcurl-d.lib  ws2_32.lib  iphlpapi.lib  kernel32.lib user32.lib gdi32.lib winspool.lib shell32.lib ole32.lib oleaut32.lib uuid.lib comdlg32.lib advapi32.lib
  OBJECT_DIR = docs\examples\CMakeFiles\curl-example-interface.dir
  POST_BUILD = cd .
  PRE_LINK = cd .
  TARGET_COMPILE_PDB = docs\examples\CMakeFiles\curl-example-interface.dir\
  TARGET_FILE = docs\examples\interface.exe
  TARGET_IMPLIB = docs\examples\interface.lib
  TARGET_PDB = docs\examples\interface.pdb
  TARGET_SUPPORT_DIR = docs\examples\CMakeFiles\curl-example-interface.dir

# =============================================================================
# Object build statements for EXECUTABLE target curl-example-ipv6


#############################################
# Order-only phony target for curl-example-ipv6

build cmake_object_order_depends_target_curl-example-ipv6: phony || cmake_object_order_depends_target_libcurl_shared

build docs\examples\CMakeFiles\curl-example-ipv6.dir\ipv6.c.obj: C_COMPILER__curl-example-ipv6_unscanned_Debug C$:\Users\19697\Documents\KeygenSDK\KeygenSDK\build-vs\vcpkg_installed\vcpkg\blds\curl\src\url-8_21_0-3ffa9f46b7.clean\docs\examples\ipv6.c || cmake_object_order_depends_target_curl-example-ipv6
  CONFIG = Debug
  DEFINES = -DCURL_NO_OLDIES -DHAVE_CONFIG_H -DUNICODE -DWIN32_LEAN_AND_MEAN -D_UNICODE
  FLAGS = /nologo /DWIN32 /D_WINDOWS /utf-8 /MP  /MDd /Z7 /Ob0 /Od /RTC1  -MDd -W4 -Wall -wd4061 -wd4191 -wd4255 -wd4464 -wd4548 -wd4574 -wd4668 -wd4710 -wd4711 -wd4746 -wd4820 -wd5045 -MP
  INCLUDES = -IC:\Users\19697\Documents\KeygenSDK\KeygenSDK\build-vs\vcpkg_installed\vcpkg\blds\curl\src\url-8_21_0-3ffa9f46b7.clean\include
  OBJECT_DIR = docs\examples\CMakeFiles\curl-example-ipv6.dir
  OBJECT_FILE_DIR = docs\examples\CMakeFiles\curl-example-ipv6.dir
  TARGET_COMPILE_PDB = docs\examples\CMakeFiles\curl-example-ipv6.dir\
  TARGET_PDB = docs\examples\ipv6.pdb
  TARGET_SUPPORT_DIR = docs\examples\CMakeFiles\curl-example-ipv6.dir


# =============================================================================
# Link build statements for EXECUTABLE target curl-example-ipv6


#############################################
# Link the executable docs\examples\ipv6.exe

build docs\examples\ipv6.exe: C_EXECUTABLE_LINKER__curl-example-ipv6_Debug docs\examples\CMakeFiles\curl-example-ipv6.dir\ipv6.c.obj | lib\libcurl-d.lib || lib\libcurl-d.dll
  CONFIG = Debug
  FLAGS = /nologo /DWIN32 /D_WINDOWS /utf-8 /MP  /MDd /Z7 /Ob0 /Od /RTC1  -MDd
  LINK_FLAGS = /machine:x64 /nologo    /debug /INCREMENTAL /subsystem:console
  LINK_LIBRARIES = lib\libcurl-d.lib  ws2_32.lib  iphlpapi.lib  kernel32.lib user32.lib gdi32.lib winspool.lib shell32.lib ole32.lib oleaut32.lib uuid.lib comdlg32.lib advapi32.lib
  OBJECT_DIR = docs\examples\CMakeFiles\curl-example-ipv6.dir
  POST_BUILD = cd .
  PRE_LINK = cd .
  TARGET_COMPILE_PDB = docs\examples\CMakeFiles\curl-example-ipv6.dir\
  TARGET_FILE = docs\examples\ipv6.exe
  TARGET_IMPLIB = docs\examples\ipv6.lib
  TARGET_PDB = docs\examples\ipv6.pdb
  TARGET_SUPPORT_DIR = docs\examples\CMakeFiles\curl-example-ipv6.dir

# =============================================================================
# Object build statements for EXECUTABLE target curl-example-keepalive


#############################################
# Order-only phony target for curl-example-keepalive

build cmake_object_order_depends_target_curl-example-keepalive: phony || cmake_object_order_depends_target_libcurl_shared

build docs\examples\CMakeFiles\curl-example-keepalive.dir\keepalive.c.obj: C_COMPILER__curl-example-keepalive_unscanned_Debug C$:\Users\19697\Documents\KeygenSDK\KeygenSDK\build-vs\vcpkg_installed\vcpkg\blds\curl\src\url-8_21_0-3ffa9f46b7.clean\docs\examples\keepalive.c || cmake_object_order_depends_target_curl-example-keepalive
  CONFIG = Debug
  DEFINES = -DCURL_NO_OLDIES -DHAVE_CONFIG_H -DUNICODE -DWIN32_LEAN_AND_MEAN -D_UNICODE
  FLAGS = /nologo /DWIN32 /D_WINDOWS /utf-8 /MP  /MDd /Z7 /Ob0 /Od /RTC1  -MDd -W4 -Wall -wd4061 -wd4191 -wd4255 -wd4464 -wd4548 -wd4574 -wd4668 -wd4710 -wd4711 -wd4746 -wd4820 -wd5045 -MP
  INCLUDES = -IC:\Users\19697\Documents\KeygenSDK\KeygenSDK\build-vs\vcpkg_installed\vcpkg\blds\curl\src\url-8_21_0-3ffa9f46b7.clean\include
  OBJECT_DIR = docs\examples\CMakeFiles\curl-example-keepalive.dir
  OBJECT_FILE_DIR = docs\examples\CMakeFiles\curl-example-keepalive.dir
  TARGET_COMPILE_PDB = docs\examples\CMakeFiles\curl-example-keepalive.dir\
  TARGET_PDB = docs\examples\keepalive.pdb
  TARGET_SUPPORT_DIR = docs\examples\CMakeFiles\curl-example-keepalive.dir


# =============================================================================
# Link build statements for EXECUTABLE target curl-example-keepalive


#############################################
# Link the executable docs\examples\keepalive.exe

build docs\examples\keepalive.exe: C_EXECUTABLE_LINKER__curl-example-keepalive_Debug docs\examples\CMakeFiles\curl-example-keepalive.dir\keepalive.c.obj | lib\libcurl-d.lib || lib\libcurl-d.dll
  CONFIG = Debug
  FLAGS = /nologo /DWIN32 /D_WINDOWS /utf-8 /MP  /MDd /Z7 /Ob0 /Od /RTC1  -MDd
  LINK_FLAGS = /machine:x64 /nologo    /debug /INCREMENTAL /subsystem:console
  LINK_LIBRARIES = lib\libcurl-d.lib  ws2_32.lib  iphlpapi.lib  kernel32.lib user32.lib gdi32.lib winspool.lib shell32.lib ole32.lib oleaut32.lib uuid.lib comdlg32.lib advapi32.lib
  OBJECT_DIR = docs\examples\CMakeFiles\curl-example-keepalive.dir
  POST_BUILD = cd .
  PRE_LINK = cd .
  TARGET_COMPILE_PDB = docs\examples\CMakeFiles\curl-example-keepalive.dir\
  TARGET_FILE = docs\examples\keepalive.exe
  TARGET_IMPLIB = docs\examples\keepalive.lib
  TARGET_PDB = docs\examples\keepalive.pdb
  TARGET_SUPPORT_DIR = docs\examples\CMakeFiles\curl-example-keepalive.dir

# =============================================================================
# Object build statements for EXECUTABLE target curl-example-localport


#############################################
# Order-only phony target for curl-example-localport

build cmake_object_order_depends_target_curl-example-localport: phony || cmake_object_order_depends_target_libcurl_shared

build docs\examples\CMakeFiles\curl-example-localport.dir\localport.c.obj: C_COMPILER__curl-example-localport_unscanned_Debug C$:\Users\19697\Documents\KeygenSDK\KeygenSDK\build-vs\vcpkg_installed\vcpkg\blds\curl\src\url-8_21_0-3ffa9f46b7.clean\docs\examples\localport.c || cmake_object_order_depends_target_curl-example-localport
  CONFIG = Debug
  DEFINES = -DCURL_NO_OLDIES -DHAVE_CONFIG_H -DUNICODE -DWIN32_LEAN_AND_MEAN -D_UNICODE
  FLAGS = /nologo /DWIN32 /D_WINDOWS /utf-8 /MP  /MDd /Z7 /Ob0 /Od /RTC1  -MDd -W4 -Wall -wd4061 -wd4191 -wd4255 -wd4464 -wd4548 -wd4574 -wd4668 -wd4710 -wd4711 -wd4746 -wd4820 -wd5045 -MP
  INCLUDES = -IC:\Users\19697\Documents\KeygenSDK\KeygenSDK\build-vs\vcpkg_installed\vcpkg\blds\curl\src\url-8_21_0-3ffa9f46b7.clean\include
  OBJECT_DIR = docs\examples\CMakeFiles\curl-example-localport.dir
  OBJECT_FILE_DIR = docs\examples\CMakeFiles\curl-example-localport.dir
  TARGET_COMPILE_PDB = docs\examples\CMakeFiles\curl-example-localport.dir\
  TARGET_PDB = docs\examples\localport.pdb
  TARGET_SUPPORT_DIR = docs\examples\CMakeFiles\curl-example-localport.dir


# =============================================================================
# Link build statements for EXECUTABLE target curl-example-localport


#############################################
# Link the executable docs\examples\localport.exe

build docs\examples\localport.exe: C_EXECUTABLE_LINKER__curl-example-localport_Debug docs\examples\CMakeFiles\curl-example-localport.dir\localport.c.obj | lib\libcurl-d.lib || lib\libcurl-d.dll
  CONFIG = Debug
  FLAGS = /nologo /DWIN32 /D_WINDOWS /utf-8 /MP  /MDd /Z7 /Ob0 /Od /RTC1  -MDd
  LINK_FLAGS = /machine:x64 /nologo    /debug /INCREMENTAL /subsystem:console
  LINK_LIBRARIES = lib\libcurl-d.lib  ws2_32.lib  iphlpapi.lib  kernel32.lib user32.lib gdi32.lib winspool.lib shell32.lib ole32.lib oleaut32.lib uuid.lib comdlg32.lib advapi32.lib
  OBJECT_DIR = docs\examples\CMakeFiles\curl-example-localport.dir
  POST_BUILD = cd .
  PRE_LINK = cd .
  TARGET_COMPILE_PDB = docs\examples\CMakeFiles\curl-example-localport.dir\
  TARGET_FILE = docs\examples\localport.exe
  TARGET_IMPLIB = docs\examples\localport.lib
  TARGET_PDB = docs\examples\localport.pdb
  TARGET_SUPPORT_DIR = docs\examples\CMakeFiles\curl-example-localport.dir

# =============================================================================
# Object build statements for EXECUTABLE target curl-example-log_failed_transfers


#############################################
# Order-only phony target for curl-example-log_failed_transfers

build cmake_object_order_depends_target_curl-example-log_failed_transfers: phony || cmake_object_order_depends_target_libcurl_shared

build docs\examples\CMakeFiles\curl-example-log_failed_transfers.dir\log_failed_transfers.c.obj: C_COMPILER__curl-example-log_failed_transfers_unscanned_Debug C$:\Users\19697\Documents\KeygenSDK\KeygenSDK\build-vs\vcpkg_installed\vcpkg\blds\curl\src\url-8_21_0-3ffa9f46b7.clean\docs\examples\log_failed_transfers.c || cmake_object_order_depends_target_curl-example-log_failed_transfers
  CONFIG = Debug
  DEFINES = -DCURL_NO_OLDIES -DHAVE_CONFIG_H -DUNICODE -DWIN32_LEAN_AND_MEAN -D_UNICODE
  FLAGS = /nologo /DWIN32 /D_WINDOWS /utf-8 /MP  /MDd /Z7 /Ob0 /Od /RTC1  -MDd -W4 -Wall -wd4061 -wd4191 -wd4255 -wd4464 -wd4548 -wd4574 -wd4668 -wd4710 -wd4711 -wd4746 -wd4820 -wd5045 -MP
  INCLUDES = -IC:\Users\19697\Documents\KeygenSDK\KeygenSDK\build-vs\vcpkg_installed\vcpkg\blds\curl\src\url-8_21_0-3ffa9f46b7.clean\include
  OBJECT_DIR = docs\examples\CMakeFiles\curl-example-log_failed_transfers.dir
  OBJECT_FILE_DIR = docs\examples\CMakeFiles\curl-example-log_failed_transfers.dir
  TARGET_COMPILE_PDB = docs\examples\CMakeFiles\curl-example-log_failed_transfers.dir\
  TARGET_PDB = docs\examples\log_failed_transfers.pdb
  TARGET_SUPPORT_DIR = docs\examples\CMakeFiles\curl-example-log_failed_transfers.dir


# =============================================================================
# Link build statements for EXECUTABLE target curl-example-log_failed_transfers


#############################################
# Link the executable docs\examples\log_failed_transfers.exe

build docs\examples\log_failed_transfers.exe: C_EXECUTABLE_LINKER__curl-example-log_failed_transfers_Debug docs\examples\CMakeFiles\curl-example-log_failed_transfers.dir\log_failed_transfers.c.obj | lib\libcurl-d.lib || lib\libcurl-d.dll
  CONFIG = Debug
  FLAGS = /nologo /DWIN32 /D_WINDOWS /utf-8 /MP  /MDd /Z7 /Ob0 /Od /RTC1  -MDd
  LINK_FLAGS = /machine:x64 /nologo    /debug /INCREMENTAL /subsystem:console
  LINK_LIBRARIES = lib\libcurl-d.lib  ws2_32.lib  iphlpapi.lib  kernel32.lib user32.lib gdi32.lib winspool.lib shell32.lib ole32.lib oleaut32.lib uuid.lib comdlg32.lib advapi32.lib
  OBJECT_DIR = docs\examples\CMakeFiles\curl-example-log_failed_transfers.dir
  POST_BUILD = cd .
  PRE_LINK = cd .
  TARGET_COMPILE_PDB = docs\examples\CMakeFiles\curl-example-log_failed_transfers.dir\
  TARGET_FILE = docs\examples\log_failed_transfers.exe
  TARGET_IMPLIB = docs\examples\log_failed_transfers.lib
  TARGET_PDB = docs\examples\log_failed_transfers.pdb
  TARGET_SUPPORT_DIR = docs\examples\CMakeFiles\curl-example-log_failed_transfers.dir

# =============================================================================
# Object build statements for EXECUTABLE target curl-example-maxconnects


#############################################
# Order-only phony target for curl-example-maxconnects

build cmake_object_order_depends_target_curl-example-maxconnects: phony || cmake_object_order_depends_target_libcurl_shared

build docs\examples\CMakeFiles\curl-example-maxconnects.dir\maxconnects.c.obj: C_COMPILER__curl-example-maxconnects_unscanned_Debug C$:\Users\19697\Documents\KeygenSDK\KeygenSDK\build-vs\vcpkg_installed\vcpkg\blds\curl\src\url-8_21_0-3ffa9f46b7.clean\docs\examples\maxconnects.c || cmake_object_order_depends_target_curl-example-maxconnects
  CONFIG = Debug
  DEFINES = -DCURL_NO_OLDIES -DHAVE_CONFIG_H -DUNICODE -DWIN32_LEAN_AND_MEAN -D_UNICODE
  FLAGS = /nologo /DWIN32 /D_WINDOWS /utf-8 /MP  /MDd /Z7 /Ob0 /Od /RTC1  -MDd -W4 -Wall -wd4061 -wd4191 -wd4255 -wd4464 -wd4548 -wd4574 -wd4668 -wd4710 -wd4711 -wd4746 -wd4820 -wd5045 -MP
  INCLUDES = -IC:\Users\19697\Documents\KeygenSDK\KeygenSDK\build-vs\vcpkg_installed\vcpkg\blds\curl\src\url-8_21_0-3ffa9f46b7.clean\include
  OBJECT_DIR = docs\examples\CMakeFiles\curl-example-maxconnects.dir
  OBJECT_FILE_DIR = docs\examples\CMakeFiles\curl-example-maxconnects.dir
  TARGET_COMPILE_PDB = docs\examples\CMakeFiles\curl-example-maxconnects.dir\
  TARGET_PDB = docs\examples\maxconnects.pdb
  TARGET_SUPPORT_DIR = docs\examples\CMakeFiles\curl-example-maxconnects.dir


# =============================================================================
# Link build statements for EXECUTABLE target curl-example-maxconnects


#############################################
# Link the executable docs\examples\maxconnects.exe

build docs\examples\maxconnects.exe: C_EXECUTABLE_LINKER__curl-example-maxconnects_Debug docs\examples\CMakeFiles\curl-example-maxconnects.dir\maxconnects.c.obj | lib\libcurl-d.lib || lib\libcurl-d.dll
  CONFIG = Debug
  FLAGS = /nologo /DWIN32 /D_WINDOWS /utf-8 /MP  /MDd /Z7 /Ob0 /Od /RTC1  -MDd
  LINK_FLAGS = /machine:x64 /nologo    /debug /INCREMENTAL /subsystem:console
  LINK_LIBRARIES = lib\libcurl-d.lib  ws2_32.lib  iphlpapi.lib  kernel32.lib user32.lib gdi32.lib winspool.lib shell32.lib ole32.lib oleaut32.lib uuid.lib comdlg32.lib advapi32.lib
  OBJECT_DIR = docs\examples\CMakeFiles\curl-example-maxconnects.dir
  POST_BUILD = cd .
  PRE_LINK = cd .
  TARGET_COMPILE_PDB = docs\examples\CMakeFiles\curl-example-maxconnects.dir\
  TARGET_FILE = docs\examples\maxconnects.exe
  TARGET_IMPLIB = docs\examples\maxconnects.lib
  TARGET_PDB = docs\examples\maxconnects.pdb
  TARGET_SUPPORT_DIR = docs\examples\CMakeFiles\curl-example-maxconnects.dir

# =============================================================================
# Object build statements for EXECUTABLE target curl-example-multi-app


#############################################
# Order-only phony target for curl-example-multi-app

build cmake_object_order_depends_target_curl-example-multi-app: phony || cmake_object_order_depends_target_libcurl_shared

build docs\examples\CMakeFiles\curl-example-multi-app.dir\multi-app.c.obj: C_COMPILER__curl-example-multi-app_unscanned_Debug C$:\Users\19697\Documents\KeygenSDK\KeygenSDK\build-vs\vcpkg_installed\vcpkg\blds\curl\src\url-8_21_0-3ffa9f46b7.clean\docs\examples\multi-app.c || cmake_object_order_depends_target_curl-example-multi-app
  CONFIG = Debug
  DEFINES = -DCURL_NO_OLDIES -DHAVE_CONFIG_H -DUNICODE -DWIN32_LEAN_AND_MEAN -D_UNICODE
  FLAGS = /nologo /DWIN32 /D_WINDOWS /utf-8 /MP  /MDd /Z7 /Ob0 /Od /RTC1  -MDd -W4 -Wall -wd4061 -wd4191 -wd4255 -wd4464 -wd4548 -wd4574 -wd4668 -wd4710 -wd4711 -wd4746 -wd4820 -wd5045 -MP
  INCLUDES = -IC:\Users\19697\Documents\KeygenSDK\KeygenSDK\build-vs\vcpkg_installed\vcpkg\blds\curl\src\url-8_21_0-3ffa9f46b7.clean\include
  OBJECT_DIR = docs\examples\CMakeFiles\curl-example-multi-app.dir
  OBJECT_FILE_DIR = docs\examples\CMakeFiles\curl-example-multi-app.dir
  TARGET_COMPILE_PDB = docs\examples\CMakeFiles\curl-example-multi-app.dir\
  TARGET_PDB = docs\examples\multi-app.pdb
  TARGET_SUPPORT_DIR = docs\examples\CMakeFiles\curl-example-multi-app.dir


# =============================================================================
# Link build statements for EXECUTABLE target curl-example-multi-app


#############################################
# Link the executable docs\examples\multi-app.exe

build docs\examples\multi-app.exe: C_EXECUTABLE_LINKER__curl-example-multi-app_Debug docs\examples\CMakeFiles\curl-example-multi-app.dir\multi-app.c.obj | lib\libcurl-d.lib || lib\libcurl-d.dll
  CONFIG = Debug
  FLAGS = /nologo /DWIN32 /D_WINDOWS /utf-8 /MP  /MDd /Z7 /Ob0 /Od /RTC1  -MDd
  LINK_FLAGS = /machine:x64 /nologo    /debug /INCREMENTAL /subsystem:console
  LINK_LIBRARIES = lib\libcurl-d.lib  ws2_32.lib  iphlpapi.lib  kernel32.lib user32.lib gdi32.lib winspool.lib shell32.lib ole32.lib oleaut32.lib uuid.lib comdlg32.lib advapi32.lib
  OBJECT_DIR = docs\examples\CMakeFiles\curl-example-multi-app.dir
  POST_BUILD = cd .
  PRE_LINK = cd .
  TARGET_COMPILE_PDB = docs\examples\CMakeFiles\curl-example-multi-app.dir\
  TARGET_FILE = docs\examples\multi-app.exe
  TARGET_IMPLIB = docs\examples\multi-app.lib
  TARGET_PDB = docs\examples\multi-app.pdb
  TARGET_SUPPORT_DIR = docs\examples\CMakeFiles\curl-example-multi-app.dir

# =============================================================================
# Object build statements for EXECUTABLE target curl-example-multi-debugcallback


#############################################
# Order-only phony target for curl-example-multi-debugcallback

build cmake_object_order_depends_target_curl-example-multi-debugcallback: phony || cmake_object_order_depends_target_libcurl_shared

build docs\examples\CMakeFiles\curl-example-multi-debugcallback.dir\multi-debugcallback.c.obj: C_COMPILER__curl-example-multi-debugcallback_unscanned_Debug C$:\Users\19697\Documents\KeygenSDK\KeygenSDK\build-vs\vcpkg_installed\vcpkg\blds\curl\src\url-8_21_0-3ffa9f46b7.clean\docs\examples\multi-debugcallback.c || cmake_object_order_depends_target_curl-example-multi-debugcallback
  CONFIG = Debug
  DEFINES = -DCURL_NO_OLDIES -DHAVE_CONFIG_H -DUNICODE -DWIN32_LEAN_AND_MEAN -D_UNICODE
  FLAGS = /nologo /DWIN32 /D_WINDOWS /utf-8 /MP  /MDd /Z7 /Ob0 /Od /RTC1  -MDd -W4 -Wall -wd4061 -wd4191 -wd4255 -wd4464 -wd4548 -wd4574 -wd4668 -wd4710 -wd4711 -wd4746 -wd4820 -wd5045 -MP
  INCLUDES = -IC:\Users\19697\Documents\KeygenSDK\KeygenSDK\build-vs\vcpkg_installed\vcpkg\blds\curl\src\url-8_21_0-3ffa9f46b7.clean\include
  OBJECT_DIR = docs\examples\CMakeFiles\curl-example-multi-debugcallback.dir
  OBJECT_FILE_DIR = docs\examples\CMakeFiles\curl-example-multi-debugcallback.dir
  TARGET_COMPILE_PDB = docs\examples\CMakeFiles\curl-example-multi-debugcallback.dir\
  TARGET_PDB = docs\examples\multi-debugcallback.pdb
  TARGET_SUPPORT_DIR = docs\examples\CMakeFiles\curl-example-multi-debugcallback.dir


# =============================================================================
# Link build statements for EXECUTABLE target curl-example-multi-debugcallback


#############################################
# Link the executable docs\examples\multi-debugcallback.exe

build docs\examples\multi-debugcallback.exe: C_EXECUTABLE_LINKER__curl-example-multi-debugcallback_Debug docs\examples\CMakeFiles\curl-example-multi-debugcallback.dir\multi-debugcallback.c.obj | lib\libcurl-d.lib || lib\libcurl-d.dll
  CONFIG = Debug
  FLAGS = /nologo /DWIN32 /D_WINDOWS /utf-8 /MP  /MDd /Z7 /Ob0 /Od /RTC1  -MDd
  LINK_FLAGS = /machine:x64 /nologo    /debug /INCREMENTAL /subsystem:console
  LINK_LIBRARIES = lib\libcurl-d.lib  ws2_32.lib  iphlpapi.lib  kernel32.lib user32.lib gdi32.lib winspool.lib shell32.lib ole32.lib oleaut32.lib uuid.lib comdlg32.lib advapi32.lib
  OBJECT_DIR = docs\examples\CMakeFiles\curl-example-multi-debugcallback.dir
  POST_BUILD = cd .
  PRE_LINK = cd .
  TARGET_COMPILE_PDB = docs\examples\CMakeFiles\curl-example-multi-debugcallback.dir\
  TARGET_FILE = docs\examples\multi-debugcallback.exe
  TARGET_IMPLIB = docs\examples\multi-debugcallback.lib
  TARGET_PDB = docs\examples\multi-debugcallback.pdb
  TARGET_SUPPORT_DIR = docs\examples\CMakeFiles\curl-example-multi-debugcallback.dir

# =============================================================================
# Object build statements for EXECUTABLE target curl-example-multi-double


#############################################
# Order-only phony target for curl-example-multi-double

build cmake_object_order_depends_target_curl-example-multi-double: phony || cmake_object_order_depends_target_libcurl_shared

build docs\examples\CMakeFiles\curl-example-multi-double.dir\multi-double.c.obj: C_COMPILER__curl-example-multi-double_unscanned_Debug C$:\Users\19697\Documents\KeygenSDK\KeygenSDK\build-vs\vcpkg_installed\vcpkg\blds\curl\src\url-8_21_0-3ffa9f46b7.clean\docs\examples\multi-double.c || cmake_object_order_depends_target_curl-example-multi-double
  CONFIG = Debug
  DEFINES = -DCURL_NO_OLDIES -DHAVE_CONFIG_H -DUNICODE -DWIN32_LEAN_AND_MEAN -D_UNICODE
  FLAGS = /nologo /DWIN32 /D_WINDOWS /utf-8 /MP  /MDd /Z7 /Ob0 /Od /RTC1  -MDd -W4 -Wall -wd4061 -wd4191 -wd4255 -wd4464 -wd4548 -wd4574 -wd4668 -wd4710 -wd4711 -wd4746 -wd4820 -wd5045 -MP
  INCLUDES = -IC:\Users\19697\Documents\KeygenSDK\KeygenSDK\build-vs\vcpkg_installed\vcpkg\blds\curl\src\url-8_21_0-3ffa9f46b7.clean\include
  OBJECT_DIR = docs\examples\CMakeFiles\curl-example-multi-double.dir
  OBJECT_FILE_DIR = docs\examples\CMakeFiles\curl-example-multi-double.dir
  TARGET_COMPILE_PDB = docs\examples\CMakeFiles\curl-example-multi-double.dir\
  TARGET_PDB = docs\examples\multi-double.pdb
  TARGET_SUPPORT_DIR = docs\examples\CMakeFiles\curl-example-multi-double.dir


# =============================================================================
# Link build statements for EXECUTABLE target curl-example-multi-double


#############################################
# Link the executable docs\examples\multi-double.exe

build docs\examples\multi-double.exe: C_EXECUTABLE_LINKER__curl-example-multi-double_Debug docs\examples\CMakeFiles\curl-example-multi-double.dir\multi-double.c.obj | lib\libcurl-d.lib || lib\libcurl-d.dll
  CONFIG = Debug
  FLAGS = /nologo /DWIN32 /D_WINDOWS /utf-8 /MP  /MDd /Z7 /Ob0 /Od /RTC1  -MDd
  LINK_FLAGS = /machine:x64 /nologo    /debug /INCREMENTAL /subsystem:console
  LINK_LIBRARIES = lib\libcurl-d.lib  ws2_32.lib  iphlpapi.lib  kernel32.lib user32.lib gdi32.lib winspool.lib shell32.lib ole32.lib oleaut32.lib uuid.lib comdlg32.lib advapi32.lib
  OBJECT_DIR = docs\examples\CMakeFiles\curl-example-multi-double.dir
  POST_BUILD = cd .
  PRE_LINK = cd .
  TARGET_COMPILE_PDB = docs\examples\CMakeFiles\curl-example-multi-double.dir\
  TARGET_FILE = docs\examples\multi-double.exe
  TARGET_IMPLIB = docs\examples\multi-double.lib
  TARGET_PDB = docs\examples\multi-double.pdb
  TARGET_SUPPORT_DIR = docs\examples\CMakeFiles\curl-example-multi-double.dir

# =============================================================================
# Object build statements for EXECUTABLE target curl-example-multi-formadd


#############################################
# Order-only phony target for curl-example-multi-formadd

build cmake_object_order_depends_target_curl-example-multi-formadd: phony || cmake_object_order_depends_target_libcurl_shared

build docs\examples\CMakeFiles\curl-example-multi-formadd.dir\multi-formadd.c.obj: C_COMPILER__curl-example-multi-formadd_unscanned_Debug C$:\Users\19697\Documents\KeygenSDK\KeygenSDK\build-vs\vcpkg_installed\vcpkg\blds\curl\src\url-8_21_0-3ffa9f46b7.clean\docs\examples\multi-formadd.c || cmake_object_order_depends_target_curl-example-multi-formadd
  CONFIG = Debug
  DEFINES = -DCURL_NO_OLDIES -DHAVE_CONFIG_H -DUNICODE -DWIN32_LEAN_AND_MEAN -D_UNICODE
  FLAGS = /nologo /DWIN32 /D_WINDOWS /utf-8 /MP  /MDd /Z7 /Ob0 /Od /RTC1  -MDd -W4 -Wall -wd4061 -wd4191 -wd4255 -wd4464 -wd4548 -wd4574 -wd4668 -wd4710 -wd4711 -wd4746 -wd4820 -wd5045 -MP
  INCLUDES = -IC:\Users\19697\Documents\KeygenSDK\KeygenSDK\build-vs\vcpkg_installed\vcpkg\blds\curl\src\url-8_21_0-3ffa9f46b7.clean\include
  OBJECT_DIR = docs\examples\CMakeFiles\curl-example-multi-formadd.dir
  OBJECT_FILE_DIR = docs\examples\CMakeFiles\curl-example-multi-formadd.dir
  TARGET_COMPILE_PDB = docs\examples\CMakeFiles\curl-example-multi-formadd.dir\
  TARGET_PDB = docs\examples\multi-formadd.pdb
  TARGET_SUPPORT_DIR = docs\examples\CMakeFiles\curl-example-multi-formadd.dir


# =============================================================================
# Link build statements for EXECUTABLE target curl-example-multi-formadd


#############################################
# Link the executable docs\examples\multi-formadd.exe

build docs\examples\multi-formadd.exe: C_EXECUTABLE_LINKER__curl-example-multi-formadd_Debug docs\examples\CMakeFiles\curl-example-multi-formadd.dir\multi-formadd.c.obj | lib\libcurl-d.lib || lib\libcurl-d.dll
  CONFIG = Debug
  FLAGS = /nologo /DWIN32 /D_WINDOWS /utf-8 /MP  /MDd /Z7 /Ob0 /Od /RTC1  -MDd
  LINK_FLAGS = /machine:x64 /nologo    /debug /INCREMENTAL /subsystem:console
  LINK_LIBRARIES = lib\libcurl-d.lib  ws2_32.lib  iphlpapi.lib  kernel32.lib user32.lib gdi32.lib winspool.lib shell32.lib ole32.lib oleaut32.lib uuid.lib comdlg32.lib advapi32.lib
  OBJECT_DIR = docs\examples\CMakeFiles\curl-example-multi-formadd.dir
  POST_BUILD = cd .
  PRE_LINK = cd .
  TARGET_COMPILE_PDB = docs\examples\CMakeFiles\curl-example-multi-formadd.dir\
  TARGET_FILE = docs\examples\multi-formadd.exe
  TARGET_IMPLIB = docs\examples\multi-formadd.lib
  TARGET_PDB = docs\examples\multi-formadd.pdb
  TARGET_SUPPORT_DIR = docs\examples\CMakeFiles\curl-example-multi-formadd.dir

# =============================================================================
# Object build statements for EXECUTABLE target curl-example-multi-legacy


#############################################
# Order-only phony target for curl-example-multi-legacy

build cmake_object_order_depends_target_curl-example-multi-legacy: phony || cmake_object_order_depends_target_libcurl_shared

build docs\examples\CMakeFiles\curl-example-multi-legacy.dir\multi-legacy.c.obj: C_COMPILER__curl-example-multi-legacy_unscanned_Debug C$:\Users\19697\Documents\KeygenSDK\KeygenSDK\build-vs\vcpkg_installed\vcpkg\blds\curl\src\url-8_21_0-3ffa9f46b7.clean\docs\examples\multi-legacy.c || cmake_object_order_depends_target_curl-example-multi-legacy
  CONFIG = Debug
  DEFINES = -DCURL_NO_OLDIES -DHAVE_CONFIG_H -DUNICODE -DWIN32_LEAN_AND_MEAN -D_UNICODE
  FLAGS = /nologo /DWIN32 /D_WINDOWS /utf-8 /MP  /MDd /Z7 /Ob0 /Od /RTC1  -MDd -W4 -Wall -wd4061 -wd4191 -wd4255 -wd4464 -wd4548 -wd4574 -wd4668 -wd4710 -wd4711 -wd4746 -wd4820 -wd5045 -MP
  INCLUDES = -IC:\Users\19697\Documents\KeygenSDK\KeygenSDK\build-vs\vcpkg_installed\vcpkg\blds\curl\src\url-8_21_0-3ffa9f46b7.clean\include
  OBJECT_DIR = docs\examples\CMakeFiles\curl-example-multi-legacy.dir
  OBJECT_FILE_DIR = docs\examples\CMakeFiles\curl-example-multi-legacy.dir
  TARGET_COMPILE_PDB = docs\examples\CMakeFiles\curl-example-multi-legacy.dir\
  TARGET_PDB = docs\examples\multi-legacy.pdb
  TARGET_SUPPORT_DIR = docs\examples\CMakeFiles\curl-example-multi-legacy.dir


# =============================================================================
# Link build statements for EXECUTABLE target curl-example-multi-legacy


#############################################
# Link the executable docs\examples\multi-legacy.exe

build docs\examples\multi-legacy.exe: C_EXECUTABLE_LINKER__curl-example-multi-legacy_Debug docs\examples\CMakeFiles\curl-example-multi-legacy.dir\multi-legacy.c.obj | lib\libcurl-d.lib || lib\libcurl-d.dll
  CONFIG = Debug
  FLAGS = /nologo /DWIN32 /D_WINDOWS /utf-8 /MP  /MDd /Z7 /Ob0 /Od /RTC1  -MDd
  LINK_FLAGS = /machine:x64 /nologo    /debug /INCREMENTAL /subsystem:console
  LINK_LIBRARIES = lib\libcurl-d.lib  ws2_32.lib  iphlpapi.lib  kernel32.lib user32.lib gdi32.lib winspool.lib shell32.lib ole32.lib oleaut32.lib uuid.lib comdlg32.lib advapi32.lib
  OBJECT_DIR = docs\examples\CMakeFiles\curl-example-multi-legacy.dir
  POST_BUILD = cd .
  PRE_LINK = cd .
  TARGET_COMPILE_PDB = docs\examples\CMakeFiles\curl-example-multi-legacy.dir\
  TARGET_FILE = docs\examples\multi-legacy.exe
  TARGET_IMPLIB = docs\examples\multi-legacy.lib
  TARGET_PDB = docs\examples\multi-legacy.pdb
  TARGET_SUPPORT_DIR = docs\examples\CMakeFiles\curl-example-multi-legacy.dir

# =============================================================================
# Object build statements for EXECUTABLE target curl-example-multi-post


#############################################
# Order-only phony target for curl-example-multi-post

build cmake_object_order_depends_target_curl-example-multi-post: phony || cmake_object_order_depends_target_libcurl_shared

build docs\examples\CMakeFiles\curl-example-multi-post.dir\multi-post.c.obj: C_COMPILER__curl-example-multi-post_unscanned_Debug C$:\Users\19697\Documents\KeygenSDK\KeygenSDK\build-vs\vcpkg_installed\vcpkg\blds\curl\src\url-8_21_0-3ffa9f46b7.clean\docs\examples\multi-post.c || cmake_object_order_depends_target_curl-example-multi-post
  CONFIG = Debug
  DEFINES = -DCURL_NO_OLDIES -DHAVE_CONFIG_H -DUNICODE -DWIN32_LEAN_AND_MEAN -D_UNICODE
  FLAGS = /nologo /DWIN32 /D_WINDOWS /utf-8 /MP  /MDd /Z7 /Ob0 /Od /RTC1  -MDd -W4 -Wall -wd4061 -wd4191 -wd4255 -wd4464 -wd4548 -wd4574 -wd4668 -wd4710 -wd4711 -wd4746 -wd4820 -wd5045 -MP
  INCLUDES = -IC:\Users\19697\Documents\KeygenSDK\KeygenSDK\build-vs\vcpkg_installed\vcpkg\blds\curl\src\url-8_21_0-3ffa9f46b7.clean\include
  OBJECT_DIR = docs\examples\CMakeFiles\curl-example-multi-post.dir
  OBJECT_FILE_DIR = docs\examples\CMakeFiles\curl-example-multi-post.dir
  TARGET_COMPILE_PDB = docs\examples\CMakeFiles\curl-example-multi-post.dir\
  TARGET_PDB = docs\examples\multi-post.pdb
  TARGET_SUPPORT_DIR = docs\examples\CMakeFiles\curl-example-multi-post.dir


# =============================================================================
# Link build statements for EXECUTABLE target curl-example-multi-post


#############################################
# Link the executable docs\examples\multi-post.exe

build docs\examples\multi-post.exe: C_EXECUTABLE_LINKER__curl-example-multi-post_Debug docs\examples\CMakeFiles\curl-example-multi-post.dir\multi-post.c.obj | lib\libcurl-d.lib || lib\libcurl-d.dll
  CONFIG = Debug
  FLAGS = /nologo /DWIN32 /D_WINDOWS /utf-8 /MP  /MDd /Z7 /Ob0 /Od /RTC1  -MDd
  LINK_FLAGS = /machine:x64 /nologo    /debug /INCREMENTAL /subsystem:console
  LINK_LIBRARIES = lib\libcurl-d.lib  ws2_32.lib  iphlpapi.lib  kernel32.lib user32.lib gdi32.lib winspool.lib shell32.lib ole32.lib oleaut32.lib uuid.lib comdlg32.lib advapi32.lib
  OBJECT_DIR = docs\examples\CMakeFiles\curl-example-multi-post.dir
  POST_BUILD = cd .
  PRE_LINK = cd .
  TARGET_COMPILE_PDB = docs\examples\CMakeFiles\curl-example-multi-post.dir\
  TARGET_FILE = docs\examples\multi-post.exe
  TARGET_IMPLIB = docs\examples\multi-post.lib
  TARGET_PDB = docs\examples\multi-post.pdb
  TARGET_SUPPORT_DIR = docs\examples\CMakeFiles\curl-example-multi-post.dir

# =============================================================================
# Object build statements for EXECUTABLE target curl-example-multi-single


#############################################
# Order-only phony target for curl-example-multi-single

build cmake_object_order_depends_target_curl-example-multi-single: phony || cmake_object_order_depends_target_libcurl_shared

build docs\examples\CMakeFiles\curl-example-multi-single.dir\multi-single.c.obj: C_COMPILER__curl-example-multi-single_unscanned_Debug C$:\Users\19697\Documents\KeygenSDK\KeygenSDK\build-vs\vcpkg_installed\vcpkg\blds\curl\src\url-8_21_0-3ffa9f46b7.clean\docs\examples\multi-single.c || cmake_object_order_depends_target_curl-example-multi-single
  CONFIG = Debug
  DEFINES = -DCURL_NO_OLDIES -DHAVE_CONFIG_H -DUNICODE -DWIN32_LEAN_AND_MEAN -D_UNICODE
  FLAGS = /nologo /DWIN32 /D_WINDOWS /utf-8 /MP  /MDd /Z7 /Ob0 /Od /RTC1  -MDd -W4 -Wall -wd4061 -wd4191 -wd4255 -wd4464 -wd4548 -wd4574 -wd4668 -wd4710 -wd4711 -wd4746 -wd4820 -wd5045 -MP
  INCLUDES = -IC:\Users\19697\Documents\KeygenSDK\KeygenSDK\build-vs\vcpkg_installed\vcpkg\blds\curl\src\url-8_21_0-3ffa9f46b7.clean\include
  OBJECT_DIR = docs\examples\CMakeFiles\curl-example-multi-single.dir
  OBJECT_FILE_DIR = docs\examples\CMakeFiles\curl-example-multi-single.dir
  TARGET_COMPILE_PDB = docs\examples\CMakeFiles\curl-example-multi-single.dir\
  TARGET_PDB = docs\examples\multi-single.pdb
  TARGET_SUPPORT_DIR = docs\examples\CMakeFiles\curl-example-multi-single.dir


# =============================================================================
# Link build statements for EXECUTABLE target curl-example-multi-single


#############################################
# Link the executable docs\examples\multi-single.exe

build docs\examples\multi-single.exe: C_EXECUTABLE_LINKER__curl-example-multi-single_Debug docs\examples\CMakeFiles\curl-example-multi-single.dir\multi-single.c.obj | lib\libcurl-d.lib || lib\libcurl-d.dll
  CONFIG = Debug
  FLAGS = /nologo /DWIN32 /D_WINDOWS /utf-8 /MP  /MDd /Z7 /Ob0 /Od /RTC1  -MDd
  LINK_FLAGS = /machine:x64 /nologo    /debug /INCREMENTAL /subsystem:console
  LINK_LIBRARIES = lib\libcurl-d.lib  ws2_32.lib  iphlpapi.lib  kernel32.lib user32.lib gdi32.lib winspool.lib shell32.lib ole32.lib oleaut32.lib uuid.lib comdlg32.lib advapi32.lib
  OBJECT_DIR = docs\examples\CMakeFiles\curl-example-multi-single.dir
  POST_BUILD = cd .
  PRE_LINK = cd .
  TARGET_COMPILE_PDB = docs\examples\CMakeFiles\curl-example-multi-single.dir\
  TARGET_FILE = docs\examples\multi-single.exe
  TARGET_IMPLIB = docs\examples\multi-single.lib
  TARGET_PDB = docs\examples\multi-single.pdb
  TARGET_SUPPORT_DIR = docs\examples\CMakeFiles\curl-example-multi-single.dir

# =============================================================================
# Object build statements for EXECUTABLE target curl-example-netrc


#############################################
# Order-only phony target for curl-example-netrc

build cmake_object_order_depends_target_curl-example-netrc: phony || cmake_object_order_depends_target_libcurl_shared

build docs\examples\CMakeFiles\curl-example-netrc.dir\netrc.c.obj: C_COMPILER__curl-example-netrc_unscanned_Debug C$:\Users\19697\Documents\KeygenSDK\KeygenSDK\build-vs\vcpkg_installed\vcpkg\blds\curl\src\url-8_21_0-3ffa9f46b7.clean\docs\examples\netrc.c || cmake_object_order_depends_target_curl-example-netrc
  CONFIG = Debug
  DEFINES = -DCURL_NO_OLDIES -DHAVE_CONFIG_H -DUNICODE -DWIN32_LEAN_AND_MEAN -D_UNICODE
  FLAGS = /nologo /DWIN32 /D_WINDOWS /utf-8 /MP  /MDd /Z7 /Ob0 /Od /RTC1  -MDd -W4 -Wall -wd4061 -wd4191 -wd4255 -wd4464 -wd4548 -wd4574 -wd4668 -wd4710 -wd4711 -wd4746 -wd4820 -wd5045 -MP
  INCLUDES = -IC:\Users\19697\Documents\KeygenSDK\KeygenSDK\build-vs\vcpkg_installed\vcpkg\blds\curl\src\url-8_21_0-3ffa9f46b7.clean\include
  OBJECT_DIR = docs\examples\CMakeFiles\curl-example-netrc.dir
  OBJECT_FILE_DIR = docs\examples\CMakeFiles\curl-example-netrc.dir
  TARGET_COMPILE_PDB = docs\examples\CMakeFiles\curl-example-netrc.dir\
  TARGET_PDB = docs\examples\netrc.pdb
  TARGET_SUPPORT_DIR = docs\examples\CMakeFiles\curl-example-netrc.dir


# =============================================================================
# Link build statements for EXECUTABLE target curl-example-netrc


#############################################
# Link the executable docs\examples\netrc.exe

build docs\examples\netrc.exe: C_EXECUTABLE_LINKER__curl-example-netrc_Debug docs\examples\CMakeFiles\curl-example-netrc.dir\netrc.c.obj | lib\libcurl-d.lib || lib\libcurl-d.dll
  CONFIG = Debug
  FLAGS = /nologo /DWIN32 /D_WINDOWS /utf-8 /MP  /MDd /Z7 /Ob0 /Od /RTC1  -MDd
  LINK_FLAGS = /machine:x64 /nologo    /debug /INCREMENTAL /subsystem:console
  LINK_LIBRARIES = lib\libcurl-d.lib  ws2_32.lib  iphlpapi.lib  kernel32.lib user32.lib gdi32.lib winspool.lib shell32.lib ole32.lib oleaut32.lib uuid.lib comdlg32.lib advapi32.lib
  OBJECT_DIR = docs\examples\CMakeFiles\curl-example-netrc.dir
  POST_BUILD = cd .
  PRE_LINK = cd .
  TARGET_COMPILE_PDB = docs\examples\CMakeFiles\curl-example-netrc.dir\
  TARGET_FILE = docs\examples\netrc.exe
  TARGET_IMPLIB = docs\examples\netrc.lib
  TARGET_PDB = docs\examples\netrc.pdb
  TARGET_SUPPORT_DIR = docs\examples\CMakeFiles\curl-example-netrc.dir

# =============================================================================
# Object build statements for EXECUTABLE target curl-example-parseurl


#############################################
# Order-only phony target for curl-example-parseurl

build cmake_object_order_depends_target_curl-example-parseurl: phony || cmake_object_order_depends_target_libcurl_shared

build docs\examples\CMakeFiles\curl-example-parseurl.dir\parseurl.c.obj: C_COMPILER__curl-example-parseurl_unscanned_Debug C$:\Users\19697\Documents\KeygenSDK\KeygenSDK\build-vs\vcpkg_installed\vcpkg\blds\curl\src\url-8_21_0-3ffa9f46b7.clean\docs\examples\parseurl.c || cmake_object_order_depends_target_curl-example-parseurl
  CONFIG = Debug
  DEFINES = -DCURL_NO_OLDIES -DHAVE_CONFIG_H -DUNICODE -DWIN32_LEAN_AND_MEAN -D_UNICODE
  FLAGS = /nologo /DWIN32 /D_WINDOWS /utf-8 /MP  /MDd /Z7 /Ob0 /Od /RTC1  -MDd -W4 -Wall -wd4061 -wd4191 -wd4255 -wd4464 -wd4548 -wd4574 -wd4668 -wd4710 -wd4711 -wd4746 -wd4820 -wd5045 -MP
  INCLUDES = -IC:\Users\19697\Documents\KeygenSDK\KeygenSDK\build-vs\vcpkg_installed\vcpkg\blds\curl\src\url-8_21_0-3ffa9f46b7.clean\include
  OBJECT_DIR = docs\examples\CMakeFiles\curl-example-parseurl.dir
  OBJECT_FILE_DIR = docs\examples\CMakeFiles\curl-example-parseurl.dir
  TARGET_COMPILE_PDB = docs\examples\CMakeFiles\curl-example-parseurl.dir\
  TARGET_PDB = docs\examples\parseurl.pdb
  TARGET_SUPPORT_DIR = docs\examples\CMakeFiles\curl-example-parseurl.dir


# =============================================================================
# Link build statements for EXECUTABLE target curl-example-parseurl


#############################################
# Link the executable docs\examples\parseurl.exe

build docs\examples\parseurl.exe: C_EXECUTABLE_LINKER__curl-example-parseurl_Debug docs\examples\CMakeFiles\curl-example-parseurl.dir\parseurl.c.obj | lib\libcurl-d.lib || lib\libcurl-d.dll
  CONFIG = Debug
  FLAGS = /nologo /DWIN32 /D_WINDOWS /utf-8 /MP  /MDd /Z7 /Ob0 /Od /RTC1  -MDd
  LINK_FLAGS = /machine:x64 /nologo    /debug /INCREMENTAL /subsystem:console
  LINK_LIBRARIES = lib\libcurl-d.lib  ws2_32.lib  iphlpapi.lib  kernel32.lib user32.lib gdi32.lib winspool.lib shell32.lib ole32.lib oleaut32.lib uuid.lib comdlg32.lib advapi32.lib
  OBJECT_DIR = docs\examples\CMakeFiles\curl-example-parseurl.dir
  POST_BUILD = cd .
  PRE_LINK = cd .
  TARGET_COMPILE_PDB = docs\examples\CMakeFiles\curl-example-parseurl.dir\
  TARGET_FILE = docs\examples\parseurl.exe
  TARGET_IMPLIB = docs\examples\parseurl.lib
  TARGET_PDB = docs\examples\parseurl.pdb
  TARGET_SUPPORT_DIR = docs\examples\CMakeFiles\curl-example-parseurl.dir

# =============================================================================
# Object build statements for EXECUTABLE target curl-example-persistent


#############################################
# Order-only phony target for curl-example-persistent

build cmake_object_order_depends_target_curl-example-persistent: phony || cmake_object_order_depends_target_libcurl_shared

build docs\examples\CMakeFiles\curl-example-persistent.dir\persistent.c.obj: C_COMPILER__curl-example-persistent_unscanned_Debug C$:\Users\19697\Documents\KeygenSDK\KeygenSDK\build-vs\vcpkg_installed\vcpkg\blds\curl\src\url-8_21_0-3ffa9f46b7.clean\docs\examples\persistent.c || cmake_object_order_depends_target_curl-example-persistent
  CONFIG = Debug
  DEFINES = -DCURL_NO_OLDIES -DHAVE_CONFIG_H -DUNICODE -DWIN32_LEAN_AND_MEAN -D_UNICODE
  FLAGS = /nologo /DWIN32 /D_WINDOWS /utf-8 /MP  /MDd /Z7 /Ob0 /Od /RTC1  -MDd -W4 -Wall -wd4061 -wd4191 -wd4255 -wd4464 -wd4548 -wd4574 -wd4668 -wd4710 -wd4711 -wd4746 -wd4820 -wd5045 -MP
  INCLUDES = -IC:\Users\19697\Documents\KeygenSDK\KeygenSDK\build-vs\vcpkg_installed\vcpkg\blds\curl\src\url-8_21_0-3ffa9f46b7.clean\include
  OBJECT_DIR = docs\examples\CMakeFiles\curl-example-persistent.dir
  OBJECT_FILE_DIR = docs\examples\CMakeFiles\curl-example-persistent.dir
  TARGET_COMPILE_PDB = docs\examples\CMakeFiles\curl-example-persistent.dir\
  TARGET_PDB = docs\examples\persistent.pdb
  TARGET_SUPPORT_DIR = docs\examples\CMakeFiles\curl-example-persistent.dir


# =============================================================================
# Link build statements for EXECUTABLE target curl-example-persistent


#############################################
# Link the executable docs\examples\persistent.exe

build docs\examples\persistent.exe: C_EXECUTABLE_LINKER__curl-example-persistent_Debug docs\examples\CMakeFiles\curl-example-persistent.dir\persistent.c.obj | lib\libcurl-d.lib || lib\libcurl-d.dll
  CONFIG = Debug
  FLAGS = /nologo /DWIN32 /D_WINDOWS /utf-8 /MP  /MDd /Z7 /Ob0 /Od /RTC1  -MDd
  LINK_FLAGS = /machine:x64 /nologo    /debug /INCREMENTAL /subsystem:console
  LINK_LIBRARIES = lib\libcurl-d.lib  ws2_32.lib  iphlpapi.lib  kernel32.lib user32.lib gdi32.lib winspool.lib shell32.lib ole32.lib oleaut32.lib uuid.lib comdlg32.lib advapi32.lib
  OBJECT_DIR = docs\examples\CMakeFiles\curl-example-persistent.dir
  POST_BUILD = cd .
  PRE_LINK = cd .
  TARGET_COMPILE_PDB = docs\examples\CMakeFiles\curl-example-persistent.dir\
  TARGET_FILE = docs\examples\persistent.exe
  TARGET_IMPLIB = docs\examples\persistent.lib
  TARGET_PDB = docs\examples\persistent.pdb
  TARGET_SUPPORT_DIR = docs\examples\CMakeFiles\curl-example-persistent.dir

# =============================================================================
# Object build statements for EXECUTABLE target curl-example-pop3-authzid


#############################################
# Order-only phony target for curl-example-pop3-authzid

build cmake_object_order_depends_target_curl-example-pop3-authzid: phony || cmake_object_order_depends_target_libcurl_shared

build docs\examples\CMakeFiles\curl-example-pop3-authzid.dir\pop3-authzid.c.obj: C_COMPILER__curl-example-pop3-authzid_unscanned_Debug C$:\Users\19697\Documents\KeygenSDK\KeygenSDK\build-vs\vcpkg_installed\vcpkg\blds\curl\src\url-8_21_0-3ffa9f46b7.clean\docs\examples\pop3-authzid.c || cmake_object_order_depends_target_curl-example-pop3-authzid
  CONFIG = Debug
  DEFINES = -DCURL_NO_OLDIES -DHAVE_CONFIG_H -DUNICODE -DWIN32_LEAN_AND_MEAN -D_UNICODE
  FLAGS = /nologo /DWIN32 /D_WINDOWS /utf-8 /MP  /MDd /Z7 /Ob0 /Od /RTC1  -MDd -W4 -Wall -wd4061 -wd4191 -wd4255 -wd4464 -wd4548 -wd4574 -wd4668 -wd4710 -wd4711 -wd4746 -wd4820 -wd5045 -MP
  INCLUDES = -IC:\Users\19697\Documents\KeygenSDK\KeygenSDK\build-vs\vcpkg_installed\vcpkg\blds\curl\src\url-8_21_0-3ffa9f46b7.clean\include
  OBJECT_DIR = docs\examples\CMakeFiles\curl-example-pop3-authzid.dir
  OBJECT_FILE_DIR = docs\examples\CMakeFiles\curl-example-pop3-authzid.dir
  TARGET_COMPILE_PDB = docs\examples\CMakeFiles\curl-example-pop3-authzid.dir\
  TARGET_PDB = docs\examples\pop3-authzid.pdb
  TARGET_SUPPORT_DIR = docs\examples\CMakeFiles\curl-example-pop3-authzid.dir


# =============================================================================
# Link build statements for EXECUTABLE target curl-example-pop3-authzid


#############################################
# Link the executable docs\examples\pop3-authzid.exe

build docs\examples\pop3-authzid.exe: C_EXECUTABLE_LINKER__curl-example-pop3-authzid_Debug docs\examples\CMakeFiles\curl-example-pop3-authzid.dir\pop3-authzid.c.obj | lib\libcurl-d.lib || lib\libcurl-d.dll
  CONFIG = Debug
  FLAGS = /nologo /DWIN32 /D_WINDOWS /utf-8 /MP  /MDd /Z7 /Ob0 /Od /RTC1  -MDd
  LINK_FLAGS = /machine:x64 /nologo    /debug /INCREMENTAL /subsystem:console
  LINK_LIBRARIES = lib\libcurl-d.lib  ws2_32.lib  iphlpapi.lib  kernel32.lib user32.lib gdi32.lib winspool.lib shell32.lib ole32.lib oleaut32.lib uuid.lib comdlg32.lib advapi32.lib
  OBJECT_DIR = docs\examples\CMakeFiles\curl-example-pop3-authzid.dir
  POST_BUILD = cd .
  PRE_LINK = cd .
  TARGET_COMPILE_PDB = docs\examples\CMakeFiles\curl-example-pop3-authzid.dir\
  TARGET_FILE = docs\examples\pop3-authzid.exe
  TARGET_IMPLIB = docs\examples\pop3-authzid.lib
  TARGET_PDB = docs\examples\pop3-authzid.pdb
  TARGET_SUPPORT_DIR = docs\examples\CMakeFiles\curl-example-pop3-authzid.dir

# =============================================================================
# Object build statements for EXECUTABLE target curl-example-pop3-dele


#############################################
# Order-only phony target for curl-example-pop3-dele

build cmake_object_order_depends_target_curl-example-pop3-dele: phony || cmake_object_order_depends_target_libcurl_shared

build docs\examples\CMakeFiles\curl-example-pop3-dele.dir\pop3-dele.c.obj: C_COMPILER__curl-example-pop3-dele_unscanned_Debug C$:\Users\19697\Documents\KeygenSDK\KeygenSDK\build-vs\vcpkg_installed\vcpkg\blds\curl\src\url-8_21_0-3ffa9f46b7.clean\docs\examples\pop3-dele.c || cmake_object_order_depends_target_curl-example-pop3-dele
  CONFIG = Debug
  DEFINES = -DCURL_NO_OLDIES -DHAVE_CONFIG_H -DUNICODE -DWIN32_LEAN_AND_MEAN -D_UNICODE
  FLAGS = /nologo /DWIN32 /D_WINDOWS /utf-8 /MP  /MDd /Z7 /Ob0 /Od /RTC1  -MDd -W4 -Wall -wd4061 -wd4191 -wd4255 -wd4464 -wd4548 -wd4574 -wd4668 -wd4710 -wd4711 -wd4746 -wd4820 -wd5045 -MP
  INCLUDES = -IC:\Users\19697\Documents\KeygenSDK\KeygenSDK\build-vs\vcpkg_installed\vcpkg\blds\curl\src\url-8_21_0-3ffa9f46b7.clean\include
  OBJECT_DIR = docs\examples\CMakeFiles\curl-example-pop3-dele.dir
  OBJECT_FILE_DIR = docs\examples\CMakeFiles\curl-example-pop3-dele.dir
  TARGET_COMPILE_PDB = docs\examples\CMakeFiles\curl-example-pop3-dele.dir\
  TARGET_PDB = docs\examples\pop3-dele.pdb
  TARGET_SUPPORT_DIR = docs\examples\CMakeFiles\curl-example-pop3-dele.dir


# =============================================================================
# Link build statements for EXECUTABLE target curl-example-pop3-dele


#############################################
# Link the executable docs\examples\pop3-dele.exe

build docs\examples\pop3-dele.exe: C_EXECUTABLE_LINKER__curl-example-pop3-dele_Debug docs\examples\CMakeFiles\curl-example-pop3-dele.dir\pop3-dele.c.obj | lib\libcurl-d.lib || lib\libcurl-d.dll
  CONFIG = Debug
  FLAGS = /nologo /DWIN32 /D_WINDOWS /utf-8 /MP  /MDd /Z7 /Ob0 /Od /RTC1  -MDd
  LINK_FLAGS = /machine:x64 /nologo    /debug /INCREMENTAL /subsystem:console
  LINK_LIBRARIES = lib\libcurl-d.lib  ws2_32.lib  iphlpapi.lib  kernel32.lib user32.lib gdi32.lib winspool.lib shell32.lib ole32.lib oleaut32.lib uuid.lib comdlg32.lib advapi32.lib
  OBJECT_DIR = docs\examples\CMakeFiles\curl-example-pop3-dele.dir
  POST_BUILD = cd .
  PRE_LINK = cd .
  TARGET_COMPILE_PDB = docs\examples\CMakeFiles\curl-example-pop3-dele.dir\
  TARGET_FILE = docs\examples\pop3-dele.exe
  TARGET_IMPLIB = docs\examples\pop3-dele.lib
  TARGET_PDB = docs\examples\pop3-dele.pdb
  TARGET_SUPPORT_DIR = docs\examples\CMakeFiles\curl-example-pop3-dele.dir

# =============================================================================
# Object build statements for EXECUTABLE target curl-example-pop3-list


#############################################
# Order-only phony target for curl-example-pop3-list

build cmake_object_order_depends_target_curl-example-pop3-list: phony || cmake_object_order_depends_target_libcurl_shared

build docs\examples\CMakeFiles\curl-example-pop3-list.dir\pop3-list.c.obj: C_COMPILER__curl-example-pop3-list_unscanned_Debug C$:\Users\19697\Documents\KeygenSDK\KeygenSDK\build-vs\vcpkg_installed\vcpkg\blds\curl\src\url-8_21_0-3ffa9f46b7.clean\docs\examples\pop3-list.c || cmake_object_order_depends_target_curl-example-pop3-list
  CONFIG = Debug
  DEFINES = -DCURL_NO_OLDIES -DHAVE_CONFIG_H -DUNICODE -DWIN32_LEAN_AND_MEAN -D_UNICODE
  FLAGS = /nologo /DWIN32 /D_WINDOWS /utf-8 /MP  /MDd /Z7 /Ob0 /Od /RTC1  -MDd -W4 -Wall -wd4061 -wd4191 -wd4255 -wd4464 -wd4548 -wd4574 -wd4668 -wd4710 -wd4711 -wd4746 -wd4820 -wd5045 -MP
  INCLUDES = -IC:\Users\19697\Documents\KeygenSDK\KeygenSDK\build-vs\vcpkg_installed\vcpkg\blds\curl\src\url-8_21_0-3ffa9f46b7.clean\include
  OBJECT_DIR = docs\examples\CMakeFiles\curl-example-pop3-list.dir
  OBJECT_FILE_DIR = docs\examples\CMakeFiles\curl-example-pop3-list.dir
  TARGET_COMPILE_PDB = docs\examples\CMakeFiles\curl-example-pop3-list.dir\
  TARGET_PDB = docs\examples\pop3-list.pdb
  TARGET_SUPPORT_DIR = docs\examples\CMakeFiles\curl-example-pop3-list.dir


# =============================================================================
# Link build statements for EXECUTABLE target curl-example-pop3-list


#############################################
# Link the executable docs\examples\pop3-list.exe

build docs\examples\pop3-list.exe: C_EXECUTABLE_LINKER__curl-example-pop3-list_Debug docs\examples\CMakeFiles\curl-example-pop3-list.dir\pop3-list.c.obj | lib\libcurl-d.lib || lib\libcurl-d.dll
  CONFIG = Debug
  FLAGS = /nologo /DWIN32 /D_WINDOWS /utf-8 /MP  /MDd /Z7 /Ob0 /Od /RTC1  -MDd
  LINK_FLAGS = /machine:x64 /nologo    /debug /INCREMENTAL /subsystem:console
  LINK_LIBRARIES = lib\libcurl-d.lib  ws2_32.lib  iphlpapi.lib  kernel32.lib user32.lib gdi32.lib winspool.lib shell32.lib ole32.lib oleaut32.lib uuid.lib comdlg32.lib advapi32.lib
  OBJECT_DIR = docs\examples\CMakeFiles\curl-example-pop3-list.dir
  POST_BUILD = cd .
  PRE_LINK = cd .
  TARGET_COMPILE_PDB = docs\examples\CMakeFiles\curl-example-pop3-list.dir\
  TARGET_FILE = docs\examples\pop3-list.exe
  TARGET_IMPLIB = docs\examples\pop3-list.lib
  TARGET_PDB = docs\examples\pop3-list.pdb
  TARGET_SUPPORT_DIR = docs\examples\CMakeFiles\curl-example-pop3-list.dir

# =============================================================================
# Object build statements for EXECUTABLE target curl-example-pop3-multi


#############################################
# Order-only phony target for curl-example-pop3-multi

build cmake_object_order_depends_target_curl-example-pop3-multi: phony || cmake_object_order_depends_target_libcurl_shared

build docs\examples\CMakeFiles\curl-example-pop3-multi.dir\pop3-multi.c.obj: C_COMPILER__curl-example-pop3-multi_unscanned_Debug C$:\Users\19697\Documents\KeygenSDK\KeygenSDK\build-vs\vcpkg_installed\vcpkg\blds\curl\src\url-8_21_0-3ffa9f46b7.clean\docs\examples\pop3-multi.c || cmake_object_order_depends_target_curl-example-pop3-multi
  CONFIG = Debug
  DEFINES = -DCURL_NO_OLDIES -DHAVE_CONFIG_H -DUNICODE -DWIN32_LEAN_AND_MEAN -D_UNICODE
  FLAGS = /nologo /DWIN32 /D_WINDOWS /utf-8 /MP  /MDd /Z7 /Ob0 /Od /RTC1  -MDd -W4 -Wall -wd4061 -wd4191 -wd4255 -wd4464 -wd4548 -wd4574 -wd4668 -wd4710 -wd4711 -wd4746 -wd4820 -wd5045 -MP
  INCLUDES = -IC:\Users\19697\Documents\KeygenSDK\KeygenSDK\build-vs\vcpkg_installed\vcpkg\blds\curl\src\url-8_21_0-3ffa9f46b7.clean\include
  OBJECT_DIR = docs\examples\CMakeFiles\curl-example-pop3-multi.dir
  OBJECT_FILE_DIR = docs\examples\CMakeFiles\curl-example-pop3-multi.dir
  TARGET_COMPILE_PDB = docs\examples\CMakeFiles\curl-example-pop3-multi.dir\
  TARGET_PDB = docs\examples\pop3-multi.pdb
  TARGET_SUPPORT_DIR = docs\examples\CMakeFiles\curl-example-pop3-multi.dir


# =============================================================================
# Link build statements for EXECUTABLE target curl-example-pop3-multi


#############################################
# Link the executable docs\examples\pop3-multi.exe

build docs\examples\pop3-multi.exe: C_EXECUTABLE_LINKER__curl-example-pop3-multi_Debug docs\examples\CMakeFiles\curl-example-pop3-multi.dir\pop3-multi.c.obj | lib\libcurl-d.lib || lib\libcurl-d.dll
  CONFIG = Debug
  FLAGS = /nologo /DWIN32 /D_WINDOWS /utf-8 /MP  /MDd /Z7 /Ob0 /Od /RTC1  -MDd
  LINK_FLAGS = /machine:x64 /nologo    /debug /INCREMENTAL /subsystem:console
  LINK_LIBRARIES = lib\libcurl-d.lib  ws2_32.lib  iphlpapi.lib  kernel32.lib user32.lib gdi32.lib winspool.lib shell32.lib ole32.lib oleaut32.lib uuid.lib comdlg32.lib advapi32.lib
  OBJECT_DIR = docs\examples\CMakeFiles\curl-example-pop3-multi.dir
  POST_BUILD = cd .
  PRE_LINK = cd .
  TARGET_COMPILE_PDB = docs\examples\CMakeFiles\curl-example-pop3-multi.dir\
  TARGET_FILE = docs\examples\pop3-multi.exe
  TARGET_IMPLIB = docs\examples\pop3-multi.lib
  TARGET_PDB = docs\examples\pop3-multi.pdb
  TARGET_SUPPORT_DIR = docs\examples\CMakeFiles\curl-example-pop3-multi.dir

# =============================================================================
# Object build statements for EXECUTABLE target curl-example-pop3-noop


#############################################
# Order-only phony target for curl-example-pop3-noop

build cmake_object_order_depends_target_curl-example-pop3-noop: phony || cmake_object_order_depends_target_libcurl_shared

build docs\examples\CMakeFiles\curl-example-pop3-noop.dir\pop3-noop.c.obj: C_COMPILER__curl-example-pop3-noop_unscanned_Debug C$:\Users\19697\Documents\KeygenSDK\KeygenSDK\build-vs\vcpkg_installed\vcpkg\blds\curl\src\url-8_21_0-3ffa9f46b7.clean\docs\examples\pop3-noop.c || cmake_object_order_depends_target_curl-example-pop3-noop
  CONFIG = Debug
  DEFINES = -DCURL_NO_OLDIES -DHAVE_CONFIG_H -DUNICODE -DWIN32_LEAN_AND_MEAN -D_UNICODE
  FLAGS = /nologo /DWIN32 /D_WINDOWS /utf-8 /MP  /MDd /Z7 /Ob0 /Od /RTC1  -MDd -W4 -Wall -wd4061 -wd4191 -wd4255 -wd4464 -wd4548 -wd4574 -wd4668 -wd4710 -wd4711 -wd4746 -wd4820 -wd5045 -MP
  INCLUDES = -IC:\Users\19697\Documents\KeygenSDK\KeygenSDK\build-vs\vcpkg_installed\vcpkg\blds\curl\src\url-8_21_0-3ffa9f46b7.clean\include
  OBJECT_DIR = docs\examples\CMakeFiles\curl-example-pop3-noop.dir
  OBJECT_FILE_DIR = docs\examples\CMakeFiles\curl-example-pop3-noop.dir
  TARGET_COMPILE_PDB = docs\examples\CMakeFiles\curl-example-pop3-noop.dir\
  TARGET_PDB = docs\examples\pop3-noop.pdb
  TARGET_SUPPORT_DIR = docs\examples\CMakeFiles\curl-example-pop3-noop.dir


# =============================================================================
# Link build statements for EXECUTABLE target curl-example-pop3-noop


#############################################
# Link the executable docs\examples\pop3-noop.exe

build docs\examples\pop3-noop.exe: C_EXECUTABLE_LINKER__curl-example-pop3-noop_Debug docs\examples\CMakeFiles\curl-example-pop3-noop.dir\pop3-noop.c.obj | lib\libcurl-d.lib || lib\libcurl-d.dll
  CONFIG = Debug
  FLAGS = /nologo /DWIN32 /D_WINDOWS /utf-8 /MP  /MDd /Z7 /Ob0 /Od /RTC1  -MDd
  LINK_FLAGS = /machine:x64 /nologo    /debug /INCREMENTAL /subsystem:console
  LINK_LIBRARIES = lib\libcurl-d.lib  ws2_32.lib  iphlpapi.lib  kernel32.lib user32.lib gdi32.lib winspool.lib shell32.lib ole32.lib oleaut32.lib uuid.lib comdlg32.lib advapi32.lib
  OBJECT_DIR = docs\examples\CMakeFiles\curl-example-pop3-noop.dir
  POST_BUILD = cd .
  PRE_LINK = cd .
  TARGET_COMPILE_PDB = docs\examples\CMakeFiles\curl-example-pop3-noop.dir\
  TARGET_FILE = docs\examples\pop3-noop.exe
  TARGET_IMPLIB = docs\examples\pop3-noop.lib
  TARGET_PDB = docs\examples\pop3-noop.pdb
  TARGET_SUPPORT_DIR = docs\examples\CMakeFiles\curl-example-pop3-noop.dir

# =============================================================================
# Object build statements for EXECUTABLE target curl-example-pop3-retr


#############################################
# Order-only phony target for curl-example-pop3-retr

build cmake_object_order_depends_target_curl-example-pop3-retr: phony || cmake_object_order_depends_target_libcurl_shared

build docs\examples\CMakeFiles\curl-example-pop3-retr.dir\pop3-retr.c.obj: C_COMPILER__curl-example-pop3-retr_unscanned_Debug C$:\Users\19697\Documents\KeygenSDK\KeygenSDK\build-vs\vcpkg_installed\vcpkg\blds\curl\src\url-8_21_0-3ffa9f46b7.clean\docs\examples\pop3-retr.c || cmake_object_order_depends_target_curl-example-pop3-retr
  CONFIG = Debug
  DEFINES = -DCURL_NO_OLDIES -DHAVE_CONFIG_H -DUNICODE -DWIN32_LEAN_AND_MEAN -D_UNICODE
  FLAGS = /nologo /DWIN32 /D_WINDOWS /utf-8 /MP  /MDd /Z7 /Ob0 /Od /RTC1  -MDd -W4 -Wall -wd4061 -wd4191 -wd4255 -wd4464 -wd4548 -wd4574 -wd4668 -wd4710 -wd4711 -wd4746 -wd4820 -wd5045 -MP
  INCLUDES = -IC:\Users\19697\Documents\KeygenSDK\KeygenSDK\build-vs\vcpkg_installed\vcpkg\blds\curl\src\url-8_21_0-3ffa9f46b7.clean\include
  OBJECT_DIR = docs\examples\CMakeFiles\curl-example-pop3-retr.dir
  OBJECT_FILE_DIR = docs\examples\CMakeFiles\curl-example-pop3-retr.dir
  TARGET_COMPILE_PDB = docs\examples\CMakeFiles\curl-example-pop3-retr.dir\
  TARGET_PDB = docs\examples\pop3-retr.pdb
  TARGET_SUPPORT_DIR = docs\examples\CMakeFiles\curl-example-pop3-retr.dir


# =============================================================================
# Link build statements for EXECUTABLE target curl-example-pop3-retr


#############################################
# Link the executable docs\examples\pop3-retr.exe

build docs\examples\pop3-retr.exe: C_EXECUTABLE_LINKER__curl-example-pop3-retr_Debug docs\examples\CMakeFiles\curl-example-pop3-retr.dir\pop3-retr.c.obj | lib\libcurl-d.lib || lib\libcurl-d.dll
  CONFIG = Debug
  FLAGS = /nologo /DWIN32 /D_WINDOWS /utf-8 /MP  /MDd /Z7 /Ob0 /Od /RTC1  -MDd
  LINK_FLAGS = /machine:x64 /nologo    /debug /INCREMENTAL /subsystem:console
  LINK_LIBRARIES = lib\libcurl-d.lib  ws2_32.lib  iphlpapi.lib  kernel32.lib user32.lib gdi32.lib winspool.lib shell32.lib ole32.lib oleaut32.lib uuid.lib comdlg32.lib advapi32.lib
  OBJECT_DIR = docs\examples\CMakeFiles\curl-example-pop3-retr.dir
  POST_BUILD = cd .
  PRE_LINK = cd .
  TARGET_COMPILE_PDB = docs\examples\CMakeFiles\curl-example-pop3-retr.dir\
  TARGET_FILE = docs\examples\pop3-retr.exe
  TARGET_IMPLIB = docs\examples\pop3-retr.lib
  TARGET_PDB = docs\examples\pop3-retr.pdb
  TARGET_SUPPORT_DIR = docs\examples\CMakeFiles\curl-example-pop3-retr.dir

# =============================================================================
# Object build statements for EXECUTABLE target curl-example-pop3-ssl


#############################################
# Order-only phony target for curl-example-pop3-ssl

build cmake_object_order_depends_target_curl-example-pop3-ssl: phony || cmake_object_order_depends_target_libcurl_shared

build docs\examples\CMakeFiles\curl-example-pop3-ssl.dir\pop3-ssl.c.obj: C_COMPILER__curl-example-pop3-ssl_unscanned_Debug C$:\Users\19697\Documents\KeygenSDK\KeygenSDK\build-vs\vcpkg_installed\vcpkg\blds\curl\src\url-8_21_0-3ffa9f46b7.clean\docs\examples\pop3-ssl.c || cmake_object_order_depends_target_curl-example-pop3-ssl
  CONFIG = Debug
  DEFINES = -DCURL_NO_OLDIES -DHAVE_CONFIG_H -DUNICODE -DWIN32_LEAN_AND_MEAN -D_UNICODE
  FLAGS = /nologo /DWIN32 /D_WINDOWS /utf-8 /MP  /MDd /Z7 /Ob0 /Od /RTC1  -MDd -W4 -Wall -wd4061 -wd4191 -wd4255 -wd4464 -wd4548 -wd4574 -wd4668 -wd4710 -wd4711 -wd4746 -wd4820 -wd5045 -MP
  INCLUDES = -IC:\Users\19697\Documents\KeygenSDK\KeygenSDK\build-vs\vcpkg_installed\vcpkg\blds\curl\src\url-8_21_0-3ffa9f46b7.clean\include
  OBJECT_DIR = docs\examples\CMakeFiles\curl-example-pop3-ssl.dir
  OBJECT_FILE_DIR = docs\examples\CMakeFiles\curl-example-pop3-ssl.dir
  TARGET_COMPILE_PDB = docs\examples\CMakeFiles\curl-example-pop3-ssl.dir\
  TARGET_PDB = docs\examples\pop3-ssl.pdb
  TARGET_SUPPORT_DIR = docs\examples\CMakeFiles\curl-example-pop3-ssl.dir


# =============================================================================
# Link build statements for EXECUTABLE target curl-example-pop3-ssl


#############################################
# Link the executable docs\examples\pop3-ssl.exe

build docs\examples\pop3-ssl.exe: C_EXECUTABLE_LINKER__curl-example-pop3-ssl_Debug docs\examples\CMakeFiles\curl-example-pop3-ssl.dir\pop3-ssl.c.obj | lib\libcurl-d.lib || lib\libcurl-d.dll
  CONFIG = Debug
  FLAGS = /nologo /DWIN32 /D_WINDOWS /utf-8 /MP  /MDd /Z7 /Ob0 /Od /RTC1  -MDd
  LINK_FLAGS = /machine:x64 /nologo    /debug /INCREMENTAL /subsystem:console
  LINK_LIBRARIES = lib\libcurl-d.lib  ws2_32.lib  iphlpapi.lib  kernel32.lib user32.lib gdi32.lib winspool.lib shell32.lib ole32.lib oleaut32.lib uuid.lib comdlg32.lib advapi32.lib
  OBJECT_DIR = docs\examples\CMakeFiles\curl-example-pop3-ssl.dir
  POST_BUILD = cd .
  PRE_LINK = cd .
  TARGET_COMPILE_PDB = docs\examples\CMakeFiles\curl-example-pop3-ssl.dir\
  TARGET_FILE = docs\examples\pop3-ssl.exe
  TARGET_IMPLIB = docs\examples\pop3-ssl.lib
  TARGET_PDB = docs\examples\pop3-ssl.pdb
  TARGET_SUPPORT_DIR = docs\examples\CMakeFiles\curl-example-pop3-ssl.dir

# =============================================================================
# Object build statements for EXECUTABLE target curl-example-pop3-stat


#############################################
# Order-only phony target for curl-example-pop3-stat

build cmake_object_order_depends_target_curl-example-pop3-stat: phony || cmake_object_order_depends_target_libcurl_shared

build docs\examples\CMakeFiles\curl-example-pop3-stat.dir\pop3-stat.c.obj: C_COMPILER__curl-example-pop3-stat_unscanned_Debug C$:\Users\19697\Documents\KeygenSDK\KeygenSDK\build-vs\vcpkg_installed\vcpkg\blds\curl\src\url-8_21_0-3ffa9f46b7.clean\docs\examples\pop3-stat.c || cmake_object_order_depends_target_curl-example-pop3-stat
  CONFIG = Debug
  DEFINES = -DCURL_NO_OLDIES -DHAVE_CONFIG_H -DUNICODE -DWIN32_LEAN_AND_MEAN -D_UNICODE
  FLAGS = /nologo /DWIN32 /D_WINDOWS /utf-8 /MP  /MDd /Z7 /Ob0 /Od /RTC1  -MDd -W4 -Wall -wd4061 -wd4191 -wd4255 -wd4464 -wd4548 -wd4574 -wd4668 -wd4710 -wd4711 -wd4746 -wd4820 -wd5045 -MP
  INCLUDES = -IC:\Users\19697\Documents\KeygenSDK\KeygenSDK\build-vs\vcpkg_installed\vcpkg\blds\curl\src\url-8_21_0-3ffa9f46b7.clean\include
  OBJECT_DIR = docs\examples\CMakeFiles\curl-example-pop3-stat.dir
  OBJECT_FILE_DIR = docs\examples\CMakeFiles\curl-example-pop3-stat.dir
  TARGET_COMPILE_PDB = docs\examples\CMakeFiles\curl-example-pop3-stat.dir\
  TARGET_PDB = docs\examples\pop3-stat.pdb
  TARGET_SUPPORT_DIR = docs\examples\CMakeFiles\curl-example-pop3-stat.dir


# =============================================================================
# Link build statements for EXECUTABLE target curl-example-pop3-stat


#############################################
# Link the executable docs\examples\pop3-stat.exe

build docs\examples\pop3-stat.exe: C_EXECUTABLE_LINKER__curl-example-pop3-stat_Debug docs\examples\CMakeFiles\curl-example-pop3-stat.dir\pop3-stat.c.obj | lib\libcurl-d.lib || lib\libcurl-d.dll
  CONFIG = Debug
  FLAGS = /nologo /DWIN32 /D_WINDOWS /utf-8 /MP  /MDd /Z7 /Ob0 /Od /RTC1  -MDd
  LINK_FLAGS = /machine:x64 /nologo    /debug /INCREMENTAL /subsystem:console
  LINK_LIBRARIES = lib\libcurl-d.lib  ws2_32.lib  iphlpapi.lib  kernel32.lib user32.lib gdi32.lib winspool.lib shell32.lib ole32.lib oleaut32.lib uuid.lib comdlg32.lib advapi32.lib
  OBJECT_DIR = docs\examples\CMakeFiles\curl-example-pop3-stat.dir
  POST_BUILD = cd .
  PRE_LINK = cd .
  TARGET_COMPILE_PDB = docs\examples\CMakeFiles\curl-example-pop3-stat.dir\
  TARGET_FILE = docs\examples\pop3-stat.exe
  TARGET_IMPLIB = docs\examples\pop3-stat.lib
  TARGET_PDB = docs\examples\pop3-stat.pdb
  TARGET_SUPPORT_DIR = docs\examples\CMakeFiles\curl-example-pop3-stat.dir

# =============================================================================
# Object build statements for EXECUTABLE target curl-example-pop3-tls


#############################################
# Order-only phony target for curl-example-pop3-tls

build cmake_object_order_depends_target_curl-example-pop3-tls: phony || cmake_object_order_depends_target_libcurl_shared

build docs\examples\CMakeFiles\curl-example-pop3-tls.dir\pop3-tls.c.obj: C_COMPILER__curl-example-pop3-tls_unscanned_Debug C$:\Users\19697\Documents\KeygenSDK\KeygenSDK\build-vs\vcpkg_installed\vcpkg\blds\curl\src\url-8_21_0-3ffa9f46b7.clean\docs\examples\pop3-tls.c || cmake_object_order_depends_target_curl-example-pop3-tls
  CONFIG = Debug
  DEFINES = -DCURL_NO_OLDIES -DHAVE_CONFIG_H -DUNICODE -DWIN32_LEAN_AND_MEAN -D_UNICODE
  FLAGS = /nologo /DWIN32 /D_WINDOWS /utf-8 /MP  /MDd /Z7 /Ob0 /Od /RTC1  -MDd -W4 -Wall -wd4061 -wd4191 -wd4255 -wd4464 -wd4548 -wd4574 -wd4668 -wd4710 -wd4711 -wd4746 -wd4820 -wd5045 -MP
  INCLUDES = -IC:\Users\19697\Documents\KeygenSDK\KeygenSDK\build-vs\vcpkg_installed\vcpkg\blds\curl\src\url-8_21_0-3ffa9f46b7.clean\include
  OBJECT_DIR = docs\examples\CMakeFiles\curl-example-pop3-tls.dir
  OBJECT_FILE_DIR = docs\examples\CMakeFiles\curl-example-pop3-tls.dir
  TARGET_COMPILE_PDB = docs\examples\CMakeFiles\curl-example-pop3-tls.dir\
  TARGET_PDB = docs\examples\pop3-tls.pdb
  TARGET_SUPPORT_DIR = docs\examples\CMakeFiles\curl-example-pop3-tls.dir


# =============================================================================
# Link build statements for EXECUTABLE target curl-example-pop3-tls


#############################################
# Link the executable docs\examples\pop3-tls.exe

build docs\examples\pop3-tls.exe: C_EXECUTABLE_LINKER__curl-example-pop3-tls_Debug docs\examples\CMakeFiles\curl-example-pop3-tls.dir\pop3-tls.c.obj | lib\libcurl-d.lib || lib\libcurl-d.dll
  CONFIG = Debug
  FLAGS = /nologo /DWIN32 /D_WINDOWS /utf-8 /MP  /MDd /Z7 /Ob0 /Od /RTC1  -MDd
  LINK_FLAGS = /machine:x64 /nologo    /debug /INCREMENTAL /subsystem:console
  LINK_LIBRARIES = lib\libcurl-d.lib  ws2_32.lib  iphlpapi.lib  kernel32.lib user32.lib gdi32.lib winspool.lib shell32.lib ole32.lib oleaut32.lib uuid.lib comdlg32.lib advapi32.lib
  OBJECT_DIR = docs\examples\CMakeFiles\curl-example-pop3-tls.dir
  POST_BUILD = cd .
  PRE_LINK = cd .
  TARGET_COMPILE_PDB = docs\examples\CMakeFiles\curl-example-pop3-tls.dir\
  TARGET_FILE = docs\examples\pop3-tls.exe
  TARGET_IMPLIB = docs\examples\pop3-tls.lib
  TARGET_PDB = docs\examples\pop3-tls.pdb
  TARGET_SUPPORT_DIR = docs\examples\CMakeFiles\curl-example-pop3-tls.dir

# =============================================================================
# Object build statements for EXECUTABLE target curl-example-pop3-top


#############################################
# Order-only phony target for curl-example-pop3-top

build cmake_object_order_depends_target_curl-example-pop3-top: phony || cmake_object_order_depends_target_libcurl_shared

build docs\examples\CMakeFiles\curl-example-pop3-top.dir\pop3-top.c.obj: C_COMPILER__curl-example-pop3-top_unscanned_Debug C$:\Users\19697\Documents\KeygenSDK\KeygenSDK\build-vs\vcpkg_installed\vcpkg\blds\curl\src\url-8_21_0-3ffa9f46b7.clean\docs\examples\pop3-top.c || cmake_object_order_depends_target_curl-example-pop3-top
  CONFIG = Debug
  DEFINES = -DCURL_NO_OLDIES -DHAVE_CONFIG_H -DUNICODE -DWIN32_LEAN_AND_MEAN -D_UNICODE
  FLAGS = /nologo /DWIN32 /D_WINDOWS /utf-8 /MP  /MDd /Z7 /Ob0 /Od /RTC1  -MDd -W4 -Wall -wd4061 -wd4191 -wd4255 -wd4464 -wd4548 -wd4574 -wd4668 -wd4710 -wd4711 -wd4746 -wd4820 -wd5045 -MP
  INCLUDES = -IC:\Users\19697\Documents\KeygenSDK\KeygenSDK\build-vs\vcpkg_installed\vcpkg\blds\curl\src\url-8_21_0-3ffa9f46b7.clean\include
  OBJECT_DIR = docs\examples\CMakeFiles\curl-example-pop3-top.dir
  OBJECT_FILE_DIR = docs\examples\CMakeFiles\curl-example-pop3-top.dir
  TARGET_COMPILE_PDB = docs\examples\CMakeFiles\curl-example-pop3-top.dir\
  TARGET_PDB = docs\examples\pop3-top.pdb
  TARGET_SUPPORT_DIR = docs\examples\CMakeFiles\curl-example-pop3-top.dir


# =============================================================================
# Link build statements for EXECUTABLE target curl-example-pop3-top


#############################################
# Link the executable docs\examples\pop3-top.exe

build docs\examples\pop3-top.exe: C_EXECUTABLE_LINKER__curl-example-pop3-top_Debug docs\examples\CMakeFiles\curl-example-pop3-top.dir\pop3-top.c.obj | lib\libcurl-d.lib || lib\libcurl-d.dll
  CONFIG = Debug
  FLAGS = /nologo /DWIN32 /D_WINDOWS /utf-8 /MP  /MDd /Z7 /Ob0 /Od /RTC1  -MDd
  LINK_FLAGS = /machine:x64 /nologo    /debug /INCREMENTAL /subsystem:console
  LINK_LIBRARIES = lib\libcurl-d.lib  ws2_32.lib  iphlpapi.lib  kernel32.lib user32.lib gdi32.lib winspool.lib shell32.lib ole32.lib oleaut32.lib uuid.lib comdlg32.lib advapi32.lib
  OBJECT_DIR = docs\examples\CMakeFiles\curl-example-pop3-top.dir
  POST_BUILD = cd .
  PRE_LINK = cd .
  TARGET_COMPILE_PDB = docs\examples\CMakeFiles\curl-example-pop3-top.dir\
  TARGET_FILE = docs\examples\pop3-top.exe
  TARGET_IMPLIB = docs\examples\pop3-top.lib
  TARGET_PDB = docs\examples\pop3-top.pdb
  TARGET_SUPPORT_DIR = docs\examples\CMakeFiles\curl-example-pop3-top.dir

# =============================================================================
# Object build statements for EXECUTABLE target curl-example-pop3-uidl


#############################################
# Order-only phony target for curl-example-pop3-uidl

build cmake_object_order_depends_target_curl-example-pop3-uidl: phony || cmake_object_order_depends_target_libcurl_shared

build docs\examples\CMakeFiles\curl-example-pop3-uidl.dir\pop3-uidl.c.obj: C_COMPILER__curl-example-pop3-uidl_unscanned_Debug C$:\Users\19697\Documents\KeygenSDK\KeygenSDK\build-vs\vcpkg_installed\vcpkg\blds\curl\src\url-8_21_0-3ffa9f46b7.clean\docs\examples\pop3-uidl.c || cmake_object_order_depends_target_curl-example-pop3-uidl
  CONFIG = Debug
  DEFINES = -DCURL_NO_OLDIES -DHAVE_CONFIG_H -DUNICODE -DWIN32_LEAN_AND_MEAN -D_UNICODE
  FLAGS = /nologo /DWIN32 /D_WINDOWS /utf-8 /MP  /MDd /Z7 /Ob0 /Od /RTC1  -MDd -W4 -Wall -wd4061 -wd4191 -wd4255 -wd4464 -wd4548 -wd4574 -wd4668 -wd4710 -wd4711 -wd4746 -wd4820 -wd5045 -MP
  INCLUDES = -IC:\Users\19697\Documents\KeygenSDK\KeygenSDK\build-vs\vcpkg_installed\vcpkg\blds\curl\src\url-8_21_0-3ffa9f46b7.clean\include
  OBJECT_DIR = docs\examples\CMakeFiles\curl-example-pop3-uidl.dir
  OBJECT_FILE_DIR = docs\examples\CMakeFiles\curl-example-pop3-uidl.dir
  TARGET_COMPILE_PDB = docs\examples\CMakeFiles\curl-example-pop3-uidl.dir\
  TARGET_PDB = docs\examples\pop3-uidl.pdb
  TARGET_SUPPORT_DIR = docs\examples\CMakeFiles\curl-example-pop3-uidl.dir


# =============================================================================
# Link build statements for EXECUTABLE target curl-example-pop3-uidl


#############################################
# Link the executable docs\examples\pop3-uidl.exe

build docs\examples\pop3-uidl.exe: C_EXECUTABLE_LINKER__curl-example-pop3-uidl_Debug docs\examples\CMakeFiles\curl-example-pop3-uidl.dir\pop3-uidl.c.obj | lib\libcurl-d.lib || lib\libcurl-d.dll
  CONFIG = Debug
  FLAGS = /nologo /DWIN32 /D_WINDOWS /utf-8 /MP  /MDd /Z7 /Ob0 /Od /RTC1  -MDd
  LINK_FLAGS = /machine:x64 /nologo    /debug /INCREMENTAL /subsystem:console
  LINK_LIBRARIES = lib\libcurl-d.lib  ws2_32.lib  iphlpapi.lib  kernel32.lib user32.lib gdi32.lib winspool.lib shell32.lib ole32.lib oleaut32.lib uuid.lib comdlg32.lib advapi32.lib
  OBJECT_DIR = docs\examples\CMakeFiles\curl-example-pop3-uidl.dir
  POST_BUILD = cd .
  PRE_LINK = cd .
  TARGET_COMPILE_PDB = docs\examples\CMakeFiles\curl-example-pop3-uidl.dir\
  TARGET_FILE = docs\examples\pop3-uidl.exe
  TARGET_IMPLIB = docs\examples\pop3-uidl.lib
  TARGET_PDB = docs\examples\pop3-uidl.pdb
  TARGET_SUPPORT_DIR = docs\examples\CMakeFiles\curl-example-pop3-uidl.dir

# =============================================================================
# Object build statements for EXECUTABLE target curl-example-post-callback


#############################################
# Order-only phony target for curl-example-post-callback

build cmake_object_order_depends_target_curl-example-post-callback: phony || cmake_object_order_depends_target_libcurl_shared

build docs\examples\CMakeFiles\curl-example-post-callback.dir\post-callback.c.obj: C_COMPILER__curl-example-post-callback_unscanned_Debug C$:\Users\19697\Documents\KeygenSDK\KeygenSDK\build-vs\vcpkg_installed\vcpkg\blds\curl\src\url-8_21_0-3ffa9f46b7.clean\docs\examples\post-callback.c || cmake_object_order_depends_target_curl-example-post-callback
  CONFIG = Debug
  DEFINES = -DCURL_NO_OLDIES -DHAVE_CONFIG_H -DUNICODE -DWIN32_LEAN_AND_MEAN -D_UNICODE
  FLAGS = /nologo /DWIN32 /D_WINDOWS /utf-8 /MP  /MDd /Z7 /Ob0 /Od /RTC1  -MDd -W4 -Wall -wd4061 -wd4191 -wd4255 -wd4464 -wd4548 -wd4574 -wd4668 -wd4710 -wd4711 -wd4746 -wd4820 -wd5045 -MP
  INCLUDES = -IC:\Users\19697\Documents\KeygenSDK\KeygenSDK\build-vs\vcpkg_installed\vcpkg\blds\curl\src\url-8_21_0-3ffa9f46b7.clean\include
  OBJECT_DIR = docs\examples\CMakeFiles\curl-example-post-callback.dir
  OBJECT_FILE_DIR = docs\examples\CMakeFiles\curl-example-post-callback.dir
  TARGET_COMPILE_PDB = docs\examples\CMakeFiles\curl-example-post-callback.dir\
  TARGET_PDB = docs\examples\post-callback.pdb
  TARGET_SUPPORT_DIR = docs\examples\CMakeFiles\curl-example-post-callback.dir


# =============================================================================
# Link build statements for EXECUTABLE target curl-example-post-callback


#############################################
# Link the executable docs\examples\post-callback.exe

build docs\examples\post-callback.exe: C_EXECUTABLE_LINKER__curl-example-post-callback_Debug docs\examples\CMakeFiles\curl-example-post-callback.dir\post-callback.c.obj | lib\libcurl-d.lib || lib\libcurl-d.dll
  CONFIG = Debug
  FLAGS = /nologo /DWIN32 /D_WINDOWS /utf-8 /MP  /MDd /Z7 /Ob0 /Od /RTC1  -MDd
  LINK_FLAGS = /machine:x64 /nologo    /debug /INCREMENTAL /subsystem:console
  LINK_LIBRARIES = lib\libcurl-d.lib  ws2_32.lib  iphlpapi.lib  kernel32.lib user32.lib gdi32.lib winspool.lib shell32.lib ole32.lib oleaut32.lib uuid.lib comdlg32.lib advapi32.lib
  OBJECT_DIR = docs\examples\CMakeFiles\curl-example-post-callback.dir
  POST_BUILD = cd .
  PRE_LINK = cd .
  TARGET_COMPILE_PDB = docs\examples\CMakeFiles\curl-example-post-callback.dir\
  TARGET_FILE = docs\examples\post-callback.exe
  TARGET_IMPLIB = docs\examples\post-callback.lib
  TARGET_PDB = docs\examples\post-callback.pdb
  TARGET_SUPPORT_DIR = docs\examples\CMakeFiles\curl-example-post-callback.dir

# =============================================================================
# Object build statements for EXECUTABLE target curl-example-postinmemory


#############################################
# Order-only phony target for curl-example-postinmemory

build cmake_object_order_depends_target_curl-example-postinmemory: phony || cmake_object_order_depends_target_libcurl_shared

build docs\examples\CMakeFiles\curl-example-postinmemory.dir\postinmemory.c.obj: C_COMPILER__curl-example-postinmemory_unscanned_Debug C$:\Users\19697\Documents\KeygenSDK\KeygenSDK\build-vs\vcpkg_installed\vcpkg\blds\curl\src\url-8_21_0-3ffa9f46b7.clean\docs\examples\postinmemory.c || cmake_object_order_depends_target_curl-example-postinmemory
  CONFIG = Debug
  DEFINES = -DCURL_NO_OLDIES -DHAVE_CONFIG_H -DUNICODE -DWIN32_LEAN_AND_MEAN -D_UNICODE
  FLAGS = /nologo /DWIN32 /D_WINDOWS /utf-8 /MP  /MDd /Z7 /Ob0 /Od /RTC1  -MDd -W4 -Wall -wd4061 -wd4191 -wd4255 -wd4464 -wd4548 -wd4574 -wd4668 -wd4710 -wd4711 -wd4746 -wd4820 -wd5045 -MP
  INCLUDES = -IC:\Users\19697\Documents\KeygenSDK\KeygenSDK\build-vs\vcpkg_installed\vcpkg\blds\curl\src\url-8_21_0-3ffa9f46b7.clean\include
  OBJECT_DIR = docs\examples\CMakeFiles\curl-example-postinmemory.dir
  OBJECT_FILE_DIR = docs\examples\CMakeFiles\curl-example-postinmemory.dir
  TARGET_COMPILE_PDB = docs\examples\CMakeFiles\curl-example-postinmemory.dir\
  TARGET_PDB = docs\examples\postinmemory.pdb
  TARGET_SUPPORT_DIR = docs\examples\CMakeFiles\curl-example-postinmemory.dir


# =============================================================================
# Link build statements for EXECUTABLE target curl-example-postinmemory


#############################################
# Link the executable docs\examples\postinmemory.exe

build docs\examples\postinmemory.exe: C_EXECUTABLE_LINKER__curl-example-postinmemory_Debug docs\examples\CMakeFiles\curl-example-postinmemory.dir\postinmemory.c.obj | lib\libcurl-d.lib || lib\libcurl-d.dll
  CONFIG = Debug
  FLAGS = /nologo /DWIN32 /D_WINDOWS /utf-8 /MP  /MDd /Z7 /Ob0 /Od /RTC1  -MDd
  LINK_FLAGS = /machine:x64 /nologo    /debug /INCREMENTAL /subsystem:console
  LINK_LIBRARIES = lib\libcurl-d.lib  ws2_32.lib  iphlpapi.lib  kernel32.lib user32.lib gdi32.lib winspool.lib shell32.lib ole32.lib oleaut32.lib uuid.lib comdlg32.lib advapi32.lib
  OBJECT_DIR = docs\examples\CMakeFiles\curl-example-postinmemory.dir
  POST_BUILD = cd .
  PRE_LINK = cd .
  TARGET_COMPILE_PDB = docs\examples\CMakeFiles\curl-example-postinmemory.dir\
  TARGET_FILE = docs\examples\postinmemory.exe
  TARGET_IMPLIB = docs\examples\postinmemory.lib
  TARGET_PDB = docs\examples\postinmemory.pdb
  TARGET_SUPPORT_DIR = docs\examples\CMakeFiles\curl-example-postinmemory.dir

# =============================================================================
# Object build statements for EXECUTABLE target curl-example-postit2


#############################################
# Order-only phony target for curl-example-postit2

build cmake_object_order_depends_target_curl-example-postit2: phony || cmake_object_order_depends_target_libcurl_shared

build docs\examples\CMakeFiles\curl-example-postit2.dir\postit2.c.obj: C_COMPILER__curl-example-postit2_unscanned_Debug C$:\Users\19697\Documents\KeygenSDK\KeygenSDK\build-vs\vcpkg_installed\vcpkg\blds\curl\src\url-8_21_0-3ffa9f46b7.clean\docs\examples\postit2.c || cmake_object_order_depends_target_curl-example-postit2
  CONFIG = Debug
  DEFINES = -DCURL_NO_OLDIES -DHAVE_CONFIG_H -DUNICODE -DWIN32_LEAN_AND_MEAN -D_UNICODE
  FLAGS = /nologo /DWIN32 /D_WINDOWS /utf-8 /MP  /MDd /Z7 /Ob0 /Od /RTC1  -MDd -W4 -Wall -wd4061 -wd4191 -wd4255 -wd4464 -wd4548 -wd4574 -wd4668 -wd4710 -wd4711 -wd4746 -wd4820 -wd5045 -MP
  INCLUDES = -IC:\Users\19697\Documents\KeygenSDK\KeygenSDK\build-vs\vcpkg_installed\vcpkg\blds\curl\src\url-8_21_0-3ffa9f46b7.clean\include
  OBJECT_DIR = docs\examples\CMakeFiles\curl-example-postit2.dir
  OBJECT_FILE_DIR = docs\examples\CMakeFiles\curl-example-postit2.dir
  TARGET_COMPILE_PDB = docs\examples\CMakeFiles\curl-example-postit2.dir\
  TARGET_PDB = docs\examples\postit2.pdb
  TARGET_SUPPORT_DIR = docs\examples\CMakeFiles\curl-example-postit2.dir


# =============================================================================
# Link build statements for EXECUTABLE target curl-example-postit2


#############################################
# Link the executable docs\examples\postit2.exe

build docs\examples\postit2.exe: C_EXECUTABLE_LINKER__curl-example-postit2_Debug docs\examples\CMakeFiles\curl-example-postit2.dir\postit2.c.obj | lib\libcurl-d.lib || lib\libcurl-d.dll
  CONFIG = Debug
  FLAGS = /nologo /DWIN32 /D_WINDOWS /utf-8 /MP  /MDd /Z7 /Ob0 /Od /RTC1  -MDd
  LINK_FLAGS = /machine:x64 /nologo    /debug /INCREMENTAL /subsystem:console
  LINK_LIBRARIES = lib\libcurl-d.lib  ws2_32.lib  iphlpapi.lib  kernel32.lib user32.lib gdi32.lib winspool.lib shell32.lib ole32.lib oleaut32.lib uuid.lib comdlg32.lib advapi32.lib
  OBJECT_DIR = docs\examples\CMakeFiles\curl-example-postit2.dir
  POST_BUILD = cd .
  PRE_LINK = cd .
  TARGET_COMPILE_PDB = docs\examples\CMakeFiles\curl-example-postit2.dir\
  TARGET_FILE = docs\examples\postit2.exe
  TARGET_IMPLIB = docs\examples\postit2.lib
  TARGET_PDB = docs\examples\postit2.pdb
  TARGET_SUPPORT_DIR = docs\examples\CMakeFiles\curl-example-postit2.dir

# =============================================================================
# Object build statements for EXECUTABLE target curl-example-postit2-formadd


#############################################
# Order-only phony target for curl-example-postit2-formadd

build cmake_object_order_depends_target_curl-example-postit2-formadd: phony || cmake_object_order_depends_target_libcurl_shared

build docs\examples\CMakeFiles\curl-example-postit2-formadd.dir\postit2-formadd.c.obj: C_COMPILER__curl-example-postit2-formadd_unscanned_Debug C$:\Users\19697\Documents\KeygenSDK\KeygenSDK\build-vs\vcpkg_installed\vcpkg\blds\curl\src\url-8_21_0-3ffa9f46b7.clean\docs\examples\postit2-formadd.c || cmake_object_order_depends_target_curl-example-postit2-formadd
  CONFIG = Debug
  DEFINES = -DCURL_NO_OLDIES -DHAVE_CONFIG_H -DUNICODE -DWIN32_LEAN_AND_MEAN -D_UNICODE
  FLAGS = /nologo /DWIN32 /D_WINDOWS /utf-8 /MP  /MDd /Z7 /Ob0 /Od /RTC1  -MDd -W4 -Wall -wd4061 -wd4191 -wd4255 -wd4464 -wd4548 -wd4574 -wd4668 -wd4710 -wd4711 -wd4746 -wd4820 -wd5045 -MP
  INCLUDES = -IC:\Users\19697\Documents\KeygenSDK\KeygenSDK\build-vs\vcpkg_installed\vcpkg\blds\curl\src\url-8_21_0-3ffa9f46b7.clean\include
  OBJECT_DIR = docs\examples\CMakeFiles\curl-example-postit2-formadd.dir
  OBJECT_FILE_DIR = docs\examples\CMakeFiles\curl-example-postit2-formadd.dir
  TARGET_COMPILE_PDB = docs\examples\CMakeFiles\curl-example-postit2-formadd.dir\
  TARGET_PDB = docs\examples\postit2-formadd.pdb
  TARGET_SUPPORT_DIR = docs\examples\CMakeFiles\curl-example-postit2-formadd.dir


# =============================================================================
# Link build statements for EXECUTABLE target curl-example-postit2-formadd


#############################################
# Link the executable docs\examples\postit2-formadd.exe

build docs\examples\postit2-formadd.exe: C_EXECUTABLE_LINKER__curl-example-postit2-formadd_Debug docs\examples\CMakeFiles\curl-example-postit2-formadd.dir\postit2-formadd.c.obj | lib\libcurl-d.lib || lib\libcurl-d.dll
  CONFIG = Debug
  FLAGS = /nologo /DWIN32 /D_WINDOWS /utf-8 /MP  /MDd /Z7 /Ob0 /Od /RTC1  -MDd
  LINK_FLAGS = /machine:x64 /nologo    /debug /INCREMENTAL /subsystem:console
  LINK_LIBRARIES = lib\libcurl-d.lib  ws2_32.lib  iphlpapi.lib  kernel32.lib user32.lib gdi32.lib winspool.lib shell32.lib ole32.lib oleaut32.lib uuid.lib comdlg32.lib advapi32.lib
  OBJECT_DIR = docs\examples\CMakeFiles\curl-example-postit2-formadd.dir
  POST_BUILD = cd .
  PRE_LINK = cd .
  TARGET_COMPILE_PDB = docs\examples\CMakeFiles\curl-example-postit2-formadd.dir\
  TARGET_FILE = docs\examples\postit2-formadd.exe
  TARGET_IMPLIB = docs\examples\postit2-formadd.lib
  TARGET_PDB = docs\examples\postit2-formadd.pdb
  TARGET_SUPPORT_DIR = docs\examples\CMakeFiles\curl-example-postit2-formadd.dir

# =============================================================================
# Object build statements for EXECUTABLE target curl-example-progressfunc


#############################################
# Order-only phony target for curl-example-progressfunc

build cmake_object_order_depends_target_curl-example-progressfunc: phony || cmake_object_order_depends_target_libcurl_shared

build docs\examples\CMakeFiles\curl-example-progressfunc.dir\progressfunc.c.obj: C_COMPILER__curl-example-progressfunc_unscanned_Debug C$:\Users\19697\Documents\KeygenSDK\KeygenSDK\build-vs\vcpkg_installed\vcpkg\blds\curl\src\url-8_21_0-3ffa9f46b7.clean\docs\examples\progressfunc.c || cmake_object_order_depends_target_curl-example-progressfunc
  CONFIG = Debug
  DEFINES = -DCURL_NO_OLDIES -DHAVE_CONFIG_H -DUNICODE -DWIN32_LEAN_AND_MEAN -D_UNICODE
  FLAGS = /nologo /DWIN32 /D_WINDOWS /utf-8 /MP  /MDd /Z7 /Ob0 /Od /RTC1  -MDd -W4 -Wall -wd4061 -wd4191 -wd4255 -wd4464 -wd4548 -wd4574 -wd4668 -wd4710 -wd4711 -wd4746 -wd4820 -wd5045 -MP
  INCLUDES = -IC:\Users\19697\Documents\KeygenSDK\KeygenSDK\build-vs\vcpkg_installed\vcpkg\blds\curl\src\url-8_21_0-3ffa9f46b7.clean\include
  OBJECT_DIR = docs\examples\CMakeFiles\curl-example-progressfunc.dir
  OBJECT_FILE_DIR = docs\examples\CMakeFiles\curl-example-progressfunc.dir
  TARGET_COMPILE_PDB = docs\examples\CMakeFiles\curl-example-progressfunc.dir\
  TARGET_PDB = docs\examples\progressfunc.pdb
  TARGET_SUPPORT_DIR = docs\examples\CMakeFiles\curl-example-progressfunc.dir


# =============================================================================
# Link build statements for EXECUTABLE target curl-example-progressfunc


#############################################
# Link the executable docs\examples\progressfunc.exe

build docs\examples\progressfunc.exe: C_EXECUTABLE_LINKER__curl-example-progressfunc_Debug docs\examples\CMakeFiles\curl-example-progressfunc.dir\progressfunc.c.obj | lib\libcurl-d.lib || lib\libcurl-d.dll
  CONFIG = Debug
  FLAGS = /nologo /DWIN32 /D_WINDOWS /utf-8 /MP  /MDd /Z7 /Ob0 /Od /RTC1  -MDd
  LINK_FLAGS = /machine:x64 /nologo    /debug /INCREMENTAL /subsystem:console
  LINK_LIBRARIES = lib\libcurl-d.lib  ws2_32.lib  iphlpapi.lib  kernel32.lib user32.lib gdi32.lib winspool.lib shell32.lib ole32.lib oleaut32.lib uuid.lib comdlg32.lib advapi32.lib
  OBJECT_DIR = docs\examples\CMakeFiles\curl-example-progressfunc.dir
  POST_BUILD = cd .
  PRE_LINK = cd .
  TARGET_COMPILE_PDB = docs\examples\CMakeFiles\curl-example-progressfunc.dir\
  TARGET_FILE = docs\examples\progressfunc.exe
  TARGET_IMPLIB = docs\examples\progressfunc.lib
  TARGET_PDB = docs\examples\progressfunc.pdb
  TARGET_SUPPORT_DIR = docs\examples\CMakeFiles\curl-example-progressfunc.dir

# =============================================================================
# Object build statements for EXECUTABLE target curl-example-protofeats


#############################################
# Order-only phony target for curl-example-protofeats

build cmake_object_order_depends_target_curl-example-protofeats: phony || cmake_object_order_depends_target_libcurl_shared

build docs\examples\CMakeFiles\curl-example-protofeats.dir\protofeats.c.obj: C_COMPILER__curl-example-protofeats_unscanned_Debug C$:\Users\19697\Documents\KeygenSDK\KeygenSDK\build-vs\vcpkg_installed\vcpkg\blds\curl\src\url-8_21_0-3ffa9f46b7.clean\docs\examples\protofeats.c || cmake_object_order_depends_target_curl-example-protofeats
  CONFIG = Debug
  DEFINES = -DCURL_NO_OLDIES -DHAVE_CONFIG_H -DUNICODE -DWIN32_LEAN_AND_MEAN -D_UNICODE
  FLAGS = /nologo /DWIN32 /D_WINDOWS /utf-8 /MP  /MDd /Z7 /Ob0 /Od /RTC1  -MDd -W4 -Wall -wd4061 -wd4191 -wd4255 -wd4464 -wd4548 -wd4574 -wd4668 -wd4710 -wd4711 -wd4746 -wd4820 -wd5045 -MP
  INCLUDES = -IC:\Users\19697\Documents\KeygenSDK\KeygenSDK\build-vs\vcpkg_installed\vcpkg\blds\curl\src\url-8_21_0-3ffa9f46b7.clean\include
  OBJECT_DIR = docs\examples\CMakeFiles\curl-example-protofeats.dir
  OBJECT_FILE_DIR = docs\examples\CMakeFiles\curl-example-protofeats.dir
  TARGET_COMPILE_PDB = docs\examples\CMakeFiles\curl-example-protofeats.dir\
  TARGET_PDB = docs\examples\protofeats.pdb
  TARGET_SUPPORT_DIR = docs\examples\CMakeFiles\curl-example-protofeats.dir


# =============================================================================
# Link build statements for EXECUTABLE target curl-example-protofeats


#############################################
# Link the executable docs\examples\protofeats.exe

build docs\examples\protofeats.exe: C_EXECUTABLE_LINKER__curl-example-protofeats_Debug docs\examples\CMakeFiles\curl-example-protofeats.dir\protofeats.c.obj | lib\libcurl-d.lib || lib\libcurl-d.dll
  CONFIG = Debug
  FLAGS = /nologo /DWIN32 /D_WINDOWS /utf-8 /MP  /MDd /Z7 /Ob0 /Od /RTC1  -MDd
  LINK_FLAGS = /machine:x64 /nologo    /debug /INCREMENTAL /subsystem:console
  LINK_LIBRARIES = lib\libcurl-d.lib  ws2_32.lib  iphlpapi.lib  kernel32.lib user32.lib gdi32.lib winspool.lib shell32.lib ole32.lib oleaut32.lib uuid.lib comdlg32.lib advapi32.lib
  OBJECT_DIR = docs\examples\CMakeFiles\curl-example-protofeats.dir
  POST_BUILD = cd .
  PRE_LINK = cd .
  TARGET_COMPILE_PDB = docs\examples\CMakeFiles\curl-example-protofeats.dir\
  TARGET_FILE = docs\examples\protofeats.exe
  TARGET_IMPLIB = docs\examples\protofeats.lib
  TARGET_PDB = docs\examples\protofeats.pdb
  TARGET_SUPPORT_DIR = docs\examples\CMakeFiles\curl-example-protofeats.dir

# =============================================================================
# Object build statements for EXECUTABLE target curl-example-range


#############################################
# Order-only phony target for curl-example-range

build cmake_object_order_depends_target_curl-example-range: phony || cmake_object_order_depends_target_libcurl_shared

build docs\examples\CMakeFiles\curl-example-range.dir\range.c.obj: C_COMPILER__curl-example-range_unscanned_Debug C$:\Users\19697\Documents\KeygenSDK\KeygenSDK\build-vs\vcpkg_installed\vcpkg\blds\curl\src\url-8_21_0-3ffa9f46b7.clean\docs\examples\range.c || cmake_object_order_depends_target_curl-example-range
  CONFIG = Debug
  DEFINES = -DCURL_NO_OLDIES -DHAVE_CONFIG_H -DUNICODE -DWIN32_LEAN_AND_MEAN -D_UNICODE
  FLAGS = /nologo /DWIN32 /D_WINDOWS /utf-8 /MP  /MDd /Z7 /Ob0 /Od /RTC1  -MDd -W4 -Wall -wd4061 -wd4191 -wd4255 -wd4464 -wd4548 -wd4574 -wd4668 -wd4710 -wd4711 -wd4746 -wd4820 -wd5045 -MP
  INCLUDES = -IC:\Users\19697\Documents\KeygenSDK\KeygenSDK\build-vs\vcpkg_installed\vcpkg\blds\curl\src\url-8_21_0-3ffa9f46b7.clean\include
  OBJECT_DIR = docs\examples\CMakeFiles\curl-example-range.dir
  OBJECT_FILE_DIR = docs\examples\CMakeFiles\curl-example-range.dir
  TARGET_COMPILE_PDB = docs\examples\CMakeFiles\curl-example-range.dir\
  TARGET_PDB = docs\examples\range.pdb
  TARGET_SUPPORT_DIR = docs\examples\CMakeFiles\curl-example-range.dir


# =============================================================================
# Link build statements for EXECUTABLE target curl-example-range


#############################################
# Link the executable docs\examples\range.exe

build docs\examples\range.exe: C_EXECUTABLE_LINKER__curl-example-range_Debug docs\examples\CMakeFiles\curl-example-range.dir\range.c.obj | lib\libcurl-d.lib || lib\libcurl-d.dll
  CONFIG = Debug
  FLAGS = /nologo /DWIN32 /D_WINDOWS /utf-8 /MP  /MDd /Z7 /Ob0 /Od /RTC1  -MDd
  LINK_FLAGS = /machine:x64 /nologo    /debug /INCREMENTAL /subsystem:console
  LINK_LIBRARIES = lib\libcurl-d.lib  ws2_32.lib  iphlpapi.lib  kernel32.lib user32.lib gdi32.lib winspool.lib shell32.lib ole32.lib oleaut32.lib uuid.lib comdlg32.lib advapi32.lib
  OBJECT_DIR = docs\examples\CMakeFiles\curl-example-range.dir
  POST_BUILD = cd .
  PRE_LINK = cd .
  TARGET_COMPILE_PDB = docs\examples\CMakeFiles\curl-example-range.dir\
  TARGET_FILE = docs\examples\range.exe
  TARGET_IMPLIB = docs\examples\range.lib
  TARGET_PDB = docs\examples\range.pdb
  TARGET_SUPPORT_DIR = docs\examples\CMakeFiles\curl-example-range.dir

# =============================================================================
# Object build statements for EXECUTABLE target curl-example-resolve


#############################################
# Order-only phony target for curl-example-resolve

build cmake_object_order_depends_target_curl-example-resolve: phony || cmake_object_order_depends_target_libcurl_shared

build docs\examples\CMakeFiles\curl-example-resolve.dir\resolve.c.obj: C_COMPILER__curl-example-resolve_unscanned_Debug C$:\Users\19697\Documents\KeygenSDK\KeygenSDK\build-vs\vcpkg_installed\vcpkg\blds\curl\src\url-8_21_0-3ffa9f46b7.clean\docs\examples\resolve.c || cmake_object_order_depends_target_curl-example-resolve
  CONFIG = Debug
  DEFINES = -DCURL_NO_OLDIES -DHAVE_CONFIG_H -DUNICODE -DWIN32_LEAN_AND_MEAN -D_UNICODE
  FLAGS = /nologo /DWIN32 /D_WINDOWS /utf-8 /MP  /MDd /Z7 /Ob0 /Od /RTC1  -MDd -W4 -Wall -wd4061 -wd4191 -wd4255 -wd4464 -wd4548 -wd4574 -wd4668 -wd4710 -wd4711 -wd4746 -wd4820 -wd5045 -MP
  INCLUDES = -IC:\Users\19697\Documents\KeygenSDK\KeygenSDK\build-vs\vcpkg_installed\vcpkg\blds\curl\src\url-8_21_0-3ffa9f46b7.clean\include
  OBJECT_DIR = docs\examples\CMakeFiles\curl-example-resolve.dir
  OBJECT_FILE_DIR = docs\examples\CMakeFiles\curl-example-resolve.dir
  TARGET_COMPILE_PDB = docs\examples\CMakeFiles\curl-example-resolve.dir\
  TARGET_PDB = docs\examples\resolve.pdb
  TARGET_SUPPORT_DIR = docs\examples\CMakeFiles\curl-example-resolve.dir


# =============================================================================
# Link build statements for EXECUTABLE target curl-example-resolve


#############################################
# Link the executable docs\examples\resolve.exe

build docs\examples\resolve.exe: C_EXECUTABLE_LINKER__curl-example-resolve_Debug docs\examples\CMakeFiles\curl-example-resolve.dir\resolve.c.obj | lib\libcurl-d.lib || lib\libcurl-d.dll
  CONFIG = Debug
  FLAGS = /nologo /DWIN32 /D_WINDOWS /utf-8 /MP  /MDd /Z7 /Ob0 /Od /RTC1  -MDd
  LINK_FLAGS = /machine:x64 /nologo    /debug /INCREMENTAL /subsystem:console
  LINK_LIBRARIES = lib\libcurl-d.lib  ws2_32.lib  iphlpapi.lib  kernel32.lib user32.lib gdi32.lib winspool.lib shell32.lib ole32.lib oleaut32.lib uuid.lib comdlg32.lib advapi32.lib
  OBJECT_DIR = docs\examples\CMakeFiles\curl-example-resolve.dir
  POST_BUILD = cd .
  PRE_LINK = cd .
  TARGET_COMPILE_PDB = docs\examples\CMakeFiles\curl-example-resolve.dir\
  TARGET_FILE = docs\examples\resolve.exe
  TARGET_IMPLIB = docs\examples\resolve.lib
  TARGET_PDB = docs\examples\resolve.pdb
  TARGET_SUPPORT_DIR = docs\examples\CMakeFiles\curl-example-resolve.dir

# =============================================================================
# Object build statements for EXECUTABLE target curl-example-rtsp-options


#############################################
# Order-only phony target for curl-example-rtsp-options

build cmake_object_order_depends_target_curl-example-rtsp-options: phony || cmake_object_order_depends_target_libcurl_shared

build docs\examples\CMakeFiles\curl-example-rtsp-options.dir\rtsp-options.c.obj: C_COMPILER__curl-example-rtsp-options_unscanned_Debug C$:\Users\19697\Documents\KeygenSDK\KeygenSDK\build-vs\vcpkg_installed\vcpkg\blds\curl\src\url-8_21_0-3ffa9f46b7.clean\docs\examples\rtsp-options.c || cmake_object_order_depends_target_curl-example-rtsp-options
  CONFIG = Debug
  DEFINES = -DCURL_NO_OLDIES -DHAVE_CONFIG_H -DUNICODE -DWIN32_LEAN_AND_MEAN -D_UNICODE
  FLAGS = /nologo /DWIN32 /D_WINDOWS /utf-8 /MP  /MDd /Z7 /Ob0 /Od /RTC1  -MDd -W4 -Wall -wd4061 -wd4191 -wd4255 -wd4464 -wd4548 -wd4574 -wd4668 -wd4710 -wd4711 -wd4746 -wd4820 -wd5045 -MP
  INCLUDES = -IC:\Users\19697\Documents\KeygenSDK\KeygenSDK\build-vs\vcpkg_installed\vcpkg\blds\curl\src\url-8_21_0-3ffa9f46b7.clean\include
  OBJECT_DIR = docs\examples\CMakeFiles\curl-example-rtsp-options.dir
  OBJECT_FILE_DIR = docs\examples\CMakeFiles\curl-example-rtsp-options.dir
  TARGET_COMPILE_PDB = docs\examples\CMakeFiles\curl-example-rtsp-options.dir\
  TARGET_PDB = docs\examples\rtsp-options.pdb
  TARGET_SUPPORT_DIR = docs\examples\CMakeFiles\curl-example-rtsp-options.dir


# =============================================================================
# Link build statements for EXECUTABLE target curl-example-rtsp-options


#############################################
# Link the executable docs\examples\rtsp-options.exe

build docs\examples\rtsp-options.exe: C_EXECUTABLE_LINKER__curl-example-rtsp-options_Debug docs\examples\CMakeFiles\curl-example-rtsp-options.dir\rtsp-options.c.obj | lib\libcurl-d.lib || lib\libcurl-d.dll
  CONFIG = Debug
  FLAGS = /nologo /DWIN32 /D_WINDOWS /utf-8 /MP  /MDd /Z7 /Ob0 /Od /RTC1  -MDd
  LINK_FLAGS = /machine:x64 /nologo    /debug /INCREMENTAL /subsystem:console
  LINK_LIBRARIES = lib\libcurl-d.lib  ws2_32.lib  iphlpapi.lib  kernel32.lib user32.lib gdi32.lib winspool.lib shell32.lib ole32.lib oleaut32.lib uuid.lib comdlg32.lib advapi32.lib
  OBJECT_DIR = docs\examples\CMakeFiles\curl-example-rtsp-options.dir
  POST_BUILD = cd .
  PRE_LINK = cd .
  TARGET_COMPILE_PDB = docs\examples\CMakeFiles\curl-example-rtsp-options.dir\
  TARGET_FILE = docs\examples\rtsp-options.exe
  TARGET_IMPLIB = docs\examples\rtsp-options.lib
  TARGET_PDB = docs\examples\rtsp-options.pdb
  TARGET_SUPPORT_DIR = docs\examples\CMakeFiles\curl-example-rtsp-options.dir

# =============================================================================
# Object build statements for EXECUTABLE target curl-example-sendrecv


#############################################
# Order-only phony target for curl-example-sendrecv

build cmake_object_order_depends_target_curl-example-sendrecv: phony || cmake_object_order_depends_target_libcurl_shared

build docs\examples\CMakeFiles\curl-example-sendrecv.dir\sendrecv.c.obj: C_COMPILER__curl-example-sendrecv_unscanned_Debug C$:\Users\19697\Documents\KeygenSDK\KeygenSDK\build-vs\vcpkg_installed\vcpkg\blds\curl\src\url-8_21_0-3ffa9f46b7.clean\docs\examples\sendrecv.c || cmake_object_order_depends_target_curl-example-sendrecv
  CONFIG = Debug
  DEFINES = -DCURL_NO_OLDIES -DHAVE_CONFIG_H -DUNICODE -DWIN32_LEAN_AND_MEAN -D_UNICODE
  FLAGS = /nologo /DWIN32 /D_WINDOWS /utf-8 /MP  /MDd /Z7 /Ob0 /Od /RTC1  -MDd -W4 -Wall -wd4061 -wd4191 -wd4255 -wd4464 -wd4548 -wd4574 -wd4668 -wd4710 -wd4711 -wd4746 -wd4820 -wd5045 -MP
  INCLUDES = -IC:\Users\19697\Documents\KeygenSDK\KeygenSDK\build-vs\vcpkg_installed\vcpkg\blds\curl\src\url-8_21_0-3ffa9f46b7.clean\include
  OBJECT_DIR = docs\examples\CMakeFiles\curl-example-sendrecv.dir
  OBJECT_FILE_DIR = docs\examples\CMakeFiles\curl-example-sendrecv.dir
  TARGET_COMPILE_PDB = docs\examples\CMakeFiles\curl-example-sendrecv.dir\
  TARGET_PDB = docs\examples\sendrecv.pdb
  TARGET_SUPPORT_DIR = docs\examples\CMakeFiles\curl-example-sendrecv.dir


# =============================================================================
# Link build statements for EXECUTABLE target curl-example-sendrecv


#############################################
# Link the executable docs\examples\sendrecv.exe

build docs\examples\sendrecv.exe: C_EXECUTABLE_LINKER__curl-example-sendrecv_Debug docs\examples\CMakeFiles\curl-example-sendrecv.dir\sendrecv.c.obj | lib\libcurl-d.lib || lib\libcurl-d.dll
  CONFIG = Debug
  FLAGS = /nologo /DWIN32 /D_WINDOWS /utf-8 /MP  /MDd /Z7 /Ob0 /Od /RTC1  -MDd
  LINK_FLAGS = /machine:x64 /nologo    /debug /INCREMENTAL /subsystem:console
  LINK_LIBRARIES = lib\libcurl-d.lib  ws2_32.lib  iphlpapi.lib  kernel32.lib user32.lib gdi32.lib winspool.lib shell32.lib ole32.lib oleaut32.lib uuid.lib comdlg32.lib advapi32.lib
  OBJECT_DIR = docs\examples\CMakeFiles\curl-example-sendrecv.dir
  POST_BUILD = cd .
  PRE_LINK = cd .
  TARGET_COMPILE_PDB = docs\examples\CMakeFiles\curl-example-sendrecv.dir\
  TARGET_FILE = docs\examples\sendrecv.exe
  TARGET_IMPLIB = docs\examples\sendrecv.lib
  TARGET_PDB = docs\examples\sendrecv.pdb
  TARGET_SUPPORT_DIR = docs\examples\CMakeFiles\curl-example-sendrecv.dir

# =============================================================================
# Object build statements for EXECUTABLE target curl-example-sepheaders


#############################################
# Order-only phony target for curl-example-sepheaders

build cmake_object_order_depends_target_curl-example-sepheaders: phony || cmake_object_order_depends_target_libcurl_shared

build docs\examples\CMakeFiles\curl-example-sepheaders.dir\sepheaders.c.obj: C_COMPILER__curl-example-sepheaders_unscanned_Debug C$:\Users\19697\Documents\KeygenSDK\KeygenSDK\build-vs\vcpkg_installed\vcpkg\blds\curl\src\url-8_21_0-3ffa9f46b7.clean\docs\examples\sepheaders.c || cmake_object_order_depends_target_curl-example-sepheaders
  CONFIG = Debug
  DEFINES = -DCURL_NO_OLDIES -DHAVE_CONFIG_H -DUNICODE -DWIN32_LEAN_AND_MEAN -D_UNICODE
  FLAGS = /nologo /DWIN32 /D_WINDOWS /utf-8 /MP  /MDd /Z7 /Ob0 /Od /RTC1  -MDd -W4 -Wall -wd4061 -wd4191 -wd4255 -wd4464 -wd4548 -wd4574 -wd4668 -wd4710 -wd4711 -wd4746 -wd4820 -wd5045 -MP
  INCLUDES = -IC:\Users\19697\Documents\KeygenSDK\KeygenSDK\build-vs\vcpkg_installed\vcpkg\blds\curl\src\url-8_21_0-3ffa9f46b7.clean\include
  OBJECT_DIR = docs\examples\CMakeFiles\curl-example-sepheaders.dir
  OBJECT_FILE_DIR = docs\examples\CMakeFiles\curl-example-sepheaders.dir
  TARGET_COMPILE_PDB = docs\examples\CMakeFiles\curl-example-sepheaders.dir\
  TARGET_PDB = docs\examples\sepheaders.pdb
  TARGET_SUPPORT_DIR = docs\examples\CMakeFiles\curl-example-sepheaders.dir


# =============================================================================
# Link build statements for EXECUTABLE target curl-example-sepheaders


#############################################
# Link the executable docs\examples\sepheaders.exe

build docs\examples\sepheaders.exe: C_EXECUTABLE_LINKER__curl-example-sepheaders_Debug docs\examples\CMakeFiles\curl-example-sepheaders.dir\sepheaders.c.obj | lib\libcurl-d.lib || lib\libcurl-d.dll
  CONFIG = Debug
  FLAGS = /nologo /DWIN32 /D_WINDOWS /utf-8 /MP  /MDd /Z7 /Ob0 /Od /RTC1  -MDd
  LINK_FLAGS = /machine:x64 /nologo    /debug /INCREMENTAL /subsystem:console
  LINK_LIBRARIES = lib\libcurl-d.lib  ws2_32.lib  iphlpapi.lib  kernel32.lib user32.lib gdi32.lib winspool.lib shell32.lib ole32.lib oleaut32.lib uuid.lib comdlg32.lib advapi32.lib
  OBJECT_DIR = docs\examples\CMakeFiles\curl-example-sepheaders.dir
  POST_BUILD = cd .
  PRE_LINK = cd .
  TARGET_COMPILE_PDB = docs\examples\CMakeFiles\curl-example-sepheaders.dir\
  TARGET_FILE = docs\examples\sepheaders.exe
  TARGET_IMPLIB = docs\examples\sepheaders.lib
  TARGET_PDB = docs\examples\sepheaders.pdb
  TARGET_SUPPORT_DIR = docs\examples\CMakeFiles\curl-example-sepheaders.dir

# =============================================================================
# Object build statements for EXECUTABLE target curl-example-sftpget


#############################################
# Order-only phony target for curl-example-sftpget

build cmake_object_order_depends_target_curl-example-sftpget: phony || cmake_object_order_depends_target_libcurl_shared

build docs\examples\CMakeFiles\curl-example-sftpget.dir\sftpget.c.obj: C_COMPILER__curl-example-sftpget_unscanned_Debug C$:\Users\19697\Documents\KeygenSDK\KeygenSDK\build-vs\vcpkg_installed\vcpkg\blds\curl\src\url-8_21_0-3ffa9f46b7.clean\docs\examples\sftpget.c || cmake_object_order_depends_target_curl-example-sftpget
  CONFIG = Debug
  DEFINES = -DCURL_NO_OLDIES -DHAVE_CONFIG_H -DUNICODE -DWIN32_LEAN_AND_MEAN -D_UNICODE
  FLAGS = /nologo /DWIN32 /D_WINDOWS /utf-8 /MP  /MDd /Z7 /Ob0 /Od /RTC1  -MDd -W4 -Wall -wd4061 -wd4191 -wd4255 -wd4464 -wd4548 -wd4574 -wd4668 -wd4710 -wd4711 -wd4746 -wd4820 -wd5045 -MP
  INCLUDES = -IC:\Users\19697\Documents\KeygenSDK\KeygenSDK\build-vs\vcpkg_installed\vcpkg\blds\curl\src\url-8_21_0-3ffa9f46b7.clean\include
  OBJECT_DIR = docs\examples\CMakeFiles\curl-example-sftpget.dir
  OBJECT_FILE_DIR = docs\examples\CMakeFiles\curl-example-sftpget.dir
  TARGET_COMPILE_PDB = docs\examples\CMakeFiles\curl-example-sftpget.dir\
  TARGET_PDB = docs\examples\sftpget.pdb
  TARGET_SUPPORT_DIR = docs\examples\CMakeFiles\curl-example-sftpget.dir


# =============================================================================
# Link build statements for EXECUTABLE target curl-example-sftpget


#############################################
# Link the executable docs\examples\sftpget.exe

build docs\examples\sftpget.exe: C_EXECUTABLE_LINKER__curl-example-sftpget_Debug docs\examples\CMakeFiles\curl-example-sftpget.dir\sftpget.c.obj | lib\libcurl-d.lib || lib\libcurl-d.dll
  CONFIG = Debug
  FLAGS = /nologo /DWIN32 /D_WINDOWS /utf-8 /MP  /MDd /Z7 /Ob0 /Od /RTC1  -MDd
  LINK_FLAGS = /machine:x64 /nologo    /debug /INCREMENTAL /subsystem:console
  LINK_LIBRARIES = lib\libcurl-d.lib  ws2_32.lib  iphlpapi.lib  kernel32.lib user32.lib gdi32.lib winspool.lib shell32.lib ole32.lib oleaut32.lib uuid.lib comdlg32.lib advapi32.lib
  OBJECT_DIR = docs\examples\CMakeFiles\curl-example-sftpget.dir
  POST_BUILD = cd .
  PRE_LINK = cd .
  TARGET_COMPILE_PDB = docs\examples\CMakeFiles\curl-example-sftpget.dir\
  TARGET_FILE = docs\examples\sftpget.exe
  TARGET_IMPLIB = docs\examples\sftpget.lib
  TARGET_PDB = docs\examples\sftpget.pdb
  TARGET_SUPPORT_DIR = docs\examples\CMakeFiles\curl-example-sftpget.dir

# =============================================================================
# Object build statements for EXECUTABLE target curl-example-sftpuploadresume


#############################################
# Order-only phony target for curl-example-sftpuploadresume

build cmake_object_order_depends_target_curl-example-sftpuploadresume: phony || cmake_object_order_depends_target_libcurl_shared

build docs\examples\CMakeFiles\curl-example-sftpuploadresume.dir\sftpuploadresume.c.obj: C_COMPILER__curl-example-sftpuploadresume_unscanned_Debug C$:\Users\19697\Documents\KeygenSDK\KeygenSDK\build-vs\vcpkg_installed\vcpkg\blds\curl\src\url-8_21_0-3ffa9f46b7.clean\docs\examples\sftpuploadresume.c || cmake_object_order_depends_target_curl-example-sftpuploadresume
  CONFIG = Debug
  DEFINES = -DCURL_NO_OLDIES -DHAVE_CONFIG_H -DUNICODE -DWIN32_LEAN_AND_MEAN -D_UNICODE
  FLAGS = /nologo /DWIN32 /D_WINDOWS /utf-8 /MP  /MDd /Z7 /Ob0 /Od /RTC1  -MDd -W4 -Wall -wd4061 -wd4191 -wd4255 -wd4464 -wd4548 -wd4574 -wd4668 -wd4710 -wd4711 -wd4746 -wd4820 -wd5045 -MP
  INCLUDES = -IC:\Users\19697\Documents\KeygenSDK\KeygenSDK\build-vs\vcpkg_installed\vcpkg\blds\curl\src\url-8_21_0-3ffa9f46b7.clean\include
  OBJECT_DIR = docs\examples\CMakeFiles\curl-example-sftpuploadresume.dir
  OBJECT_FILE_DIR = docs\examples\CMakeFiles\curl-example-sftpuploadresume.dir
  TARGET_COMPILE_PDB = docs\examples\CMakeFiles\curl-example-sftpuploadresume.dir\
  TARGET_PDB = docs\examples\sftpuploadresume.pdb
  TARGET_SUPPORT_DIR = docs\examples\CMakeFiles\curl-example-sftpuploadresume.dir


# =============================================================================
# Link build statements for EXECUTABLE target curl-example-sftpuploadresume


#############################################
# Link the executable docs\examples\sftpuploadresume.exe

build docs\examples\sftpuploadresume.exe: C_EXECUTABLE_LINKER__curl-example-sftpuploadresume_Debug docs\examples\CMakeFiles\curl-example-sftpuploadresume.dir\sftpuploadresume.c.obj | lib\libcurl-d.lib || lib\libcurl-d.dll
  CONFIG = Debug
  FLAGS = /nologo /DWIN32 /D_WINDOWS /utf-8 /MP  /MDd /Z7 /Ob0 /Od /RTC1  -MDd
  LINK_FLAGS = /machine:x64 /nologo    /debug /INCREMENTAL /subsystem:console
  LINK_LIBRARIES = lib\libcurl-d.lib  ws2_32.lib  iphlpapi.lib  kernel32.lib user32.lib gdi32.lib winspool.lib shell32.lib ole32.lib oleaut32.lib uuid.lib comdlg32.lib advapi32.lib
  OBJECT_DIR = docs\examples\CMakeFiles\curl-example-sftpuploadresume.dir
  POST_BUILD = cd .
  PRE_LINK = cd .
  TARGET_COMPILE_PDB = docs\examples\CMakeFiles\curl-example-sftpuploadresume.dir\
  TARGET_FILE = docs\examples\sftpuploadresume.exe
  TARGET_IMPLIB = docs\examples\sftpuploadresume.lib
  TARGET_PDB = docs\examples\sftpuploadresume.pdb
  TARGET_SUPPORT_DIR = docs\examples\CMakeFiles\curl-example-sftpuploadresume.dir

# =============================================================================
# Object build statements for EXECUTABLE target curl-example-shared-connection-cache


#############################################
# Order-only phony target for curl-example-shared-connection-cache

build cmake_object_order_depends_target_curl-example-shared-connection-cache: phony || cmake_object_order_depends_target_libcurl_shared

build docs\examples\CMakeFiles\curl-example-shared-connection-cache.dir\shared-connection-cache.c.obj: C_COMPILER__curl-example-shared-connection-cache_unscanned_Debug C$:\Users\19697\Documents\KeygenSDK\KeygenSDK\build-vs\vcpkg_installed\vcpkg\blds\curl\src\url-8_21_0-3ffa9f46b7.clean\docs\examples\shared-connection-cache.c || cmake_object_order_depends_target_curl-example-shared-connection-cache
  CONFIG = Debug
  DEFINES = -DCURL_NO_OLDIES -DHAVE_CONFIG_H -DUNICODE -DWIN32_LEAN_AND_MEAN -D_UNICODE
  FLAGS = /nologo /DWIN32 /D_WINDOWS /utf-8 /MP  /MDd /Z7 /Ob0 /Od /RTC1  -MDd -W4 -Wall -wd4061 -wd4191 -wd4255 -wd4464 -wd4548 -wd4574 -wd4668 -wd4710 -wd4711 -wd4746 -wd4820 -wd5045 -MP
  INCLUDES = -IC:\Users\19697\Documents\KeygenSDK\KeygenSDK\build-vs\vcpkg_installed\vcpkg\blds\curl\src\url-8_21_0-3ffa9f46b7.clean\include
  OBJECT_DIR = docs\examples\CMakeFiles\curl-example-shared-connection-cache.dir
  OBJECT_FILE_DIR = docs\examples\CMakeFiles\curl-example-shared-connection-cache.dir
  TARGET_COMPILE_PDB = docs\examples\CMakeFiles\curl-example-shared-connection-cache.dir\
  TARGET_PDB = docs\examples\shared-connection-cache.pdb
  TARGET_SUPPORT_DIR = docs\examples\CMakeFiles\curl-example-shared-connection-cache.dir


# =============================================================================
# Link build statements for EXECUTABLE target curl-example-shared-connection-cache


#############################################
# Link the executable docs\examples\shared-connection-cache.exe

build docs\examples\shared-connection-cache.exe: C_EXECUTABLE_LINKER__curl-example-shared-connection-cache_Debug docs\examples\CMakeFiles\curl-example-shared-connection-cache.dir\shared-connection-cache.c.obj | lib\libcurl-d.lib || lib\libcurl-d.dll
  CONFIG = Debug
  FLAGS = /nologo /DWIN32 /D_WINDOWS /utf-8 /MP  /MDd /Z7 /Ob0 /Od /RTC1  -MDd
  LINK_FLAGS = /machine:x64 /nologo    /debug /INCREMENTAL /subsystem:console
  LINK_LIBRARIES = lib\libcurl-d.lib  ws2_32.lib  iphlpapi.lib  kernel32.lib user32.lib gdi32.lib winspool.lib shell32.lib ole32.lib oleaut32.lib uuid.lib comdlg32.lib advapi32.lib
  OBJECT_DIR = docs\examples\CMakeFiles\curl-example-shared-connection-cache.dir
  POST_BUILD = cd .
  PRE_LINK = cd .
  TARGET_COMPILE_PDB = docs\examples\CMakeFiles\curl-example-shared-connection-cache.dir\
  TARGET_FILE = docs\examples\shared-connection-cache.exe
  TARGET_IMPLIB = docs\examples\shared-connection-cache.lib
  TARGET_PDB = docs\examples\shared-connection-cache.pdb
  TARGET_SUPPORT_DIR = docs\examples\CMakeFiles\curl-example-shared-connection-cache.dir

# =============================================================================
# Object build statements for EXECUTABLE target curl-example-simple


#############################################
# Order-only phony target for curl-example-simple

build cmake_object_order_depends_target_curl-example-simple: phony || cmake_object_order_depends_target_libcurl_shared

build docs\examples\CMakeFiles\curl-example-simple.dir\simple.c.obj: C_COMPILER__curl-example-simple_unscanned_Debug C$:\Users\19697\Documents\KeygenSDK\KeygenSDK\build-vs\vcpkg_installed\vcpkg\blds\curl\src\url-8_21_0-3ffa9f46b7.clean\docs\examples\simple.c || cmake_object_order_depends_target_curl-example-simple
  CONFIG = Debug
  DEFINES = -DCURL_NO_OLDIES -DHAVE_CONFIG_H -DUNICODE -DWIN32_LEAN_AND_MEAN -D_UNICODE
  FLAGS = /nologo /DWIN32 /D_WINDOWS /utf-8 /MP  /MDd /Z7 /Ob0 /Od /RTC1  -MDd -W4 -Wall -wd4061 -wd4191 -wd4255 -wd4464 -wd4548 -wd4574 -wd4668 -wd4710 -wd4711 -wd4746 -wd4820 -wd5045 -MP
  INCLUDES = -IC:\Users\19697\Documents\KeygenSDK\KeygenSDK\build-vs\vcpkg_installed\vcpkg\blds\curl\src\url-8_21_0-3ffa9f46b7.clean\include
  OBJECT_DIR = docs\examples\CMakeFiles\curl-example-simple.dir
  OBJECT_FILE_DIR = docs\examples\CMakeFiles\curl-example-simple.dir
  TARGET_COMPILE_PDB = docs\examples\CMakeFiles\curl-example-simple.dir\
  TARGET_PDB = docs\examples\simple.pdb
  TARGET_SUPPORT_DIR = docs\examples\CMakeFiles\curl-example-simple.dir


# =============================================================================
# Link build statements for EXECUTABLE target curl-example-simple


#############################################
# Link the executable docs\examples\simple.exe

build docs\examples\simple.exe: C_EXECUTABLE_LINKER__curl-example-simple_Debug docs\examples\CMakeFiles\curl-example-simple.dir\simple.c.obj | lib\libcurl-d.lib || lib\libcurl-d.dll
  CONFIG = Debug
  FLAGS = /nologo /DWIN32 /D_WINDOWS /utf-8 /MP  /MDd /Z7 /Ob0 /Od /RTC1  -MDd
  LINK_FLAGS = /machine:x64 /nologo    /debug /INCREMENTAL /subsystem:console
  LINK_LIBRARIES = lib\libcurl-d.lib  ws2_32.lib  iphlpapi.lib  kernel32.lib user32.lib gdi32.lib winspool.lib shell32.lib ole32.lib oleaut32.lib uuid.lib comdlg32.lib advapi32.lib
  OBJECT_DIR = docs\examples\CMakeFiles\curl-example-simple.dir
  POST_BUILD = cd .
  PRE_LINK = cd .
  TARGET_COMPILE_PDB = docs\examples\CMakeFiles\curl-example-simple.dir\
  TARGET_FILE = docs\examples\simple.exe
  TARGET_IMPLIB = docs\examples\simple.lib
  TARGET_PDB = docs\examples\simple.pdb
  TARGET_SUPPORT_DIR = docs\examples\CMakeFiles\curl-example-simple.dir

# =============================================================================
# Object build statements for EXECUTABLE target curl-example-simplepost


#############################################
# Order-only phony target for curl-example-simplepost

build cmake_object_order_depends_target_curl-example-simplepost: phony || cmake_object_order_depends_target_libcurl_shared

build docs\examples\CMakeFiles\curl-example-simplepost.dir\simplepost.c.obj: C_COMPILER__curl-example-simplepost_unscanned_Debug C$:\Users\19697\Documents\KeygenSDK\KeygenSDK\build-vs\vcpkg_installed\vcpkg\blds\curl\src\url-8_21_0-3ffa9f46b7.clean\docs\examples\simplepost.c || cmake_object_order_depends_target_curl-example-simplepost
  CONFIG = Debug
  DEFINES = -DCURL_NO_OLDIES -DHAVE_CONFIG_H -DUNICODE -DWIN32_LEAN_AND_MEAN -D_UNICODE
  FLAGS = /nologo /DWIN32 /D_WINDOWS /utf-8 /MP  /MDd /Z7 /Ob0 /Od /RTC1  -MDd -W4 -Wall -wd4061 -wd4191 -wd4255 -wd4464 -wd4548 -wd4574 -wd4668 -wd4710 -wd4711 -wd4746 -wd4820 -wd5045 -MP
  INCLUDES = -IC:\Users\19697\Documents\KeygenSDK\KeygenSDK\build-vs\vcpkg_installed\vcpkg\blds\curl\src\url-8_21_0-3ffa9f46b7.clean\include
  OBJECT_DIR = docs\examples\CMakeFiles\curl-example-simplepost.dir
  OBJECT_FILE_DIR = docs\examples\CMakeFiles\curl-example-simplepost.dir
  TARGET_COMPILE_PDB = docs\examples\CMakeFiles\curl-example-simplepost.dir\
  TARGET_PDB = docs\examples\simplepost.pdb
  TARGET_SUPPORT_DIR = docs\examples\CMakeFiles\curl-example-simplepost.dir


# =============================================================================
# Link build statements for EXECUTABLE target curl-example-simplepost


#############################################
# Link the executable docs\examples\simplepost.exe

build docs\examples\simplepost.exe: C_EXECUTABLE_LINKER__curl-example-simplepost_Debug docs\examples\CMakeFiles\curl-example-simplepost.dir\simplepost.c.obj | lib\libcurl-d.lib || lib\libcurl-d.dll
  CONFIG = Debug
  FLAGS = /nologo /DWIN32 /D_WINDOWS /utf-8 /MP  /MDd /Z7 /Ob0 /Od /RTC1  -MDd
  LINK_FLAGS = /machine:x64 /nologo    /debug /INCREMENTAL /subsystem:console
  LINK_LIBRARIES = lib\libcurl-d.lib  ws2_32.lib  iphlpapi.lib  kernel32.lib user32.lib gdi32.lib winspool.lib shell32.lib ole32.lib oleaut32.lib uuid.lib comdlg32.lib advapi32.lib
  OBJECT_DIR = docs\examples\CMakeFiles\curl-example-simplepost.dir
  POST_BUILD = cd .
  PRE_LINK = cd .
  TARGET_COMPILE_PDB = docs\examples\CMakeFiles\curl-example-simplepost.dir\
  TARGET_FILE = docs\examples\simplepost.exe
  TARGET_IMPLIB = docs\examples\simplepost.lib
  TARGET_PDB = docs\examples\simplepost.pdb
  TARGET_SUPPORT_DIR = docs\examples\CMakeFiles\curl-example-simplepost.dir

# =============================================================================
# Object build statements for EXECUTABLE target curl-example-simplessl


#############################################
# Order-only phony target for curl-example-simplessl

build cmake_object_order_depends_target_curl-example-simplessl: phony || cmake_object_order_depends_target_libcurl_shared

build docs\examples\CMakeFiles\curl-example-simplessl.dir\simplessl.c.obj: C_COMPILER__curl-example-simplessl_unscanned_Debug C$:\Users\19697\Documents\KeygenSDK\KeygenSDK\build-vs\vcpkg_installed\vcpkg\blds\curl\src\url-8_21_0-3ffa9f46b7.clean\docs\examples\simplessl.c || cmake_object_order_depends_target_curl-example-simplessl
  CONFIG = Debug
  DEFINES = -DCURL_NO_OLDIES -DHAVE_CONFIG_H -DUNICODE -DWIN32_LEAN_AND_MEAN -D_UNICODE
  FLAGS = /nologo /DWIN32 /D_WINDOWS /utf-8 /MP  /MDd /Z7 /Ob0 /Od /RTC1  -MDd -W4 -Wall -wd4061 -wd4191 -wd4255 -wd4464 -wd4548 -wd4574 -wd4668 -wd4710 -wd4711 -wd4746 -wd4820 -wd5045 -MP
  INCLUDES = -IC:\Users\19697\Documents\KeygenSDK\KeygenSDK\build-vs\vcpkg_installed\vcpkg\blds\curl\src\url-8_21_0-3ffa9f46b7.clean\include
  OBJECT_DIR = docs\examples\CMakeFiles\curl-example-simplessl.dir
  OBJECT_FILE_DIR = docs\examples\CMakeFiles\curl-example-simplessl.dir
  TARGET_COMPILE_PDB = docs\examples\CMakeFiles\curl-example-simplessl.dir\
  TARGET_PDB = docs\examples\simplessl.pdb
  TARGET_SUPPORT_DIR = docs\examples\CMakeFiles\curl-example-simplessl.dir


# =============================================================================
# Link build statements for EXECUTABLE target curl-example-simplessl


#############################################
# Link the executable docs\examples\simplessl.exe

build docs\examples\simplessl.exe: C_EXECUTABLE_LINKER__curl-example-simplessl_Debug docs\examples\CMakeFiles\curl-example-simplessl.dir\simplessl.c.obj | lib\libcurl-d.lib || lib\libcurl-d.dll
  CONFIG = Debug
  FLAGS = /nologo /DWIN32 /D_WINDOWS /utf-8 /MP  /MDd /Z7 /Ob0 /Od /RTC1  -MDd
  LINK_FLAGS = /machine:x64 /nologo    /debug /INCREMENTAL /subsystem:console
  LINK_LIBRARIES = lib\libcurl-d.lib  ws2_32.lib  iphlpapi.lib  kernel32.lib user32.lib gdi32.lib winspool.lib shell32.lib ole32.lib oleaut32.lib uuid.lib comdlg32.lib advapi32.lib
  OBJECT_DIR = docs\examples\CMakeFiles\curl-example-simplessl.dir
  POST_BUILD = cd .
  PRE_LINK = cd .
  TARGET_COMPILE_PDB = docs\examples\CMakeFiles\curl-example-simplessl.dir\
  TARGET_FILE = docs\examples\simplessl.exe
  TARGET_IMPLIB = docs\examples\simplessl.lib
  TARGET_PDB = docs\examples\simplessl.pdb
  TARGET_SUPPORT_DIR = docs\examples\CMakeFiles\curl-example-simplessl.dir

# =============================================================================
# Object build statements for EXECUTABLE target curl-example-smtp-authzid


#############################################
# Order-only phony target for curl-example-smtp-authzid

build cmake_object_order_depends_target_curl-example-smtp-authzid: phony || cmake_object_order_depends_target_libcurl_shared

build docs\examples\CMakeFiles\curl-example-smtp-authzid.dir\smtp-authzid.c.obj: C_COMPILER__curl-example-smtp-authzid_unscanned_Debug C$:\Users\19697\Documents\KeygenSDK\KeygenSDK\build-vs\vcpkg_installed\vcpkg\blds\curl\src\url-8_21_0-3ffa9f46b7.clean\docs\examples\smtp-authzid.c || cmake_object_order_depends_target_curl-example-smtp-authzid
  CONFIG = Debug
  DEFINES = -DCURL_NO_OLDIES -DHAVE_CONFIG_H -DUNICODE -DWIN32_LEAN_AND_MEAN -D_UNICODE
  FLAGS = /nologo /DWIN32 /D_WINDOWS /utf-8 /MP  /MDd /Z7 /Ob0 /Od /RTC1  -MDd -W4 -Wall -wd4061 -wd4191 -wd4255 -wd4464 -wd4548 -wd4574 -wd4668 -wd4710 -wd4711 -wd4746 -wd4820 -wd5045 -MP
  INCLUDES = -IC:\Users\19697\Documents\KeygenSDK\KeygenSDK\build-vs\vcpkg_installed\vcpkg\blds\curl\src\url-8_21_0-3ffa9f46b7.clean\include
  OBJECT_DIR = docs\examples\CMakeFiles\curl-example-smtp-authzid.dir
  OBJECT_FILE_DIR = docs\examples\CMakeFiles\curl-example-smtp-authzid.dir
  TARGET_COMPILE_PDB = docs\examples\CMakeFiles\curl-example-smtp-authzid.dir\
  TARGET_PDB = docs\examples\smtp-authzid.pdb
  TARGET_SUPPORT_DIR = docs\examples\CMakeFiles\curl-example-smtp-authzid.dir


# =============================================================================
# Link build statements for EXECUTABLE target curl-example-smtp-authzid


#############################################
# Link the executable docs\examples\smtp-authzid.exe

build docs\examples\smtp-authzid.exe: C_EXECUTABLE_LINKER__curl-example-smtp-authzid_Debug docs\examples\CMakeFiles\curl-example-smtp-authzid.dir\smtp-authzid.c.obj | lib\libcurl-d.lib || lib\libcurl-d.dll
  CONFIG = Debug
  FLAGS = /nologo /DWIN32 /D_WINDOWS /utf-8 /MP  /MDd /Z7 /Ob0 /Od /RTC1  -MDd
  LINK_FLAGS = /machine:x64 /nologo    /debug /INCREMENTAL /subsystem:console
  LINK_LIBRARIES = lib\libcurl-d.lib  ws2_32.lib  iphlpapi.lib  kernel32.lib user32.lib gdi32.lib winspool.lib shell32.lib ole32.lib oleaut32.lib uuid.lib comdlg32.lib advapi32.lib
  OBJECT_DIR = docs\examples\CMakeFiles\curl-example-smtp-authzid.dir
  POST_BUILD = cd .
  PRE_LINK = cd .
  TARGET_COMPILE_PDB = docs\examples\CMakeFiles\curl-example-smtp-authzid.dir\
  TARGET_FILE = docs\examples\smtp-authzid.exe
  TARGET_IMPLIB = docs\examples\smtp-authzid.lib
  TARGET_PDB = docs\examples\smtp-authzid.pdb
  TARGET_SUPPORT_DIR = docs\examples\CMakeFiles\curl-example-smtp-authzid.dir

# =============================================================================
# Object build statements for EXECUTABLE target curl-example-smtp-expn


#############################################
# Order-only phony target for curl-example-smtp-expn

build cmake_object_order_depends_target_curl-example-smtp-expn: phony || cmake_object_order_depends_target_libcurl_shared

build docs\examples\CMakeFiles\curl-example-smtp-expn.dir\smtp-expn.c.obj: C_COMPILER__curl-example-smtp-expn_unscanned_Debug C$:\Users\19697\Documents\KeygenSDK\KeygenSDK\build-vs\vcpkg_installed\vcpkg\blds\curl\src\url-8_21_0-3ffa9f46b7.clean\docs\examples\smtp-expn.c || cmake_object_order_depends_target_curl-example-smtp-expn
  CONFIG = Debug
  DEFINES = -DCURL_NO_OLDIES -DHAVE_CONFIG_H -DUNICODE -DWIN32_LEAN_AND_MEAN -D_UNICODE
  FLAGS = /nologo /DWIN32 /D_WINDOWS /utf-8 /MP  /MDd /Z7 /Ob0 /Od /RTC1  -MDd -W4 -Wall -wd4061 -wd4191 -wd4255 -wd4464 -wd4548 -wd4574 -wd4668 -wd4710 -wd4711 -wd4746 -wd4820 -wd5045 -MP
  INCLUDES = -IC:\Users\19697\Documents\KeygenSDK\KeygenSDK\build-vs\vcpkg_installed\vcpkg\blds\curl\src\url-8_21_0-3ffa9f46b7.clean\include
  OBJECT_DIR = docs\examples\CMakeFiles\curl-example-smtp-expn.dir
  OBJECT_FILE_DIR = docs\examples\CMakeFiles\curl-example-smtp-expn.dir
  TARGET_COMPILE_PDB = docs\examples\CMakeFiles\curl-example-smtp-expn.dir\
  TARGET_PDB = docs\examples\smtp-expn.pdb
  TARGET_SUPPORT_DIR = docs\examples\CMakeFiles\curl-example-smtp-expn.dir


# =============================================================================
# Link build statements for EXECUTABLE target curl-example-smtp-expn


#############################################
# Link the executable docs\examples\smtp-expn.exe

build docs\examples\smtp-expn.exe: C_EXECUTABLE_LINKER__curl-example-smtp-expn_Debug docs\examples\CMakeFiles\curl-example-smtp-expn.dir\smtp-expn.c.obj | lib\libcurl-d.lib || lib\libcurl-d.dll
  CONFIG = Debug
  FLAGS = /nologo /DWIN32 /D_WINDOWS /utf-8 /MP  /MDd /Z7 /Ob0 /Od /RTC1  -MDd
  LINK_FLAGS = /machine:x64 /nologo    /debug /INCREMENTAL /subsystem:console
  LINK_LIBRARIES = lib\libcurl-d.lib  ws2_32.lib  iphlpapi.lib  kernel32.lib user32.lib gdi32.lib winspool.lib shell32.lib ole32.lib oleaut32.lib uuid.lib comdlg32.lib advapi32.lib
  OBJECT_DIR = docs\examples\CMakeFiles\curl-example-smtp-expn.dir
  POST_BUILD = cd .
  PRE_LINK = cd .
  TARGET_COMPILE_PDB = docs\examples\CMakeFiles\curl-example-smtp-expn.dir\
  TARGET_FILE = docs\examples\smtp-expn.exe
  TARGET_IMPLIB = docs\examples\smtp-expn.lib
  TARGET_PDB = docs\examples\smtp-expn.pdb
  TARGET_SUPPORT_DIR = docs\examples\CMakeFiles\curl-example-smtp-expn.dir

# =============================================================================
# Object build statements for EXECUTABLE target curl-example-smtp-mail


#############################################
# Order-only phony target for curl-example-smtp-mail

build cmake_object_order_depends_target_curl-example-smtp-mail: phony || cmake_object_order_depends_target_libcurl_shared

build docs\examples\CMakeFiles\curl-example-smtp-mail.dir\smtp-mail.c.obj: C_COMPILER__curl-example-smtp-mail_unscanned_Debug C$:\Users\19697\Documents\KeygenSDK\KeygenSDK\build-vs\vcpkg_installed\vcpkg\blds\curl\src\url-8_21_0-3ffa9f46b7.clean\docs\examples\smtp-mail.c || cmake_object_order_depends_target_curl-example-smtp-mail
  CONFIG = Debug
  DEFINES = -DCURL_NO_OLDIES -DHAVE_CONFIG_H -DUNICODE -DWIN32_LEAN_AND_MEAN -D_UNICODE
  FLAGS = /nologo /DWIN32 /D_WINDOWS /utf-8 /MP  /MDd /Z7 /Ob0 /Od /RTC1  -MDd -W4 -Wall -wd4061 -wd4191 -wd4255 -wd4464 -wd4548 -wd4574 -wd4668 -wd4710 -wd4711 -wd4746 -wd4820 -wd5045 -MP
  INCLUDES = -IC:\Users\19697\Documents\KeygenSDK\KeygenSDK\build-vs\vcpkg_installed\vcpkg\blds\curl\src\url-8_21_0-3ffa9f46b7.clean\include
  OBJECT_DIR = docs\examples\CMakeFiles\curl-example-smtp-mail.dir
  OBJECT_FILE_DIR = docs\examples\CMakeFiles\curl-example-smtp-mail.dir
  TARGET_COMPILE_PDB = docs\examples\CMakeFiles\curl-example-smtp-mail.dir\
  TARGET_PDB = docs\examples\smtp-mail.pdb
  TARGET_SUPPORT_DIR = docs\examples\CMakeFiles\curl-example-smtp-mail.dir


# =============================================================================
# Link build statements for EXECUTABLE target curl-example-smtp-mail


#############################################
# Link the executable docs\examples\smtp-mail.exe

build docs\examples\smtp-mail.exe: C_EXECUTABLE_LINKER__curl-example-smtp-mail_Debug docs\examples\CMakeFiles\curl-example-smtp-mail.dir\smtp-mail.c.obj | lib\libcurl-d.lib || lib\libcurl-d.dll
  CONFIG = Debug
  FLAGS = /nologo /DWIN32 /D_WINDOWS /utf-8 /MP  /MDd /Z7 /Ob0 /Od /RTC1  -MDd
  LINK_FLAGS = /machine:x64 /nologo    /debug /INCREMENTAL /subsystem:console
  LINK_LIBRARIES = lib\libcurl-d.lib  ws2_32.lib  iphlpapi.lib  kernel32.lib user32.lib gdi32.lib winspool.lib shell32.lib ole32.lib oleaut32.lib uuid.lib comdlg32.lib advapi32.lib
  OBJECT_DIR = docs\examples\CMakeFiles\curl-example-smtp-mail.dir
  POST_BUILD = cd .
  PRE_LINK = cd .
  TARGET_COMPILE_PDB = docs\examples\CMakeFiles\curl-example-smtp-mail.dir\
  TARGET_FILE = docs\examples\smtp-mail.exe
  TARGET_IMPLIB = docs\examples\smtp-mail.lib
  TARGET_PDB = docs\examples\smtp-mail.pdb
  TARGET_SUPPORT_DIR = docs\examples\CMakeFiles\curl-example-smtp-mail.dir

# =============================================================================
# Object build statements for EXECUTABLE target curl-example-smtp-mime


#############################################
# Order-only phony target for curl-example-smtp-mime

build cmake_object_order_depends_target_curl-example-smtp-mime: phony || cmake_object_order_depends_target_libcurl_shared

build docs\examples\CMakeFiles\curl-example-smtp-mime.dir\smtp-mime.c.obj: C_COMPILER__curl-example-smtp-mime_unscanned_Debug C$:\Users\19697\Documents\KeygenSDK\KeygenSDK\build-vs\vcpkg_installed\vcpkg\blds\curl\src\url-8_21_0-3ffa9f46b7.clean\docs\examples\smtp-mime.c || cmake_object_order_depends_target_curl-example-smtp-mime
  CONFIG = Debug
  DEFINES = -DCURL_NO_OLDIES -DHAVE_CONFIG_H -DUNICODE -DWIN32_LEAN_AND_MEAN -D_UNICODE
  FLAGS = /nologo /DWIN32 /D_WINDOWS /utf-8 /MP  /MDd /Z7 /Ob0 /Od /RTC1  -MDd -W4 -Wall -wd4061 -wd4191 -wd4255 -wd4464 -wd4548 -wd4574 -wd4668 -wd4710 -wd4711 -wd4746 -wd4820 -wd5045 -MP
  INCLUDES = -IC:\Users\19697\Documents\KeygenSDK\KeygenSDK\build-vs\vcpkg_installed\vcpkg\blds\curl\src\url-8_21_0-3ffa9f46b7.clean\include
  OBJECT_DIR = docs\examples\CMakeFiles\curl-example-smtp-mime.dir
  OBJECT_FILE_DIR = docs\examples\CMakeFiles\curl-example-smtp-mime.dir
  TARGET_COMPILE_PDB = docs\examples\CMakeFiles\curl-example-smtp-mime.dir\
  TARGET_PDB = docs\examples\smtp-mime.pdb
  TARGET_SUPPORT_DIR = docs\examples\CMakeFiles\curl-example-smtp-mime.dir


# =============================================================================
# Link build statements for EXECUTABLE target curl-example-smtp-mime


#############################################
# Link the executable docs\examples\smtp-mime.exe

build docs\examples\smtp-mime.exe: C_EXECUTABLE_LINKER__curl-example-smtp-mime_Debug docs\examples\CMakeFiles\curl-example-smtp-mime.dir\smtp-mime.c.obj | lib\libcurl-d.lib || lib\libcurl-d.dll
  CONFIG = Debug
  FLAGS = /nologo /DWIN32 /D_WINDOWS /utf-8 /MP  /MDd /Z7 /Ob0 /Od /RTC1  -MDd
  LINK_FLAGS = /machine:x64 /nologo    /debug /INCREMENTAL /subsystem:console
  LINK_LIBRARIES = lib\libcurl-d.lib  ws2_32.lib  iphlpapi.lib  kernel32.lib user32.lib gdi32.lib winspool.lib shell32.lib ole32.lib oleaut32.lib uuid.lib comdlg32.lib advapi32.lib
  OBJECT_DIR = docs\examples\CMakeFiles\curl-example-smtp-mime.dir
  POST_BUILD = cd .
  PRE_LINK = cd .
  TARGET_COMPILE_PDB = docs\examples\CMakeFiles\curl-example-smtp-mime.dir\
  TARGET_FILE = docs\examples\smtp-mime.exe
  TARGET_IMPLIB = docs\examples\smtp-mime.lib
  TARGET_PDB = docs\examples\smtp-mime.pdb
  TARGET_SUPPORT_DIR = docs\examples\CMakeFiles\curl-example-smtp-mime.dir

# =============================================================================
# Object build statements for EXECUTABLE target curl-example-smtp-multi


#############################################
# Order-only phony target for curl-example-smtp-multi

build cmake_object_order_depends_target_curl-example-smtp-multi: phony || cmake_object_order_depends_target_libcurl_shared

build docs\examples\CMakeFiles\curl-example-smtp-multi.dir\smtp-multi.c.obj: C_COMPILER__curl-example-smtp-multi_unscanned_Debug C$:\Users\19697\Documents\KeygenSDK\KeygenSDK\build-vs\vcpkg_installed\vcpkg\blds\curl\src\url-8_21_0-3ffa9f46b7.clean\docs\examples\smtp-multi.c || cmake_object_order_depends_target_curl-example-smtp-multi
  CONFIG = Debug
  DEFINES = -DCURL_NO_OLDIES -DHAVE_CONFIG_H -DUNICODE -DWIN32_LEAN_AND_MEAN -D_UNICODE
  FLAGS = /nologo /DWIN32 /D_WINDOWS /utf-8 /MP  /MDd /Z7 /Ob0 /Od /RTC1  -MDd -W4 -Wall -wd4061 -wd4191 -wd4255 -wd4464 -wd4548 -wd4574 -wd4668 -wd4710 -wd4711 -wd4746 -wd4820 -wd5045 -MP
  INCLUDES = -IC:\Users\19697\Documents\KeygenSDK\KeygenSDK\build-vs\vcpkg_installed\vcpkg\blds\curl\src\url-8_21_0-3ffa9f46b7.clean\include
  OBJECT_DIR = docs\examples\CMakeFiles\curl-example-smtp-multi.dir
  OBJECT_FILE_DIR = docs\examples\CMakeFiles\curl-example-smtp-multi.dir
  TARGET_COMPILE_PDB = docs\examples\CMakeFiles\curl-example-smtp-multi.dir\
  TARGET_PDB = docs\examples\smtp-multi.pdb
  TARGET_SUPPORT_DIR = docs\examples\CMakeFiles\curl-example-smtp-multi.dir


# =============================================================================
# Link build statements for EXECUTABLE target curl-example-smtp-multi


#############################################
# Link the executable docs\examples\smtp-multi.exe

build docs\examples\smtp-multi.exe: C_EXECUTABLE_LINKER__curl-example-smtp-multi_Debug docs\examples\CMakeFiles\curl-example-smtp-multi.dir\smtp-multi.c.obj | lib\libcurl-d.lib || lib\libcurl-d.dll
  CONFIG = Debug
  FLAGS = /nologo /DWIN32 /D_WINDOWS /utf-8 /MP  /MDd /Z7 /Ob0 /Od /RTC1  -MDd
  LINK_FLAGS = /machine:x64 /nologo    /debug /INCREMENTAL /subsystem:console
  LINK_LIBRARIES = lib\libcurl-d.lib  ws2_32.lib  iphlpapi.lib  kernel32.lib user32.lib gdi32.lib winspool.lib shell32.lib ole32.lib oleaut32.lib uuid.lib comdlg32.lib advapi32.lib
  OBJECT_DIR = docs\examples\CMakeFiles\curl-example-smtp-multi.dir
  POST_BUILD = cd .
  PRE_LINK = cd .
  TARGET_COMPILE_PDB = docs\examples\CMakeFiles\curl-example-smtp-multi.dir\
  TARGET_FILE = docs\examples\smtp-multi.exe
  TARGET_IMPLIB = docs\examples\smtp-multi.lib
  TARGET_PDB = docs\examples\smtp-multi.pdb
  TARGET_SUPPORT_DIR = docs\examples\CMakeFiles\curl-example-smtp-multi.dir

# =============================================================================
# Object build statements for EXECUTABLE target curl-example-smtp-ssl


#############################################
# Order-only phony target for curl-example-smtp-ssl

build cmake_object_order_depends_target_curl-example-smtp-ssl: phony || cmake_object_order_depends_target_libcurl_shared

build docs\examples\CMakeFiles\curl-example-smtp-ssl.dir\smtp-ssl.c.obj: C_COMPILER__curl-example-smtp-ssl_unscanned_Debug C$:\Users\19697\Documents\KeygenSDK\KeygenSDK\build-vs\vcpkg_installed\vcpkg\blds\curl\src\url-8_21_0-3ffa9f46b7.clean\docs\examples\smtp-ssl.c || cmake_object_order_depends_target_curl-example-smtp-ssl
  CONFIG = Debug
  DEFINES = -DCURL_NO_OLDIES -DHAVE_CONFIG_H -DUNICODE -DWIN32_LEAN_AND_MEAN -D_UNICODE
  FLAGS = /nologo /DWIN32 /D_WINDOWS /utf-8 /MP  /MDd /Z7 /Ob0 /Od /RTC1  -MDd -W4 -Wall -wd4061 -wd4191 -wd4255 -wd4464 -wd4548 -wd4574 -wd4668 -wd4710 -wd4711 -wd4746 -wd4820 -wd5045 -MP
  INCLUDES = -IC:\Users\19697\Documents\KeygenSDK\KeygenSDK\build-vs\vcpkg_installed\vcpkg\blds\curl\src\url-8_21_0-3ffa9f46b7.clean\include
  OBJECT_DIR = docs\examples\CMakeFiles\curl-example-smtp-ssl.dir
  OBJECT_FILE_DIR = docs\examples\CMakeFiles\curl-example-smtp-ssl.dir
  TARGET_COMPILE_PDB = docs\examples\CMakeFiles\curl-example-smtp-ssl.dir\
  TARGET_PDB = docs\examples\smtp-ssl.pdb
  TARGET_SUPPORT_DIR = docs\examples\CMakeFiles\curl-example-smtp-ssl.dir


# =============================================================================
# Link build statements for EXECUTABLE target curl-example-smtp-ssl


#############################################
# Link the executable docs\examples\smtp-ssl.exe

build docs\examples\smtp-ssl.exe: C_EXECUTABLE_LINKER__curl-example-smtp-ssl_Debug docs\examples\CMakeFiles\curl-example-smtp-ssl.dir\smtp-ssl.c.obj | lib\libcurl-d.lib || lib\libcurl-d.dll
  CONFIG = Debug
  FLAGS = /nologo /DWIN32 /D_WINDOWS /utf-8 /MP  /MDd /Z7 /Ob0 /Od /RTC1  -MDd
  LINK_FLAGS = /machine:x64 /nologo    /debug /INCREMENTAL /subsystem:console
  LINK_LIBRARIES = lib\libcurl-d.lib  ws2_32.lib  iphlpapi.lib  kernel32.lib user32.lib gdi32.lib winspool.lib shell32.lib ole32.lib oleaut32.lib uuid.lib comdlg32.lib advapi32.lib
  OBJECT_DIR = docs\examples\CMakeFiles\curl-example-smtp-ssl.dir
  POST_BUILD = cd .
  PRE_LINK = cd .
  TARGET_COMPILE_PDB = docs\examples\CMakeFiles\curl-example-smtp-ssl.dir\
  TARGET_FILE = docs\examples\smtp-ssl.exe
  TARGET_IMPLIB = docs\examples\smtp-ssl.lib
  TARGET_PDB = docs\examples\smtp-ssl.pdb
  TARGET_SUPPORT_DIR = docs\examples\CMakeFiles\curl-example-smtp-ssl.dir

# =============================================================================
# Object build statements for EXECUTABLE target curl-example-smtp-tls


#############################################
# Order-only phony target for curl-example-smtp-tls

build cmake_object_order_depends_target_curl-example-smtp-tls: phony || cmake_object_order_depends_target_libcurl_shared

build docs\examples\CMakeFiles\curl-example-smtp-tls.dir\smtp-tls.c.obj: C_COMPILER__curl-example-smtp-tls_unscanned_Debug C$:\Users\19697\Documents\KeygenSDK\KeygenSDK\build-vs\vcpkg_installed\vcpkg\blds\curl\src\url-8_21_0-3ffa9f46b7.clean\docs\examples\smtp-tls.c || cmake_object_order_depends_target_curl-example-smtp-tls
  CONFIG = Debug
  DEFINES = -DCURL_NO_OLDIES -DHAVE_CONFIG_H -DUNICODE -DWIN32_LEAN_AND_MEAN -D_UNICODE
  FLAGS = /nologo /DWIN32 /D_WINDOWS /utf-8 /MP  /MDd /Z7 /Ob0 /Od /RTC1  -MDd -W4 -Wall -wd4061 -wd4191 -wd4255 -wd4464 -wd4548 -wd4574 -wd4668 -wd4710 -wd4711 -wd4746 -wd4820 -wd5045 -MP
  INCLUDES = -IC:\Users\19697\Documents\KeygenSDK\KeygenSDK\build-vs\vcpkg_installed\vcpkg\blds\curl\src\url-8_21_0-3ffa9f46b7.clean\include
  OBJECT_DIR = docs\examples\CMakeFiles\curl-example-smtp-tls.dir
  OBJECT_FILE_DIR = docs\examples\CMakeFiles\curl-example-smtp-tls.dir
  TARGET_COMPILE_PDB = docs\examples\CMakeFiles\curl-example-smtp-tls.dir\
  TARGET_PDB = docs\examples\smtp-tls.pdb
  TARGET_SUPPORT_DIR = docs\examples\CMakeFiles\curl-example-smtp-tls.dir


# =============================================================================
# Link build statements for EXECUTABLE target curl-example-smtp-tls


#############################################
# Link the executable docs\examples\smtp-tls.exe

build docs\examples\smtp-tls.exe: C_EXECUTABLE_LINKER__curl-example-smtp-tls_Debug docs\examples\CMakeFiles\curl-example-smtp-tls.dir\smtp-tls.c.obj | lib\libcurl-d.lib || lib\libcurl-d.dll
  CONFIG = Debug
  FLAGS = /nologo /DWIN32 /D_WINDOWS /utf-8 /MP  /MDd /Z7 /Ob0 /Od /RTC1  -MDd
  LINK_FLAGS = /machine:x64 /nologo    /debug /INCREMENTAL /subsystem:console
  LINK_LIBRARIES = lib\libcurl-d.lib  ws2_32.lib  iphlpapi.lib  kernel32.lib user32.lib gdi32.lib winspool.lib shell32.lib ole32.lib oleaut32.lib uuid.lib comdlg32.lib advapi32.lib
  OBJECT_DIR = docs\examples\CMakeFiles\curl-example-smtp-tls.dir
  POST_BUILD = cd .
  PRE_LINK = cd .
  TARGET_COMPILE_PDB = docs\examples\CMakeFiles\curl-example-smtp-tls.dir\
  TARGET_FILE = docs\examples\smtp-tls.exe
  TARGET_IMPLIB = docs\examples\smtp-tls.lib
  TARGET_PDB = docs\examples\smtp-tls.pdb
  TARGET_SUPPORT_DIR = docs\examples\CMakeFiles\curl-example-smtp-tls.dir

# =============================================================================
# Object build statements for EXECUTABLE target curl-example-smtp-vrfy


#############################################
# Order-only phony target for curl-example-smtp-vrfy

build cmake_object_order_depends_target_curl-example-smtp-vrfy: phony || cmake_object_order_depends_target_libcurl_shared

build docs\examples\CMakeFiles\curl-example-smtp-vrfy.dir\smtp-vrfy.c.obj: C_COMPILER__curl-example-smtp-vrfy_unscanned_Debug C$:\Users\19697\Documents\KeygenSDK\KeygenSDK\build-vs\vcpkg_installed\vcpkg\blds\curl\src\url-8_21_0-3ffa9f46b7.clean\docs\examples\smtp-vrfy.c || cmake_object_order_depends_target_curl-example-smtp-vrfy
  CONFIG = Debug
  DEFINES = -DCURL_NO_OLDIES -DHAVE_CONFIG_H -DUNICODE -DWIN32_LEAN_AND_MEAN -D_UNICODE
  FLAGS = /nologo /DWIN32 /D_WINDOWS /utf-8 /MP  /MDd /Z7 /Ob0 /Od /RTC1  -MDd -W4 -Wall -wd4061 -wd4191 -wd4255 -wd4464 -wd4548 -wd4574 -wd4668 -wd4710 -wd4711 -wd4746 -wd4820 -wd5045 -MP
  INCLUDES = -IC:\Users\19697\Documents\KeygenSDK\KeygenSDK\build-vs\vcpkg_installed\vcpkg\blds\curl\src\url-8_21_0-3ffa9f46b7.clean\include
  OBJECT_DIR = docs\examples\CMakeFiles\curl-example-smtp-vrfy.dir
  OBJECT_FILE_DIR = docs\examples\CMakeFiles\curl-example-smtp-vrfy.dir
  TARGET_COMPILE_PDB = docs\examples\CMakeFiles\curl-example-smtp-vrfy.dir\
  TARGET_PDB = docs\examples\smtp-vrfy.pdb
  TARGET_SUPPORT_DIR = docs\examples\CMakeFiles\curl-example-smtp-vrfy.dir


# =============================================================================
# Link build statements for EXECUTABLE target curl-example-smtp-vrfy


#############################################
# Link the executable docs\examples\smtp-vrfy.exe

build docs\examples\smtp-vrfy.exe: C_EXECUTABLE_LINKER__curl-example-smtp-vrfy_Debug docs\examples\CMakeFiles\curl-example-smtp-vrfy.dir\smtp-vrfy.c.obj | lib\libcurl-d.lib || lib\libcurl-d.dll
  CONFIG = Debug
  FLAGS = /nologo /DWIN32 /D_WINDOWS /utf-8 /MP  /MDd /Z7 /Ob0 /Od /RTC1  -MDd
  LINK_FLAGS = /machine:x64 /nologo    /debug /INCREMENTAL /subsystem:console
  LINK_LIBRARIES = lib\libcurl-d.lib  ws2_32.lib  iphlpapi.lib  kernel32.lib user32.lib gdi32.lib winspool.lib shell32.lib ole32.lib oleaut32.lib uuid.lib comdlg32.lib advapi32.lib
  OBJECT_DIR = docs\examples\CMakeFiles\curl-example-smtp-vrfy.dir
  POST_BUILD = cd .
  PRE_LINK = cd .
  TARGET_COMPILE_PDB = docs\examples\CMakeFiles\curl-example-smtp-vrfy.dir\
  TARGET_FILE = docs\examples\smtp-vrfy.exe
  TARGET_IMPLIB = docs\examples\smtp-vrfy.lib
  TARGET_PDB = docs\examples\smtp-vrfy.pdb
  TARGET_SUPPORT_DIR = docs\examples\CMakeFiles\curl-example-smtp-vrfy.dir

# =============================================================================
# Object build statements for EXECUTABLE target curl-example-sslbackend


#############################################
# Order-only phony target for curl-example-sslbackend

build cmake_object_order_depends_target_curl-example-sslbackend: phony || cmake_object_order_depends_target_libcurl_shared

build docs\examples\CMakeFiles\curl-example-sslbackend.dir\sslbackend.c.obj: C_COMPILER__curl-example-sslbackend_unscanned_Debug C$:\Users\19697\Documents\KeygenSDK\KeygenSDK\build-vs\vcpkg_installed\vcpkg\blds\curl\src\url-8_21_0-3ffa9f46b7.clean\docs\examples\sslbackend.c || cmake_object_order_depends_target_curl-example-sslbackend
  CONFIG = Debug
  DEFINES = -DCURL_NO_OLDIES -DHAVE_CONFIG_H -DUNICODE -DWIN32_LEAN_AND_MEAN -D_UNICODE
  FLAGS = /nologo /DWIN32 /D_WINDOWS /utf-8 /MP  /MDd /Z7 /Ob0 /Od /RTC1  -MDd -W4 -Wall -wd4061 -wd4191 -wd4255 -wd4464 -wd4548 -wd4574 -wd4668 -wd4710 -wd4711 -wd4746 -wd4820 -wd5045 -MP
  INCLUDES = -IC:\Users\19697\Documents\KeygenSDK\KeygenSDK\build-vs\vcpkg_installed\vcpkg\blds\curl\src\url-8_21_0-3ffa9f46b7.clean\include
  OBJECT_DIR = docs\examples\CMakeFiles\curl-example-sslbackend.dir
  OBJECT_FILE_DIR = docs\examples\CMakeFiles\curl-example-sslbackend.dir
  TARGET_COMPILE_PDB = docs\examples\CMakeFiles\curl-example-sslbackend.dir\
  TARGET_PDB = docs\examples\sslbackend.pdb
  TARGET_SUPPORT_DIR = docs\examples\CMakeFiles\curl-example-sslbackend.dir


# =============================================================================
# Link build statements for EXECUTABLE target curl-example-sslbackend


#############################################
# Link the executable docs\examples\sslbackend.exe

build docs\examples\sslbackend.exe: C_EXECUTABLE_LINKER__curl-example-sslbackend_Debug docs\examples\CMakeFiles\curl-example-sslbackend.dir\sslbackend.c.obj | lib\libcurl-d.lib || lib\libcurl-d.dll
  CONFIG = Debug
  FLAGS = /nologo /DWIN32 /D_WINDOWS /utf-8 /MP  /MDd /Z7 /Ob0 /Od /RTC1  -MDd
  LINK_FLAGS = /machine:x64 /nologo    /debug /INCREMENTAL /subsystem:console
  LINK_LIBRARIES = lib\libcurl-d.lib  ws2_32.lib  iphlpapi.lib  kernel32.lib user32.lib gdi32.lib winspool.lib shell32.lib ole32.lib oleaut32.lib uuid.lib comdlg32.lib advapi32.lib
  OBJECT_DIR = docs\examples\CMakeFiles\curl-example-sslbackend.dir
  POST_BUILD = cd .
  PRE_LINK = cd .
  TARGET_COMPILE_PDB = docs\examples\CMakeFiles\curl-example-sslbackend.dir\
  TARGET_FILE = docs\examples\sslbackend.exe
  TARGET_IMPLIB = docs\examples\sslbackend.lib
  TARGET_PDB = docs\examples\sslbackend.pdb
  TARGET_SUPPORT_DIR = docs\examples\CMakeFiles\curl-example-sslbackend.dir

# =============================================================================
# Object build statements for EXECUTABLE target curl-example-synctime


#############################################
# Order-only phony target for curl-example-synctime

build cmake_object_order_depends_target_curl-example-synctime: phony || cmake_object_order_depends_target_libcurl_shared

build docs\examples\CMakeFiles\curl-example-synctime.dir\synctime.c.obj: C_COMPILER__curl-example-synctime_unscanned_Debug C$:\Users\19697\Documents\KeygenSDK\KeygenSDK\build-vs\vcpkg_installed\vcpkg\blds\curl\src\url-8_21_0-3ffa9f46b7.clean\docs\examples\synctime.c || cmake_object_order_depends_target_curl-example-synctime
  CONFIG = Debug
  DEFINES = -DCURL_NO_OLDIES -DHAVE_CONFIG_H -DUNICODE -DWIN32_LEAN_AND_MEAN -D_UNICODE
  FLAGS = /nologo /DWIN32 /D_WINDOWS /utf-8 /MP  /MDd /Z7 /Ob0 /Od /RTC1  -MDd -W4 -Wall -wd4061 -wd4191 -wd4255 -wd4464 -wd4548 -wd4574 -wd4668 -wd4710 -wd4711 -wd4746 -wd4820 -wd5045 -MP
  INCLUDES = -IC:\Users\19697\Documents\KeygenSDK\KeygenSDK\build-vs\vcpkg_installed\vcpkg\blds\curl\src\url-8_21_0-3ffa9f46b7.clean\include
  OBJECT_DIR = docs\examples\CMakeFiles\curl-example-synctime.dir
  OBJECT_FILE_DIR = docs\examples\CMakeFiles\curl-example-synctime.dir
  TARGET_COMPILE_PDB = docs\examples\CMakeFiles\curl-example-synctime.dir\
  TARGET_PDB = docs\examples\synctime.pdb
  TARGET_SUPPORT_DIR = docs\examples\CMakeFiles\curl-example-synctime.dir


# =============================================================================
# Link build statements for EXECUTABLE target curl-example-synctime


#############################################
# Link the executable docs\examples\synctime.exe

build docs\examples\synctime.exe: C_EXECUTABLE_LINKER__curl-example-synctime_Debug docs\examples\CMakeFiles\curl-example-synctime.dir\synctime.c.obj | lib\libcurl-d.lib || lib\libcurl-d.dll
  CONFIG = Debug
  FLAGS = /nologo /DWIN32 /D_WINDOWS /utf-8 /MP  /MDd /Z7 /Ob0 /Od /RTC1  -MDd
  LINK_FLAGS = /machine:x64 /nologo    /debug /INCREMENTAL /subsystem:console
  LINK_LIBRARIES = lib\libcurl-d.lib  ws2_32.lib  iphlpapi.lib  kernel32.lib user32.lib gdi32.lib winspool.lib shell32.lib ole32.lib oleaut32.lib uuid.lib comdlg32.lib advapi32.lib
  OBJECT_DIR = docs\examples\CMakeFiles\curl-example-synctime.dir
  POST_BUILD = cd .
  PRE_LINK = cd .
  TARGET_COMPILE_PDB = docs\examples\CMakeFiles\curl-example-synctime.dir\
  TARGET_FILE = docs\examples\synctime.exe
  TARGET_IMPLIB = docs\examples\synctime.lib
  TARGET_PDB = docs\examples\synctime.pdb
  TARGET_SUPPORT_DIR = docs\examples\CMakeFiles\curl-example-synctime.dir

# =============================================================================
# Object build statements for EXECUTABLE target curl-example-unixsocket


#############################################
# Order-only phony target for curl-example-unixsocket

build cmake_object_order_depends_target_curl-example-unixsocket: phony || cmake_object_order_depends_target_libcurl_shared

build docs\examples\CMakeFiles\curl-example-unixsocket.dir\unixsocket.c.obj: C_COMPILER__curl-example-unixsocket_unscanned_Debug C$:\Users\19697\Documents\KeygenSDK\KeygenSDK\build-vs\vcpkg_installed\vcpkg\blds\curl\src\url-8_21_0-3ffa9f46b7.clean\docs\examples\unixsocket.c || cmake_object_order_depends_target_curl-example-unixsocket
  CONFIG = Debug
  DEFINES = -DCURL_NO_OLDIES -DHAVE_CONFIG_H -DUNICODE -DWIN32_LEAN_AND_MEAN -D_UNICODE
  FLAGS = /nologo /DWIN32 /D_WINDOWS /utf-8 /MP  /MDd /Z7 /Ob0 /Od /RTC1  -MDd -W4 -Wall -wd4061 -wd4191 -wd4255 -wd4464 -wd4548 -wd4574 -wd4668 -wd4710 -wd4711 -wd4746 -wd4820 -wd5045 -MP
  INCLUDES = -IC:\Users\19697\Documents\KeygenSDK\KeygenSDK\build-vs\vcpkg_installed\vcpkg\blds\curl\src\url-8_21_0-3ffa9f46b7.clean\include
  OBJECT_DIR = docs\examples\CMakeFiles\curl-example-unixsocket.dir
  OBJECT_FILE_DIR = docs\examples\CMakeFiles\curl-example-unixsocket.dir
  TARGET_COMPILE_PDB = docs\examples\CMakeFiles\curl-example-unixsocket.dir\
  TARGET_PDB = docs\examples\unixsocket.pdb
  TARGET_SUPPORT_DIR = docs\examples\CMakeFiles\curl-example-unixsocket.dir


# =============================================================================
# Link build statements for EXECUTABLE target curl-example-unixsocket


#############################################
# Link the executable docs\examples\unixsocket.exe

build docs\examples\unixsocket.exe: C_EXECUTABLE_LINKER__curl-example-unixsocket_Debug docs\examples\CMakeFiles\curl-example-unixsocket.dir\unixsocket.c.obj | lib\libcurl-d.lib || lib\libcurl-d.dll
  CONFIG = Debug
  FLAGS = /nologo /DWIN32 /D_WINDOWS /utf-8 /MP  /MDd /Z7 /Ob0 /Od /RTC1  -MDd
  LINK_FLAGS = /machine:x64 /nologo    /debug /INCREMENTAL /subsystem:console
  LINK_LIBRARIES = lib\libcurl-d.lib  ws2_32.lib  iphlpapi.lib  kernel32.lib user32.lib gdi32.lib winspool.lib shell32.lib ole32.lib oleaut32.lib uuid.lib comdlg32.lib advapi32.lib
  OBJECT_DIR = docs\examples\CMakeFiles\curl-example-unixsocket.dir
  POST_BUILD = cd .
  PRE_LINK = cd .
  TARGET_COMPILE_PDB = docs\examples\CMakeFiles\curl-example-unixsocket.dir\
  TARGET_FILE = docs\examples\unixsocket.exe
  TARGET_IMPLIB = docs\examples\unixsocket.lib
  TARGET_PDB = docs\examples\unixsocket.pdb
  TARGET_SUPPORT_DIR = docs\examples\CMakeFiles\curl-example-unixsocket.dir

# =============================================================================
# Object build statements for EXECUTABLE target curl-example-url2file


#############################################
# Order-only phony target for curl-example-url2file

build cmake_object_order_depends_target_curl-example-url2file: phony || cmake_object_order_depends_target_libcurl_shared

build docs\examples\CMakeFiles\curl-example-url2file.dir\url2file.c.obj: C_COMPILER__curl-example-url2file_unscanned_Debug C$:\Users\19697\Documents\KeygenSDK\KeygenSDK\build-vs\vcpkg_installed\vcpkg\blds\curl\src\url-8_21_0-3ffa9f46b7.clean\docs\examples\url2file.c || cmake_object_order_depends_target_curl-example-url2file
  CONFIG = Debug
  DEFINES = -DCURL_NO_OLDIES -DHAVE_CONFIG_H -DUNICODE -DWIN32_LEAN_AND_MEAN -D_UNICODE
  FLAGS = /nologo /DWIN32 /D_WINDOWS /utf-8 /MP  /MDd /Z7 /Ob0 /Od /RTC1  -MDd -W4 -Wall -wd4061 -wd4191 -wd4255 -wd4464 -wd4548 -wd4574 -wd4668 -wd4710 -wd4711 -wd4746 -wd4820 -wd5045 -MP
  INCLUDES = -IC:\Users\19697\Documents\KeygenSDK\KeygenSDK\build-vs\vcpkg_installed\vcpkg\blds\curl\src\url-8_21_0-3ffa9f46b7.clean\include
  OBJECT_DIR = docs\examples\CMakeFiles\curl-example-url2file.dir
  OBJECT_FILE_DIR = docs\examples\CMakeFiles\curl-example-url2file.dir
  TARGET_COMPILE_PDB = docs\examples\CMakeFiles\curl-example-url2file.dir\
  TARGET_PDB = docs\examples\url2file.pdb
  TARGET_SUPPORT_DIR = docs\examples\CMakeFiles\curl-example-url2file.dir


# =============================================================================
# Link build statements for EXECUTABLE target curl-example-url2file


#############################################
# Link the executable docs\examples\url2file.exe

build docs\examples\url2file.exe: C_EXECUTABLE_LINKER__curl-example-url2file_Debug docs\examples\CMakeFiles\curl-example-url2file.dir\url2file.c.obj | lib\libcurl-d.lib || lib\libcurl-d.dll
  CONFIG = Debug
  FLAGS = /nologo /DWIN32 /D_WINDOWS /utf-8 /MP  /MDd /Z7 /Ob0 /Od /RTC1  -MDd
  LINK_FLAGS = /machine:x64 /nologo    /debug /INCREMENTAL /subsystem:console
  LINK_LIBRARIES = lib\libcurl-d.lib  ws2_32.lib  iphlpapi.lib  kernel32.lib user32.lib gdi32.lib winspool.lib shell32.lib ole32.lib oleaut32.lib uuid.lib comdlg32.lib advapi32.lib
  OBJECT_DIR = docs\examples\CMakeFiles\curl-example-url2file.dir
  POST_BUILD = cd .
  PRE_LINK = cd .
  TARGET_COMPILE_PDB = docs\examples\CMakeFiles\curl-example-url2file.dir\
  TARGET_FILE = docs\examples\url2file.exe
  TARGET_IMPLIB = docs\examples\url2file.lib
  TARGET_PDB = docs\examples\url2file.pdb
  TARGET_SUPPORT_DIR = docs\examples\CMakeFiles\curl-example-url2file.dir

# =============================================================================
# Object build statements for EXECUTABLE target curl-example-urlapi


#############################################
# Order-only phony target for curl-example-urlapi

build cmake_object_order_depends_target_curl-example-urlapi: phony || cmake_object_order_depends_target_libcurl_shared

build docs\examples\CMakeFiles\curl-example-urlapi.dir\urlapi.c.obj: C_COMPILER__curl-example-urlapi_unscanned_Debug C$:\Users\19697\Documents\KeygenSDK\KeygenSDK\build-vs\vcpkg_installed\vcpkg\blds\curl\src\url-8_21_0-3ffa9f46b7.clean\docs\examples\urlapi.c || cmake_object_order_depends_target_curl-example-urlapi
  CONFIG = Debug
  DEFINES = -DCURL_NO_OLDIES -DHAVE_CONFIG_H -DUNICODE -DWIN32_LEAN_AND_MEAN -D_UNICODE
  FLAGS = /nologo /DWIN32 /D_WINDOWS /utf-8 /MP  /MDd /Z7 /Ob0 /Od /RTC1  -MDd -W4 -Wall -wd4061 -wd4191 -wd4255 -wd4464 -wd4548 -wd4574 -wd4668 -wd4710 -wd4711 -wd4746 -wd4820 -wd5045 -MP
  INCLUDES = -IC:\Users\19697\Documents\KeygenSDK\KeygenSDK\build-vs\vcpkg_installed\vcpkg\blds\curl\src\url-8_21_0-3ffa9f46b7.clean\include
  OBJECT_DIR = docs\examples\CMakeFiles\curl-example-urlapi.dir
  OBJECT_FILE_DIR = docs\examples\CMakeFiles\curl-example-urlapi.dir
  TARGET_COMPILE_PDB = docs\examples\CMakeFiles\curl-example-urlapi.dir\
  TARGET_PDB = docs\examples\urlapi.pdb
  TARGET_SUPPORT_DIR = docs\examples\CMakeFiles\curl-example-urlapi.dir


# =============================================================================
# Link build statements for EXECUTABLE target curl-example-urlapi


#############################################
# Link the executable docs\examples\urlapi.exe

build docs\examples\urlapi.exe: C_EXECUTABLE_LINKER__curl-example-urlapi_Debug docs\examples\CMakeFiles\curl-example-urlapi.dir\urlapi.c.obj | lib\libcurl-d.lib || lib\libcurl-d.dll
  CONFIG = Debug
  FLAGS = /nologo /DWIN32 /D_WINDOWS /utf-8 /MP  /MDd /Z7 /Ob0 /Od /RTC1  -MDd
  LINK_FLAGS = /machine:x64 /nologo    /debug /INCREMENTAL /subsystem:console
  LINK_LIBRARIES = lib\libcurl-d.lib  ws2_32.lib  iphlpapi.lib  kernel32.lib user32.lib gdi32.lib winspool.lib shell32.lib ole32.lib oleaut32.lib uuid.lib comdlg32.lib advapi32.lib
  OBJECT_DIR = docs\examples\CMakeFiles\curl-example-urlapi.dir
  POST_BUILD = cd .
  PRE_LINK = cd .
  TARGET_COMPILE_PDB = docs\examples\CMakeFiles\curl-example-urlapi.dir\
  TARGET_FILE = docs\examples\urlapi.exe
  TARGET_IMPLIB = docs\examples\urlapi.lib
  TARGET_PDB = docs\examples\urlapi.pdb
  TARGET_SUPPORT_DIR = docs\examples\CMakeFiles\curl-example-urlapi.dir

# =============================================================================
# Object build statements for EXECUTABLE target curl-example-websocket


#############################################
# Order-only phony target for curl-example-websocket

build cmake_object_order_depends_target_curl-example-websocket: phony || cmake_object_order_depends_target_libcurl_shared

build docs\examples\CMakeFiles\curl-example-websocket.dir\websocket.c.obj: C_COMPILER__curl-example-websocket_unscanned_Debug C$:\Users\19697\Documents\KeygenSDK\KeygenSDK\build-vs\vcpkg_installed\vcpkg\blds\curl\src\url-8_21_0-3ffa9f46b7.clean\docs\examples\websocket.c || cmake_object_order_depends_target_curl-example-websocket
  CONFIG = Debug
  DEFINES = -DCURL_NO_OLDIES -DHAVE_CONFIG_H -DUNICODE -DWIN32_LEAN_AND_MEAN -D_UNICODE
  FLAGS = /nologo /DWIN32 /D_WINDOWS /utf-8 /MP  /MDd /Z7 /Ob0 /Od /RTC1  -MDd -W4 -Wall -wd4061 -wd4191 -wd4255 -wd4464 -wd4548 -wd4574 -wd4668 -wd4710 -wd4711 -wd4746 -wd4820 -wd5045 -MP
  INCLUDES = -IC:\Users\19697\Documents\KeygenSDK\KeygenSDK\build-vs\vcpkg_installed\vcpkg\blds\curl\src\url-8_21_0-3ffa9f46b7.clean\include
  OBJECT_DIR = docs\examples\CMakeFiles\curl-example-websocket.dir
  OBJECT_FILE_DIR = docs\examples\CMakeFiles\curl-example-websocket.dir
  TARGET_COMPILE_PDB = docs\examples\CMakeFiles\curl-example-websocket.dir\
  TARGET_PDB = docs\examples\websocket.pdb
  TARGET_SUPPORT_DIR = docs\examples\CMakeFiles\curl-example-websocket.dir


# =============================================================================
# Link build statements for EXECUTABLE target curl-example-websocket


#############################################
# Link the executable docs\examples\websocket.exe

build docs\examples\websocket.exe: C_EXECUTABLE_LINKER__curl-example-websocket_Debug docs\examples\CMakeFiles\curl-example-websocket.dir\websocket.c.obj | lib\libcurl-d.lib || lib\libcurl-d.dll
  CONFIG = Debug
  FLAGS = /nologo /DWIN32 /D_WINDOWS /utf-8 /MP  /MDd /Z7 /Ob0 /Od /RTC1  -MDd
  LINK_FLAGS = /machine:x64 /nologo    /debug /INCREMENTAL /subsystem:console
  LINK_LIBRARIES = lib\libcurl-d.lib  ws2_32.lib  iphlpapi.lib  kernel32.lib user32.lib gdi32.lib winspool.lib shell32.lib ole32.lib oleaut32.lib uuid.lib comdlg32.lib advapi32.lib
  OBJECT_DIR = docs\examples\CMakeFiles\curl-example-websocket.dir
  POST_BUILD = cd .
  PRE_LINK = cd .
  TARGET_COMPILE_PDB = docs\examples\CMakeFiles\curl-example-websocket.dir\
  TARGET_FILE = docs\examples\websocket.exe
  TARGET_IMPLIB = docs\examples\websocket.lib
  TARGET_PDB = docs\examples\websocket.pdb
  TARGET_SUPPORT_DIR = docs\examples\CMakeFiles\curl-example-websocket.dir

# =============================================================================
# Object build statements for EXECUTABLE target curl-example-websocket-cb


#############################################
# Order-only phony target for curl-example-websocket-cb

build cmake_object_order_depends_target_curl-example-websocket-cb: phony || cmake_object_order_depends_target_libcurl_shared

build docs\examples\CMakeFiles\curl-example-websocket-cb.dir\websocket-cb.c.obj: C_COMPILER__curl-example-websocket-cb_unscanned_Debug C$:\Users\19697\Documents\KeygenSDK\KeygenSDK\build-vs\vcpkg_installed\vcpkg\blds\curl\src\url-8_21_0-3ffa9f46b7.clean\docs\examples\websocket-cb.c || cmake_object_order_depends_target_curl-example-websocket-cb
  CONFIG = Debug
  DEFINES = -DCURL_NO_OLDIES -DHAVE_CONFIG_H -DUNICODE -DWIN32_LEAN_AND_MEAN -D_UNICODE
  FLAGS = /nologo /DWIN32 /D_WINDOWS /utf-8 /MP  /MDd /Z7 /Ob0 /Od /RTC1  -MDd -W4 -Wall -wd4061 -wd4191 -wd4255 -wd4464 -wd4548 -wd4574 -wd4668 -wd4710 -wd4711 -wd4746 -wd4820 -wd5045 -MP
  INCLUDES = -IC:\Users\19697\Documents\KeygenSDK\KeygenSDK\build-vs\vcpkg_installed\vcpkg\blds\curl\src\url-8_21_0-3ffa9f46b7.clean\include
  OBJECT_DIR = docs\examples\CMakeFiles\curl-example-websocket-cb.dir
  OBJECT_FILE_DIR = docs\examples\CMakeFiles\curl-example-websocket-cb.dir
  TARGET_COMPILE_PDB = docs\examples\CMakeFiles\curl-example-websocket-cb.dir\
  TARGET_PDB = docs\examples\websocket-cb.pdb
  TARGET_SUPPORT_DIR = docs\examples\CMakeFiles\curl-example-websocket-cb.dir


# =============================================================================
# Link build statements for EXECUTABLE target curl-example-websocket-cb


#############################################
# Link the executable docs\examples\websocket-cb.exe

build docs\examples\websocket-cb.exe: C_EXECUTABLE_LINKER__curl-example-websocket-cb_Debug docs\examples\CMakeFiles\curl-example-websocket-cb.dir\websocket-cb.c.obj | lib\libcurl-d.lib || lib\libcurl-d.dll
  CONFIG = Debug
  FLAGS = /nologo /DWIN32 /D_WINDOWS /utf-8 /MP  /MDd /Z7 /Ob0 /Od /RTC1  -MDd
  LINK_FLAGS = /machine:x64 /nologo    /debug /INCREMENTAL /subsystem:console
  LINK_LIBRARIES = lib\libcurl-d.lib  ws2_32.lib  iphlpapi.lib  kernel32.lib user32.lib gdi32.lib winspool.lib shell32.lib ole32.lib oleaut32.lib uuid.lib comdlg32.lib advapi32.lib
  OBJECT_DIR = docs\examples\CMakeFiles\curl-example-websocket-cb.dir
  POST_BUILD = cd .
  PRE_LINK = cd .
  TARGET_COMPILE_PDB = docs\examples\CMakeFiles\curl-example-websocket-cb.dir\
  TARGET_FILE = docs\examples\websocket-cb.exe
  TARGET_IMPLIB = docs\examples\websocket-cb.lib
  TARGET_PDB = docs\examples\websocket-cb.pdb
  TARGET_SUPPORT_DIR = docs\examples\CMakeFiles\curl-example-websocket-cb.dir

# =============================================================================
# Object build statements for EXECUTABLE target curl-example-websocket-updown


#############################################
# Order-only phony target for curl-example-websocket-updown

build cmake_object_order_depends_target_curl-example-websocket-updown: phony || cmake_object_order_depends_target_libcurl_shared

build docs\examples\CMakeFiles\curl-example-websocket-updown.dir\websocket-updown.c.obj: C_COMPILER__curl-example-websocket-updown_unscanned_Debug C$:\Users\19697\Documents\KeygenSDK\KeygenSDK\build-vs\vcpkg_installed\vcpkg\blds\curl\src\url-8_21_0-3ffa9f46b7.clean\docs\examples\websocket-updown.c || cmake_object_order_depends_target_curl-example-websocket-updown
  CONFIG = Debug
  DEFINES = -DCURL_NO_OLDIES -DHAVE_CONFIG_H -DUNICODE -DWIN32_LEAN_AND_MEAN -D_UNICODE
  FLAGS = /nologo /DWIN32 /D_WINDOWS /utf-8 /MP  /MDd /Z7 /Ob0 /Od /RTC1  -MDd -W4 -Wall -wd4061 -wd4191 -wd4255 -wd4464 -wd4548 -wd4574 -wd4668 -wd4710 -wd4711 -wd4746 -wd4820 -wd5045 -MP
  INCLUDES = -IC:\Users\19697\Documents\KeygenSDK\KeygenSDK\build-vs\vcpkg_installed\vcpkg\blds\curl\src\url-8_21_0-3ffa9f46b7.clean\include
  OBJECT_DIR = docs\examples\CMakeFiles\curl-example-websocket-updown.dir
  OBJECT_FILE_DIR = docs\examples\CMakeFiles\curl-example-websocket-updown.dir
  TARGET_COMPILE_PDB = docs\examples\CMakeFiles\curl-example-websocket-updown.dir\
  TARGET_PDB = docs\examples\websocket-updown.pdb
  TARGET_SUPPORT_DIR = docs\examples\CMakeFiles\curl-example-websocket-updown.dir


# =============================================================================
# Link build statements for EXECUTABLE target curl-example-websocket-updown


#############################################
# Link the executable docs\examples\websocket-updown.exe

build docs\examples\websocket-updown.exe: C_EXECUTABLE_LINKER__curl-example-websocket-updown_Debug docs\examples\CMakeFiles\curl-example-websocket-updown.dir\websocket-updown.c.obj | lib\libcurl-d.lib || lib\libcurl-d.dll
  CONFIG = Debug
  FLAGS = /nologo /DWIN32 /D_WINDOWS /utf-8 /MP  /MDd /Z7 /Ob0 /Od /RTC1  -MDd
  LINK_FLAGS = /machine:x64 /nologo    /debug /INCREMENTAL /subsystem:console
  LINK_LIBRARIES = lib\libcurl-d.lib  ws2_32.lib  iphlpapi.lib  kernel32.lib user32.lib gdi32.lib winspool.lib shell32.lib ole32.lib oleaut32.lib uuid.lib comdlg32.lib advapi32.lib
  OBJECT_DIR = docs\examples\CMakeFiles\curl-example-websocket-updown.dir
  POST_BUILD = cd .
  PRE_LINK = cd .
  TARGET_COMPILE_PDB = docs\examples\CMakeFiles\curl-example-websocket-updown.dir\
  TARGET_FILE = docs\examples\websocket-updown.exe
  TARGET_IMPLIB = docs\examples\websocket-updown.lib
  TARGET_PDB = docs\examples\websocket-updown.pdb
  TARGET_SUPPORT_DIR = docs\examples\CMakeFiles\curl-example-websocket-updown.dir

# =============================================================================
# Object build statements for OBJECT_LIBRARY target curl-example-all


#############################################
# Order-only phony target for curl-example-all

build cmake_object_order_depends_target_curl-example-all: phony || cmake_object_order_depends_target_libcurl_shared

build docs\examples\CMakeFiles\curl-example-all.dir\10-at-a-time.c.obj: C_COMPILER__curl-example-all_unscanned_Debug C$:\Users\19697\Documents\KeygenSDK\KeygenSDK\build-vs\vcpkg_installed\vcpkg\blds\curl\src\url-8_21_0-3ffa9f46b7.clean\docs\examples\10-at-a-time.c || cmake_object_order_depends_target_curl-example-all
  CONFIG = Debug
  DEFINES = -DCURL_NO_OLDIES -DHAVE_CONFIG_H -DUNICODE -DWIN32_LEAN_AND_MEAN -D_UNICODE
  FLAGS = /nologo /DWIN32 /D_WINDOWS /utf-8 /MP  /MDd /Z7 /Ob0 /Od /RTC1  -MDd -W4 -Wall -wd4061 -wd4191 -wd4255 -wd4464 -wd4548 -wd4574 -wd4668 -wd4710 -wd4711 -wd4746 -wd4820 -wd5045 -MP
  INCLUDES = -IC:\Users\19697\Documents\KeygenSDK\KeygenSDK\build-vs\vcpkg_installed\vcpkg\blds\curl\src\url-8_21_0-3ffa9f46b7.clean\include
  OBJECT_DIR = docs\examples\CMakeFiles\curl-example-all.dir
  OBJECT_FILE_DIR = docs\examples\CMakeFiles\curl-example-all.dir
  TARGET_COMPILE_PDB = docs\examples\CMakeFiles\curl-example-all.dir\
  TARGET_PDB = ""
  TARGET_SUPPORT_DIR = docs\examples\CMakeFiles\curl-example-all.dir

build docs\examples\CMakeFiles\curl-example-all.dir\address-scope.c.obj: C_COMPILER__curl-example-all_unscanned_Debug C$:\Users\19697\Documents\KeygenSDK\KeygenSDK\build-vs\vcpkg_installed\vcpkg\blds\curl\src\url-8_21_0-3ffa9f46b7.clean\docs\examples\address-scope.c || cmake_object_order_depends_target_curl-example-all
  CONFIG = Debug
  DEFINES = -DCURL_NO_OLDIES -DHAVE_CONFIG_H -DUNICODE -DWIN32_LEAN_AND_MEAN -D_UNICODE
  FLAGS = /nologo /DWIN32 /D_WINDOWS /utf-8 /MP  /MDd /Z7 /Ob0 /Od /RTC1  -MDd -W4 -Wall -wd4061 -wd4191 -wd4255 -wd4464 -wd4548 -wd4574 -wd4668 -wd4710 -wd4711 -wd4746 -wd4820 -wd5045 -MP
  INCLUDES = -IC:\Users\19697\Documents\KeygenSDK\KeygenSDK\build-vs\vcpkg_installed\vcpkg\blds\curl\src\url-8_21_0-3ffa9f46b7.clean\include
  OBJECT_DIR = docs\examples\CMakeFiles\curl-example-all.dir
  OBJECT_FILE_DIR = docs\examples\CMakeFiles\curl-example-all.dir
  TARGET_COMPILE_PDB = docs\examples\CMakeFiles\curl-example-all.dir\
  TARGET_PDB = ""
  TARGET_SUPPORT_DIR = docs\examples\CMakeFiles\curl-example-all.dir

build docs\examples\CMakeFiles\curl-example-all.dir\altsvc.c.obj: C_COMPILER__curl-example-all_unscanned_Debug C$:\Users\19697\Documents\KeygenSDK\KeygenSDK\build-vs\vcpkg_installed\vcpkg\blds\curl\src\url-8_21_0-3ffa9f46b7.clean\docs\examples\altsvc.c || cmake_object_order_depends_target_curl-example-all
  CONFIG = Debug
  DEFINES = -DCURL_NO_OLDIES -DHAVE_CONFIG_H -DUNICODE -DWIN32_LEAN_AND_MEAN -D_UNICODE
  FLAGS = /nologo /DWIN32 /D_WINDOWS /utf-8 /MP  /MDd /Z7 /Ob0 /Od /RTC1  -MDd -W4 -Wall -wd4061 -wd4191 -wd4255 -wd4464 -wd4548 -wd4574 -wd4668 -wd4710 -wd4711 -wd4746 -wd4820 -wd5045 -MP
  INCLUDES = -IC:\Users\19697\Documents\KeygenSDK\KeygenSDK\build-vs\vcpkg_installed\vcpkg\blds\curl\src\url-8_21_0-3ffa9f46b7.clean\include
  OBJECT_DIR = docs\examples\CMakeFiles\curl-example-all.dir
  OBJECT_FILE_DIR = docs\examples\CMakeFiles\curl-example-all.dir
  TARGET_COMPILE_PDB = docs\examples\CMakeFiles\curl-example-all.dir\
  TARGET_PDB = ""
  TARGET_SUPPORT_DIR = docs\examples\CMakeFiles\curl-example-all.dir

build docs\examples\CMakeFiles\curl-example-all.dir\anyauthput.c.obj: C_COMPILER__curl-example-all_unscanned_Debug C$:\Users\19697\Documents\KeygenSDK\KeygenSDK\build-vs\vcpkg_installed\vcpkg\blds\curl\src\url-8_21_0-3ffa9f46b7.clean\docs\examples\anyauthput.c || cmake_object_order_depends_target_curl-example-all
  CONFIG = Debug
  DEFINES = -DCURL_NO_OLDIES -DHAVE_CONFIG_H -DUNICODE -DWIN32_LEAN_AND_MEAN -D_UNICODE
  FLAGS = /nologo /DWIN32 /D_WINDOWS /utf-8 /MP  /MDd /Z7 /Ob0 /Od /RTC1  -MDd -W4 -Wall -wd4061 -wd4191 -wd4255 -wd4464 -wd4548 -wd4574 -wd4668 -wd4710 -wd4711 -wd4746 -wd4820 -wd5045 -MP
  INCLUDES = -IC:\Users\19697\Documents\KeygenSDK\KeygenSDK\build-vs\vcpkg_installed\vcpkg\blds\curl\src\url-8_21_0-3ffa9f46b7.clean\include
  OBJECT_DIR = docs\examples\CMakeFiles\curl-example-all.dir
  OBJECT_FILE_DIR = docs\examples\CMakeFiles\curl-example-all.dir
  TARGET_COMPILE_PDB = docs\examples\CMakeFiles\curl-example-all.dir\
  TARGET_PDB = ""
  TARGET_SUPPORT_DIR = docs\examples\CMakeFiles\curl-example-all.dir

build docs\examples\CMakeFiles\curl-example-all.dir\block_ip.c.obj: C_COMPILER__curl-example-all_unscanned_Debug C$:\Users\19697\Documents\KeygenSDK\KeygenSDK\build-vs\vcpkg_installed\vcpkg\blds\curl\src\url-8_21_0-3ffa9f46b7.clean\docs\examples\block_ip.c || cmake_object_order_depends_target_curl-example-all
  CONFIG = Debug
  DEFINES = -DCURL_NO_OLDIES -DHAVE_CONFIG_H -DUNICODE -DWIN32_LEAN_AND_MEAN -D_UNICODE
  FLAGS = /nologo /DWIN32 /D_WINDOWS /utf-8 /MP  /MDd /Z7 /Ob0 /Od /RTC1  -MDd -W4 -Wall -wd4061 -wd4191 -wd4255 -wd4464 -wd4548 -wd4574 -wd4668 -wd4710 -wd4711 -wd4746 -wd4820 -wd5045 -MP
  INCLUDES = -IC:\Users\19697\Documents\KeygenSDK\KeygenSDK\build-vs\vcpkg_installed\vcpkg\blds\curl\src\url-8_21_0-3ffa9f46b7.clean\include
  OBJECT_DIR = docs\examples\CMakeFiles\curl-example-all.dir
  OBJECT_FILE_DIR = docs\examples\CMakeFiles\curl-example-all.dir
  TARGET_COMPILE_PDB = docs\examples\CMakeFiles\curl-example-all.dir\
  TARGET_PDB = ""
  TARGET_SUPPORT_DIR = docs\examples\CMakeFiles\curl-example-all.dir

build docs\examples\CMakeFiles\curl-example-all.dir\certinfo.c.obj: C_COMPILER__curl-example-all_unscanned_Debug C$:\Users\19697\Documents\KeygenSDK\KeygenSDK\build-vs\vcpkg_installed\vcpkg\blds\curl\src\url-8_21_0-3ffa9f46b7.clean\docs\examples\certinfo.c || cmake_object_order_depends_target_curl-example-all
  CONFIG = Debug
  DEFINES = -DCURL_NO_OLDIES -DHAVE_CONFIG_H -DUNICODE -DWIN32_LEAN_AND_MEAN -D_UNICODE
  FLAGS = /nologo /DWIN32 /D_WINDOWS /utf-8 /MP  /MDd /Z7 /Ob0 /Od /RTC1  -MDd -W4 -Wall -wd4061 -wd4191 -wd4255 -wd4464 -wd4548 -wd4574 -wd4668 -wd4710 -wd4711 -wd4746 -wd4820 -wd5045 -MP
  INCLUDES = -IC:\Users\19697\Documents\KeygenSDK\KeygenSDK\build-vs\vcpkg_installed\vcpkg\blds\curl\src\url-8_21_0-3ffa9f46b7.clean\include
  OBJECT_DIR = docs\examples\CMakeFiles\curl-example-all.dir
  OBJECT_FILE_DIR = docs\examples\CMakeFiles\curl-example-all.dir
  TARGET_COMPILE_PDB = docs\examples\CMakeFiles\curl-example-all.dir\
  TARGET_PDB = ""
  TARGET_SUPPORT_DIR = docs\examples\CMakeFiles\curl-example-all.dir

build docs\examples\CMakeFiles\curl-example-all.dir\chkspeed.c.obj: C_COMPILER__curl-example-all_unscanned_Debug C$:\Users\19697\Documents\KeygenSDK\KeygenSDK\build-vs\vcpkg_installed\vcpkg\blds\curl\src\url-8_21_0-3ffa9f46b7.clean\docs\examples\chkspeed.c || cmake_object_order_depends_target_curl-example-all
  CONFIG = Debug
  DEFINES = -DCURL_NO_OLDIES -DHAVE_CONFIG_H -DUNICODE -DWIN32_LEAN_AND_MEAN -D_UNICODE
  FLAGS = /nologo /DWIN32 /D_WINDOWS /utf-8 /MP  /MDd /Z7 /Ob0 /Od /RTC1  -MDd -W4 -Wall -wd4061 -wd4191 -wd4255 -wd4464 -wd4548 -wd4574 -wd4668 -wd4710 -wd4711 -wd4746 -wd4820 -wd5045 -MP
  INCLUDES = -IC:\Users\19697\Documents\KeygenSDK\KeygenSDK\build-vs\vcpkg_installed\vcpkg\blds\curl\src\url-8_21_0-3ffa9f46b7.clean\include
  OBJECT_DIR = docs\examples\CMakeFiles\curl-example-all.dir
  OBJECT_FILE_DIR = docs\examples\CMakeFiles\curl-example-all.dir
  TARGET_COMPILE_PDB = docs\examples\CMakeFiles\curl-example-all.dir\
  TARGET_PDB = ""
  TARGET_SUPPORT_DIR = docs\examples\CMakeFiles\curl-example-all.dir

build docs\examples\CMakeFiles\curl-example-all.dir\connect-to.c.obj: C_COMPILER__curl-example-all_unscanned_Debug C$:\Users\19697\Documents\KeygenSDK\KeygenSDK\build-vs\vcpkg_installed\vcpkg\blds\curl\src\url-8_21_0-3ffa9f46b7.clean\docs\examples\connect-to.c || cmake_object_order_depends_target_curl-example-all
  CONFIG = Debug
  DEFINES = -DCURL_NO_OLDIES -DHAVE_CONFIG_H -DUNICODE -DWIN32_LEAN_AND_MEAN -D_UNICODE
  FLAGS = /nologo /DWIN32 /D_WINDOWS /utf-8 /MP  /MDd /Z7 /Ob0 /Od /RTC1  -MDd -W4 -Wall -wd4061 -wd4191 -wd4255 -wd4464 -wd4548 -wd4574 -wd4668 -wd4710 -wd4711 -wd4746 -wd4820 -wd5045 -MP
  INCLUDES = -IC:\Users\19697\Documents\KeygenSDK\KeygenSDK\build-vs\vcpkg_installed\vcpkg\blds\curl\src\url-8_21_0-3ffa9f46b7.clean\include
  OBJECT_DIR = docs\examples\CMakeFiles\curl-example-all.dir
  OBJECT_FILE_DIR = docs\examples\CMakeFiles\curl-example-all.dir
  TARGET_COMPILE_PDB = docs\examples\CMakeFiles\curl-example-all.dir\
  TARGET_PDB = ""
  TARGET_SUPPORT_DIR = docs\examples\CMakeFiles\curl-example-all.dir

build docs\examples\CMakeFiles\curl-example-all.dir\cookie_interface.c.obj: C_COMPILER__curl-example-all_unscanned_Debug C$:\Users\19697\Documents\KeygenSDK\KeygenSDK\build-vs\vcpkg_installed\vcpkg\blds\curl\src\url-8_21_0-3ffa9f46b7.clean\docs\examples\cookie_interface.c || cmake_object_order_depends_target_curl-example-all
  CONFIG = Debug
  DEFINES = -DCURL_NO_OLDIES -DHAVE_CONFIG_H -DUNICODE -DWIN32_LEAN_AND_MEAN -D_UNICODE
  FLAGS = /nologo /DWIN32 /D_WINDOWS /utf-8 /MP  /MDd /Z7 /Ob0 /Od /RTC1  -MDd -W4 -Wall -wd4061 -wd4191 -wd4255 -wd4464 -wd4548 -wd4574 -wd4668 -wd4710 -wd4711 -wd4746 -wd4820 -wd5045 -MP
  INCLUDES = -IC:\Users\19697\Documents\KeygenSDK\KeygenSDK\build-vs\vcpkg_installed\vcpkg\blds\curl\src\url-8_21_0-3ffa9f46b7.clean\include
  OBJECT_DIR = docs\examples\CMakeFiles\curl-example-all.dir
  OBJECT_FILE_DIR = docs\examples\CMakeFiles\curl-example-all.dir
  TARGET_COMPILE_PDB = docs\examples\CMakeFiles\curl-example-all.dir\
  TARGET_PDB = ""
  TARGET_SUPPORT_DIR = docs\examples\CMakeFiles\curl-example-all.dir

build docs\examples\CMakeFiles\curl-example-all.dir\debug.c.obj: C_COMPILER__curl-example-all_unscanned_Debug C$:\Users\19697\Documents\KeygenSDK\KeygenSDK\build-vs\vcpkg_installed\vcpkg\blds\curl\src\url-8_21_0-3ffa9f46b7.clean\docs\examples\debug.c || cmake_object_order_depends_target_curl-example-all
  CONFIG = Debug
  DEFINES = -DCURL_NO_OLDIES -DHAVE_CONFIG_H -DUNICODE -DWIN32_LEAN_AND_MEAN -D_UNICODE
  FLAGS = /nologo /DWIN32 /D_WINDOWS /utf-8 /MP  /MDd /Z7 /Ob0 /Od /RTC1  -MDd -W4 -Wall -wd4061 -wd4191 -wd4255 -wd4464 -wd4548 -wd4574 -wd4668 -wd4710 -wd4711 -wd4746 -wd4820 -wd5045 -MP
  INCLUDES = -IC:\Users\19697\Documents\KeygenSDK\KeygenSDK\build-vs\vcpkg_installed\vcpkg\blds\curl\src\url-8_21_0-3ffa9f46b7.clean\include
  OBJECT_DIR = docs\examples\CMakeFiles\curl-example-all.dir
  OBJECT_FILE_DIR = docs\examples\CMakeFiles\curl-example-all.dir
  TARGET_COMPILE_PDB = docs\examples\CMakeFiles\curl-example-all.dir\
  TARGET_PDB = ""
  TARGET_SUPPORT_DIR = docs\examples\CMakeFiles\curl-example-all.dir

build docs\examples\CMakeFiles\curl-example-all.dir\default-scheme.c.obj: C_COMPILER__curl-example-all_unscanned_Debug C$:\Users\19697\Documents\KeygenSDK\KeygenSDK\build-vs\vcpkg_installed\vcpkg\blds\curl\src\url-8_21_0-3ffa9f46b7.clean\docs\examples\default-scheme.c || cmake_object_order_depends_target_curl-example-all
  CONFIG = Debug
  DEFINES = -DCURL_NO_OLDIES -DHAVE_CONFIG_H -DUNICODE -DWIN32_LEAN_AND_MEAN -D_UNICODE
  FLAGS = /nologo /DWIN32 /D_WINDOWS /utf-8 /MP  /MDd /Z7 /Ob0 /Od /RTC1  -MDd -W4 -Wall -wd4061 -wd4191 -wd4255 -wd4464 -wd4548 -wd4574 -wd4668 -wd4710 -wd4711 -wd4746 -wd4820 -wd5045 -MP
  INCLUDES = -IC:\Users\19697\Documents\KeygenSDK\KeygenSDK\build-vs\vcpkg_installed\vcpkg\blds\curl\src\url-8_21_0-3ffa9f46b7.clean\include
  OBJECT_DIR = docs\examples\CMakeFiles\curl-example-all.dir
  OBJECT_FILE_DIR = docs\examples\CMakeFiles\curl-example-all.dir
  TARGET_COMPILE_PDB = docs\examples\CMakeFiles\curl-example-all.dir\
  TARGET_PDB = ""
  TARGET_SUPPORT_DIR = docs\examples\CMakeFiles\curl-example-all.dir

build docs\examples\CMakeFiles\curl-example-all.dir\externalsocket.c.obj: C_COMPILER__curl-example-all_unscanned_Debug C$:\Users\19697\Documents\KeygenSDK\KeygenSDK\build-vs\vcpkg_installed\vcpkg\blds\curl\src\url-8_21_0-3ffa9f46b7.clean\docs\examples\externalsocket.c || cmake_object_order_depends_target_curl-example-all
  CONFIG = Debug
  DEFINES = -DCURL_NO_OLDIES -DHAVE_CONFIG_H -DUNICODE -DWIN32_LEAN_AND_MEAN -D_UNICODE
  FLAGS = /nologo /DWIN32 /D_WINDOWS /utf-8 /MP  /MDd /Z7 /Ob0 /Od /RTC1  -MDd -W4 -Wall -wd4061 -wd4191 -wd4255 -wd4464 -wd4548 -wd4574 -wd4668 -wd4710 -wd4711 -wd4746 -wd4820 -wd5045 -MP
  INCLUDES = -IC:\Users\19697\Documents\KeygenSDK\KeygenSDK\build-vs\vcpkg_installed\vcpkg\blds\curl\src\url-8_21_0-3ffa9f46b7.clean\include
  OBJECT_DIR = docs\examples\CMakeFiles\curl-example-all.dir
  OBJECT_FILE_DIR = docs\examples\CMakeFiles\curl-example-all.dir
  TARGET_COMPILE_PDB = docs\examples\CMakeFiles\curl-example-all.dir\
  TARGET_PDB = ""
  TARGET_SUPPORT_DIR = docs\examples\CMakeFiles\curl-example-all.dir

build docs\examples\CMakeFiles\curl-example-all.dir\fileupload.c.obj: C_COMPILER__curl-example-all_unscanned_Debug C$:\Users\19697\Documents\KeygenSDK\KeygenSDK\build-vs\vcpkg_installed\vcpkg\blds\curl\src\url-8_21_0-3ffa9f46b7.clean\docs\examples\fileupload.c || cmake_object_order_depends_target_curl-example-all
  CONFIG = Debug
  DEFINES = -DCURL_NO_OLDIES -DHAVE_CONFIG_H -DUNICODE -DWIN32_LEAN_AND_MEAN -D_UNICODE
  FLAGS = /nologo /DWIN32 /D_WINDOWS /utf-8 /MP  /MDd /Z7 /Ob0 /Od /RTC1  -MDd -W4 -Wall -wd4061 -wd4191 -wd4255 -wd4464 -wd4548 -wd4574 -wd4668 -wd4710 -wd4711 -wd4746 -wd4820 -wd5045 -MP
  INCLUDES = -IC:\Users\19697\Documents\KeygenSDK\KeygenSDK\build-vs\vcpkg_installed\vcpkg\blds\curl\src\url-8_21_0-3ffa9f46b7.clean\include
  OBJECT_DIR = docs\examples\CMakeFiles\curl-example-all.dir
  OBJECT_FILE_DIR = docs\examples\CMakeFiles\curl-example-all.dir
  TARGET_COMPILE_PDB = docs\examples\CMakeFiles\curl-example-all.dir\
  TARGET_PDB = ""
  TARGET_SUPPORT_DIR = docs\examples\CMakeFiles\curl-example-all.dir

build docs\examples\CMakeFiles\curl-example-all.dir\ftp-delete.c.obj: C_COMPILER__curl-example-all_unscanned_Debug C$:\Users\19697\Documents\KeygenSDK\KeygenSDK\build-vs\vcpkg_installed\vcpkg\blds\curl\src\url-8_21_0-3ffa9f46b7.clean\docs\examples\ftp-delete.c || cmake_object_order_depends_target_curl-example-all
  CONFIG = Debug
  DEFINES = -DCURL_NO_OLDIES -DHAVE_CONFIG_H -DUNICODE -DWIN32_LEAN_AND_MEAN -D_UNICODE
  FLAGS = /nologo /DWIN32 /D_WINDOWS /utf-8 /MP  /MDd /Z7 /Ob0 /Od /RTC1  -MDd -W4 -Wall -wd4061 -wd4191 -wd4255 -wd4464 -wd4548 -wd4574 -wd4668 -wd4710 -wd4711 -wd4746 -wd4820 -wd5045 -MP
  INCLUDES = -IC:\Users\19697\Documents\KeygenSDK\KeygenSDK\build-vs\vcpkg_installed\vcpkg\blds\curl\src\url-8_21_0-3ffa9f46b7.clean\include
  OBJECT_DIR = docs\examples\CMakeFiles\curl-example-all.dir
  OBJECT_FILE_DIR = docs\examples\CMakeFiles\curl-example-all.dir
  TARGET_COMPILE_PDB = docs\examples\CMakeFiles\curl-example-all.dir\
  TARGET_PDB = ""
  TARGET_SUPPORT_DIR = docs\examples\CMakeFiles\curl-example-all.dir

build docs\examples\CMakeFiles\curl-example-all.dir\ftp-wildcard.c.obj: C_COMPILER__curl-example-all_unscanned_Debug C$:\Users\19697\Documents\KeygenSDK\KeygenSDK\build-vs\vcpkg_installed\vcpkg\blds\curl\src\url-8_21_0-3ffa9f46b7.clean\docs\examples\ftp-wildcard.c || cmake_object_order_depends_target_curl-example-all
  CONFIG = Debug
  DEFINES = -DCURL_NO_OLDIES -DHAVE_CONFIG_H -DUNICODE -DWIN32_LEAN_AND_MEAN -D_UNICODE
  FLAGS = /nologo /DWIN32 /D_WINDOWS /utf-8 /MP  /MDd /Z7 /Ob0 /Od /RTC1  -MDd -W4 -Wall -wd4061 -wd4191 -wd4255 -wd4464 -wd4548 -wd4574 -wd4668 -wd4710 -wd4711 -wd4746 -wd4820 -wd5045 -MP
  INCLUDES = -IC:\Users\19697\Documents\KeygenSDK\KeygenSDK\build-vs\vcpkg_installed\vcpkg\blds\curl\src\url-8_21_0-3ffa9f46b7.clean\include
  OBJECT_DIR = docs\examples\CMakeFiles\curl-example-all.dir
  OBJECT_FILE_DIR = docs\examples\CMakeFiles\curl-example-all.dir
  TARGET_COMPILE_PDB = docs\examples\CMakeFiles\curl-example-all.dir\
  TARGET_PDB = ""
  TARGET_SUPPORT_DIR = docs\examples\CMakeFiles\curl-example-all.dir

build docs\examples\CMakeFiles\curl-example-all.dir\ftpget.c.obj: C_COMPILER__curl-example-all_unscanned_Debug C$:\Users\19697\Documents\KeygenSDK\KeygenSDK\build-vs\vcpkg_installed\vcpkg\blds\curl\src\url-8_21_0-3ffa9f46b7.clean\docs\examples\ftpget.c || cmake_object_order_depends_target_curl-example-all
  CONFIG = Debug
  DEFINES = -DCURL_NO_OLDIES -DHAVE_CONFIG_H -DUNICODE -DWIN32_LEAN_AND_MEAN -D_UNICODE
  FLAGS = /nologo /DWIN32 /D_WINDOWS /utf-8 /MP  /MDd /Z7 /Ob0 /Od /RTC1  -MDd -W4 -Wall -wd4061 -wd4191 -wd4255 -wd4464 -wd4548 -wd4574 -wd4668 -wd4710 -wd4711 -wd4746 -wd4820 -wd5045 -MP
  INCLUDES = -IC:\Users\19697\Documents\KeygenSDK\KeygenSDK\build-vs\vcpkg_installed\vcpkg\blds\curl\src\url-8_21_0-3ffa9f46b7.clean\include
  OBJECT_DIR = docs\examples\CMakeFiles\curl-example-all.dir
  OBJECT_FILE_DIR = docs\examples\CMakeFiles\curl-example-all.dir
  TARGET_COMPILE_PDB = docs\examples\CMakeFiles\curl-example-all.dir\
  TARGET_PDB = ""
  TARGET_SUPPORT_DIR = docs\examples\CMakeFiles\curl-example-all.dir

build docs\examples\CMakeFiles\curl-example-all.dir\ftpgetinfo.c.obj: C_COMPILER__curl-example-all_unscanned_Debug C$:\Users\19697\Documents\KeygenSDK\KeygenSDK\build-vs\vcpkg_installed\vcpkg\blds\curl\src\url-8_21_0-3ffa9f46b7.clean\docs\examples\ftpgetinfo.c || cmake_object_order_depends_target_curl-example-all
  CONFIG = Debug
  DEFINES = -DCURL_NO_OLDIES -DHAVE_CONFIG_H -DUNICODE -DWIN32_LEAN_AND_MEAN -D_UNICODE
  FLAGS = /nologo /DWIN32 /D_WINDOWS /utf-8 /MP  /MDd /Z7 /Ob0 /Od /RTC1  -MDd -W4 -Wall -wd4061 -wd4191 -wd4255 -wd4464 -wd4548 -wd4574 -wd4668 -wd4710 -wd4711 -wd4746 -wd4820 -wd5045 -MP
  INCLUDES = -IC:\Users\19697\Documents\KeygenSDK\KeygenSDK\build-vs\vcpkg_installed\vcpkg\blds\curl\src\url-8_21_0-3ffa9f46b7.clean\include
  OBJECT_DIR = docs\examples\CMakeFiles\curl-example-all.dir
  OBJECT_FILE_DIR = docs\examples\CMakeFiles\curl-example-all.dir
  TARGET_COMPILE_PDB = docs\examples\CMakeFiles\curl-example-all.dir\
  TARGET_PDB = ""
  TARGET_SUPPORT_DIR = docs\examples\CMakeFiles\curl-example-all.dir

build docs\examples\CMakeFiles\curl-example-all.dir\ftpgetresp.c.obj: C_COMPILER__curl-example-all_unscanned_Debug C$:\Users\19697\Documents\KeygenSDK\KeygenSDK\build-vs\vcpkg_installed\vcpkg\blds\curl\src\url-8_21_0-3ffa9f46b7.clean\docs\examples\ftpgetresp.c || cmake_object_order_depends_target_curl-example-all
  CONFIG = Debug
  DEFINES = -DCURL_NO_OLDIES -DHAVE_CONFIG_H -DUNICODE -DWIN32_LEAN_AND_MEAN -D_UNICODE
  FLAGS = /nologo /DWIN32 /D_WINDOWS /utf-8 /MP  /MDd /Z7 /Ob0 /Od /RTC1  -MDd -W4 -Wall -wd4061 -wd4191 -wd4255 -wd4464 -wd4548 -wd4574 -wd4668 -wd4710 -wd4711 -wd4746 -wd4820 -wd5045 -MP
  INCLUDES = -IC:\Users\19697\Documents\KeygenSDK\KeygenSDK\build-vs\vcpkg_installed\vcpkg\blds\curl\src\url-8_21_0-3ffa9f46b7.clean\include
  OBJECT_DIR = docs\examples\CMakeFiles\curl-example-all.dir
  OBJECT_FILE_DIR = docs\examples\CMakeFiles\curl-example-all.dir
  TARGET_COMPILE_PDB = docs\examples\CMakeFiles\curl-example-all.dir\
  TARGET_PDB = ""
  TARGET_SUPPORT_DIR = docs\examples\CMakeFiles\curl-example-all.dir

build docs\examples\CMakeFiles\curl-example-all.dir\ftpsget.c.obj: C_COMPILER__curl-example-all_unscanned_Debug C$:\Users\19697\Documents\KeygenSDK\KeygenSDK\build-vs\vcpkg_installed\vcpkg\blds\curl\src\url-8_21_0-3ffa9f46b7.clean\docs\examples\ftpsget.c || cmake_object_order_depends_target_curl-example-all
  CONFIG = Debug
  DEFINES = -DCURL_NO_OLDIES -DHAVE_CONFIG_H -DUNICODE -DWIN32_LEAN_AND_MEAN -D_UNICODE
  FLAGS = /nologo /DWIN32 /D_WINDOWS /utf-8 /MP  /MDd /Z7 /Ob0 /Od /RTC1  -MDd -W4 -Wall -wd4061 -wd4191 -wd4255 -wd4464 -wd4548 -wd4574 -wd4668 -wd4710 -wd4711 -wd4746 -wd4820 -wd5045 -MP
  INCLUDES = -IC:\Users\19697\Documents\KeygenSDK\KeygenSDK\build-vs\vcpkg_installed\vcpkg\blds\curl\src\url-8_21_0-3ffa9f46b7.clean\include
  OBJECT_DIR = docs\examples\CMakeFiles\curl-example-all.dir
  OBJECT_FILE_DIR = docs\examples\CMakeFiles\curl-example-all.dir
  TARGET_COMPILE_PDB = docs\examples\CMakeFiles\curl-example-all.dir\
  TARGET_PDB = ""
  TARGET_SUPPORT_DIR = docs\examples\CMakeFiles\curl-example-all.dir

build docs\examples\CMakeFiles\curl-example-all.dir\ftpupload.c.obj: C_COMPILER__curl-example-all_unscanned_Debug C$:\Users\19697\Documents\KeygenSDK\KeygenSDK\build-vs\vcpkg_installed\vcpkg\blds\curl\src\url-8_21_0-3ffa9f46b7.clean\docs\examples\ftpupload.c || cmake_object_order_depends_target_curl-example-all
  CONFIG = Debug
  DEFINES = -DCURL_NO_OLDIES -DHAVE_CONFIG_H -DUNICODE -DWIN32_LEAN_AND_MEAN -D_UNICODE
  FLAGS = /nologo /DWIN32 /D_WINDOWS /utf-8 /MP  /MDd /Z7 /Ob0 /Od /RTC1  -MDd -W4 -Wall -wd4061 -wd4191 -wd4255 -wd4464 -wd4548 -wd4574 -wd4668 -wd4710 -wd4711 -wd4746 -wd4820 -wd5045 -MP
  INCLUDES = -IC:\Users\19697\Documents\KeygenSDK\KeygenSDK\build-vs\vcpkg_installed\vcpkg\blds\curl\src\url-8_21_0-3ffa9f46b7.clean\include
  OBJECT_DIR = docs\examples\CMakeFiles\curl-example-all.dir
  OBJECT_FILE_DIR = docs\examples\CMakeFiles\curl-example-all.dir
  TARGET_COMPILE_PDB = docs\examples\CMakeFiles\curl-example-all.dir\
  TARGET_PDB = ""
  TARGET_SUPPORT_DIR = docs\examples\CMakeFiles\curl-example-all.dir

build docs\examples\CMakeFiles\curl-example-all.dir\ftpuploadfrommem.c.obj: C_COMPILER__curl-example-all_unscanned_Debug C$:\Users\19697\Documents\KeygenSDK\KeygenSDK\build-vs\vcpkg_installed\vcpkg\blds\curl\src\url-8_21_0-3ffa9f46b7.clean\docs\examples\ftpuploadfrommem.c || cmake_object_order_depends_target_curl-example-all
  CONFIG = Debug
  DEFINES = -DCURL_NO_OLDIES -DHAVE_CONFIG_H -DUNICODE -DWIN32_LEAN_AND_MEAN -D_UNICODE
  FLAGS = /nologo /DWIN32 /D_WINDOWS /utf-8 /MP  /MDd /Z7 /Ob0 /Od /RTC1  -MDd -W4 -Wall -wd4061 -wd4191 -wd4255 -wd4464 -wd4548 -wd4574 -wd4668 -wd4710 -wd4711 -wd4746 -wd4820 -wd5045 -MP
  INCLUDES = -IC:\Users\19697\Documents\KeygenSDK\KeygenSDK\build-vs\vcpkg_installed\vcpkg\blds\curl\src\url-8_21_0-3ffa9f46b7.clean\include
  OBJECT_DIR = docs\examples\CMakeFiles\curl-example-all.dir
  OBJECT_FILE_DIR = docs\examples\CMakeFiles\curl-example-all.dir
  TARGET_COMPILE_PDB = docs\examples\CMakeFiles\curl-example-all.dir\
  TARGET_PDB = ""
  TARGET_SUPPORT_DIR = docs\examples\CMakeFiles\curl-example-all.dir

build docs\examples\CMakeFiles\curl-example-all.dir\ftpuploadresume.c.obj: C_COMPILER__curl-example-all_unscanned_Debug C$:\Users\19697\Documents\KeygenSDK\KeygenSDK\build-vs\vcpkg_installed\vcpkg\blds\curl\src\url-8_21_0-3ffa9f46b7.clean\docs\examples\ftpuploadresume.c || cmake_object_order_depends_target_curl-example-all
  CONFIG = Debug
  DEFINES = -DCURL_NO_OLDIES -DHAVE_CONFIG_H -DUNICODE -DWIN32_LEAN_AND_MEAN -D_UNICODE
  FLAGS = /nologo /DWIN32 /D_WINDOWS /utf-8 /MP  /MDd /Z7 /Ob0 /Od /RTC1  -MDd -W4 -Wall -wd4061 -wd4191 -wd4255 -wd4464 -wd4548 -wd4574 -wd4668 -wd4710 -wd4711 -wd4746 -wd4820 -wd5045 -MP
  INCLUDES = -IC:\Users\19697\Documents\KeygenSDK\KeygenSDK\build-vs\vcpkg_installed\vcpkg\blds\curl\src\url-8_21_0-3ffa9f46b7.clean\include
  OBJECT_DIR = docs\examples\CMakeFiles\curl-example-all.dir
  OBJECT_FILE_DIR = docs\examples\CMakeFiles\curl-example-all.dir
  TARGET_COMPILE_PDB = docs\examples\CMakeFiles\curl-example-all.dir\
  TARGET_PDB = ""
  TARGET_SUPPORT_DIR = docs\examples\CMakeFiles\curl-example-all.dir

build docs\examples\CMakeFiles\curl-example-all.dir\getinfo.c.obj: C_COMPILER__curl-example-all_unscanned_Debug C$:\Users\19697\Documents\KeygenSDK\KeygenSDK\build-vs\vcpkg_installed\vcpkg\blds\curl\src\url-8_21_0-3ffa9f46b7.clean\docs\examples\getinfo.c || cmake_object_order_depends_target_curl-example-all
  CONFIG = Debug
  DEFINES = -DCURL_NO_OLDIES -DHAVE_CONFIG_H -DUNICODE -DWIN32_LEAN_AND_MEAN -D_UNICODE
  FLAGS = /nologo /DWIN32 /D_WINDOWS /utf-8 /MP  /MDd /Z7 /Ob0 /Od /RTC1  -MDd -W4 -Wall -wd4061 -wd4191 -wd4255 -wd4464 -wd4548 -wd4574 -wd4668 -wd4710 -wd4711 -wd4746 -wd4820 -wd5045 -MP
  INCLUDES = -IC:\Users\19697\Documents\KeygenSDK\KeygenSDK\build-vs\vcpkg_installed\vcpkg\blds\curl\src\url-8_21_0-3ffa9f46b7.clean\include
  OBJECT_DIR = docs\examples\CMakeFiles\curl-example-all.dir
  OBJECT_FILE_DIR = docs\examples\CMakeFiles\curl-example-all.dir
  TARGET_COMPILE_PDB = docs\examples\CMakeFiles\curl-example-all.dir\
  TARGET_PDB = ""
  TARGET_SUPPORT_DIR = docs\examples\CMakeFiles\curl-example-all.dir

build docs\examples\CMakeFiles\curl-example-all.dir\getinmemory.c.obj: C_COMPILER__curl-example-all_unscanned_Debug C$:\Users\19697\Documents\KeygenSDK\KeygenSDK\build-vs\vcpkg_installed\vcpkg\blds\curl\src\url-8_21_0-3ffa9f46b7.clean\docs\examples\getinmemory.c || cmake_object_order_depends_target_curl-example-all
  CONFIG = Debug
  DEFINES = -DCURL_NO_OLDIES -DHAVE_CONFIG_H -DUNICODE -DWIN32_LEAN_AND_MEAN -D_UNICODE
  FLAGS = /nologo /DWIN32 /D_WINDOWS /utf-8 /MP  /MDd /Z7 /Ob0 /Od /RTC1  -MDd -W4 -Wall -wd4061 -wd4191 -wd4255 -wd4464 -wd4548 -wd4574 -wd4668 -wd4710 -wd4711 -wd4746 -wd4820 -wd5045 -MP
  INCLUDES = -IC:\Users\19697\Documents\KeygenSDK\KeygenSDK\build-vs\vcpkg_installed\vcpkg\blds\curl\src\url-8_21_0-3ffa9f46b7.clean\include
  OBJECT_DIR = docs\examples\CMakeFiles\curl-example-all.dir
  OBJECT_FILE_DIR = docs\examples\CMakeFiles\curl-example-all.dir
  TARGET_COMPILE_PDB = docs\examples\CMakeFiles\curl-example-all.dir\
  TARGET_PDB = ""
  TARGET_SUPPORT_DIR = docs\examples\CMakeFiles\curl-example-all.dir

build docs\examples\CMakeFiles\curl-example-all.dir\getredirect.c.obj: C_COMPILER__curl-example-all_unscanned_Debug C$:\Users\19697\Documents\KeygenSDK\KeygenSDK\build-vs\vcpkg_installed\vcpkg\blds\curl\src\url-8_21_0-3ffa9f46b7.clean\docs\examples\getredirect.c || cmake_object_order_depends_target_curl-example-all
  CONFIG = Debug
  DEFINES = -DCURL_NO_OLDIES -DHAVE_CONFIG_H -DUNICODE -DWIN32_LEAN_AND_MEAN -D_UNICODE
  FLAGS = /nologo /DWIN32 /D_WINDOWS /utf-8 /MP  /MDd /Z7 /Ob0 /Od /RTC1  -MDd -W4 -Wall -wd4061 -wd4191 -wd4255 -wd4464 -wd4548 -wd4574 -wd4668 -wd4710 -wd4711 -wd4746 -wd4820 -wd5045 -MP
  INCLUDES = -IC:\Users\19697\Documents\KeygenSDK\KeygenSDK\build-vs\vcpkg_installed\vcpkg\blds\curl\src\url-8_21_0-3ffa9f46b7.clean\include
  OBJECT_DIR = docs\examples\CMakeFiles\curl-example-all.dir
  OBJECT_FILE_DIR = docs\examples\CMakeFiles\curl-example-all.dir
  TARGET_COMPILE_PDB = docs\examples\CMakeFiles\curl-example-all.dir\
  TARGET_PDB = ""
  TARGET_SUPPORT_DIR = docs\examples\CMakeFiles\curl-example-all.dir

build docs\examples\CMakeFiles\curl-example-all.dir\getreferrer.c.obj: C_COMPILER__curl-example-all_unscanned_Debug C$:\Users\19697\Documents\KeygenSDK\KeygenSDK\build-vs\vcpkg_installed\vcpkg\blds\curl\src\url-8_21_0-3ffa9f46b7.clean\docs\examples\getreferrer.c || cmake_object_order_depends_target_curl-example-all
  CONFIG = Debug
  DEFINES = -DCURL_NO_OLDIES -DHAVE_CONFIG_H -DUNICODE -DWIN32_LEAN_AND_MEAN -D_UNICODE
  FLAGS = /nologo /DWIN32 /D_WINDOWS /utf-8 /MP  /MDd /Z7 /Ob0 /Od /RTC1  -MDd -W4 -Wall -wd4061 -wd4191 -wd4255 -wd4464 -wd4548 -wd4574 -wd4668 -wd4710 -wd4711 -wd4746 -wd4820 -wd5045 -MP
  INCLUDES = -IC:\Users\19697\Documents\KeygenSDK\KeygenSDK\build-vs\vcpkg_installed\vcpkg\blds\curl\src\url-8_21_0-3ffa9f46b7.clean\include
  OBJECT_DIR = docs\examples\CMakeFiles\curl-example-all.dir
  OBJECT_FILE_DIR = docs\examples\CMakeFiles\curl-example-all.dir
  TARGET_COMPILE_PDB = docs\examples\CMakeFiles\curl-example-all.dir\
  TARGET_PDB = ""
  TARGET_SUPPORT_DIR = docs\examples\CMakeFiles\curl-example-all.dir

build docs\examples\CMakeFiles\curl-example-all.dir\headerapi.c.obj: C_COMPILER__curl-example-all_unscanned_Debug C$:\Users\19697\Documents\KeygenSDK\KeygenSDK\build-vs\vcpkg_installed\vcpkg\blds\curl\src\url-8_21_0-3ffa9f46b7.clean\docs\examples\headerapi.c || cmake_object_order_depends_target_curl-example-all
  CONFIG = Debug
  DEFINES = -DCURL_NO_OLDIES -DHAVE_CONFIG_H -DUNICODE -DWIN32_LEAN_AND_MEAN -D_UNICODE
  FLAGS = /nologo /DWIN32 /D_WINDOWS /utf-8 /MP  /MDd /Z7 /Ob0 /Od /RTC1  -MDd -W4 -Wall -wd4061 -wd4191 -wd4255 -wd4464 -wd4548 -wd4574 -wd4668 -wd4710 -wd4711 -wd4746 -wd4820 -wd5045 -MP
  INCLUDES = -IC:\Users\19697\Documents\KeygenSDK\KeygenSDK\build-vs\vcpkg_installed\vcpkg\blds\curl\src\url-8_21_0-3ffa9f46b7.clean\include
  OBJECT_DIR = docs\examples\CMakeFiles\curl-example-all.dir
  OBJECT_FILE_DIR = docs\examples\CMakeFiles\curl-example-all.dir
  TARGET_COMPILE_PDB = docs\examples\CMakeFiles\curl-example-all.dir\
  TARGET_PDB = ""
  TARGET_SUPPORT_DIR = docs\examples\CMakeFiles\curl-example-all.dir

build docs\examples\CMakeFiles\curl-example-all.dir\hsts-preload.c.obj: C_COMPILER__curl-example-all_unscanned_Debug C$:\Users\19697\Documents\KeygenSDK\KeygenSDK\build-vs\vcpkg_installed\vcpkg\blds\curl\src\url-8_21_0-3ffa9f46b7.clean\docs\examples\hsts-preload.c || cmake_object_order_depends_target_curl-example-all
  CONFIG = Debug
  DEFINES = -DCURL_NO_OLDIES -DHAVE_CONFIG_H -DUNICODE -DWIN32_LEAN_AND_MEAN -D_UNICODE
  FLAGS = /nologo /DWIN32 /D_WINDOWS /utf-8 /MP  /MDd /Z7 /Ob0 /Od /RTC1  -MDd -W4 -Wall -wd4061 -wd4191 -wd4255 -wd4464 -wd4548 -wd4574 -wd4668 -wd4710 -wd4711 -wd4746 -wd4820 -wd5045 -MP
  INCLUDES = -IC:\Users\19697\Documents\KeygenSDK\KeygenSDK\build-vs\vcpkg_installed\vcpkg\blds\curl\src\url-8_21_0-3ffa9f46b7.clean\include
  OBJECT_DIR = docs\examples\CMakeFiles\curl-example-all.dir
  OBJECT_FILE_DIR = docs\examples\CMakeFiles\curl-example-all.dir
  TARGET_COMPILE_PDB = docs\examples\CMakeFiles\curl-example-all.dir\
  TARGET_PDB = ""
  TARGET_SUPPORT_DIR = docs\examples\CMakeFiles\curl-example-all.dir

build docs\examples\CMakeFiles\curl-example-all.dir\http-options.c.obj: C_COMPILER__curl-example-all_unscanned_Debug C$:\Users\19697\Documents\KeygenSDK\KeygenSDK\build-vs\vcpkg_installed\vcpkg\blds\curl\src\url-8_21_0-3ffa9f46b7.clean\docs\examples\http-options.c || cmake_object_order_depends_target_curl-example-all
  CONFIG = Debug
  DEFINES = -DCURL_NO_OLDIES -DHAVE_CONFIG_H -DUNICODE -DWIN32_LEAN_AND_MEAN -D_UNICODE
  FLAGS = /nologo /DWIN32 /D_WINDOWS /utf-8 /MP  /MDd /Z7 /Ob0 /Od /RTC1  -MDd -W4 -Wall -wd4061 -wd4191 -wd4255 -wd4464 -wd4548 -wd4574 -wd4668 -wd4710 -wd4711 -wd4746 -wd4820 -wd5045 -MP
  INCLUDES = -IC:\Users\19697\Documents\KeygenSDK\KeygenSDK\build-vs\vcpkg_installed\vcpkg\blds\curl\src\url-8_21_0-3ffa9f46b7.clean\include
  OBJECT_DIR = docs\examples\CMakeFiles\curl-example-all.dir
  OBJECT_FILE_DIR = docs\examples\CMakeFiles\curl-example-all.dir
  TARGET_COMPILE_PDB = docs\examples\CMakeFiles\curl-example-all.dir\
  TARGET_PDB = ""
  TARGET_SUPPORT_DIR = docs\examples\CMakeFiles\curl-example-all.dir

build docs\examples\CMakeFiles\curl-example-all.dir\http-post.c.obj: C_COMPILER__curl-example-all_unscanned_Debug C$:\Users\19697\Documents\KeygenSDK\KeygenSDK\build-vs\vcpkg_installed\vcpkg\blds\curl\src\url-8_21_0-3ffa9f46b7.clean\docs\examples\http-post.c || cmake_object_order_depends_target_curl-example-all
  CONFIG = Debug
  DEFINES = -DCURL_NO_OLDIES -DHAVE_CONFIG_H -DUNICODE -DWIN32_LEAN_AND_MEAN -D_UNICODE
  FLAGS = /nologo /DWIN32 /D_WINDOWS /utf-8 /MP  /MDd /Z7 /Ob0 /Od /RTC1  -MDd -W4 -Wall -wd4061 -wd4191 -wd4255 -wd4464 -wd4548 -wd4574 -wd4668 -wd4710 -wd4711 -wd4746 -wd4820 -wd5045 -MP
  INCLUDES = -IC:\Users\19697\Documents\KeygenSDK\KeygenSDK\build-vs\vcpkg_installed\vcpkg\blds\curl\src\url-8_21_0-3ffa9f46b7.clean\include
  OBJECT_DIR = docs\examples\CMakeFiles\curl-example-all.dir
  OBJECT_FILE_DIR = docs\examples\CMakeFiles\curl-example-all.dir
  TARGET_COMPILE_PDB = docs\examples\CMakeFiles\curl-example-all.dir\
  TARGET_PDB = ""
  TARGET_SUPPORT_DIR = docs\examples\CMakeFiles\curl-example-all.dir

build docs\examples\CMakeFiles\curl-example-all.dir\http2-download.c.obj: C_COMPILER__curl-example-all_unscanned_Debug C$:\Users\19697\Documents\KeygenSDK\KeygenSDK\build-vs\vcpkg_installed\vcpkg\blds\curl\src\url-8_21_0-3ffa9f46b7.clean\docs\examples\http2-download.c || cmake_object_order_depends_target_curl-example-all
  CONFIG = Debug
  DEFINES = -DCURL_NO_OLDIES -DHAVE_CONFIG_H -DUNICODE -DWIN32_LEAN_AND_MEAN -D_UNICODE
  FLAGS = /nologo /DWIN32 /D_WINDOWS /utf-8 /MP  /MDd /Z7 /Ob0 /Od /RTC1  -MDd -W4 -Wall -wd4061 -wd4191 -wd4255 -wd4464 -wd4548 -wd4574 -wd4668 -wd4710 -wd4711 -wd4746 -wd4820 -wd5045 -MP
  INCLUDES = -IC:\Users\19697\Documents\KeygenSDK\KeygenSDK\build-vs\vcpkg_installed\vcpkg\blds\curl\src\url-8_21_0-3ffa9f46b7.clean\include
  OBJECT_DIR = docs\examples\CMakeFiles\curl-example-all.dir
  OBJECT_FILE_DIR = docs\examples\CMakeFiles\curl-example-all.dir
  TARGET_COMPILE_PDB = docs\examples\CMakeFiles\curl-example-all.dir\
  TARGET_PDB = ""
  TARGET_SUPPORT_DIR = docs\examples\CMakeFiles\curl-example-all.dir

build docs\examples\CMakeFiles\curl-example-all.dir\http2-pushinmemory.c.obj: C_COMPILER__curl-example-all_unscanned_Debug C$:\Users\19697\Documents\KeygenSDK\KeygenSDK\build-vs\vcpkg_installed\vcpkg\blds\curl\src\url-8_21_0-3ffa9f46b7.clean\docs\examples\http2-pushinmemory.c || cmake_object_order_depends_target_curl-example-all
  CONFIG = Debug
  DEFINES = -DCURL_NO_OLDIES -DHAVE_CONFIG_H -DUNICODE -DWIN32_LEAN_AND_MEAN -D_UNICODE
  FLAGS = /nologo /DWIN32 /D_WINDOWS /utf-8 /MP  /MDd /Z7 /Ob0 /Od /RTC1  -MDd -W4 -Wall -wd4061 -wd4191 -wd4255 -wd4464 -wd4548 -wd4574 -wd4668 -wd4710 -wd4711 -wd4746 -wd4820 -wd5045 -MP
  INCLUDES = -IC:\Users\19697\Documents\KeygenSDK\KeygenSDK\build-vs\vcpkg_installed\vcpkg\blds\curl\src\url-8_21_0-3ffa9f46b7.clean\include
  OBJECT_DIR = docs\examples\CMakeFiles\curl-example-all.dir
  OBJECT_FILE_DIR = docs\examples\CMakeFiles\curl-example-all.dir
  TARGET_COMPILE_PDB = docs\examples\CMakeFiles\curl-example-all.dir\
  TARGET_PDB = ""
  TARGET_SUPPORT_DIR = docs\examples\CMakeFiles\curl-example-all.dir

build docs\examples\CMakeFiles\curl-example-all.dir\http2-serverpush.c.obj: C_COMPILER__curl-example-all_unscanned_Debug C$:\Users\19697\Documents\KeygenSDK\KeygenSDK\build-vs\vcpkg_installed\vcpkg\blds\curl\src\url-8_21_0-3ffa9f46b7.clean\docs\examples\http2-serverpush.c || cmake_object_order_depends_target_curl-example-all
  CONFIG = Debug
  DEFINES = -DCURL_NO_OLDIES -DHAVE_CONFIG_H -DUNICODE -DWIN32_LEAN_AND_MEAN -D_UNICODE
  FLAGS = /nologo /DWIN32 /D_WINDOWS /utf-8 /MP  /MDd /Z7 /Ob0 /Od /RTC1  -MDd -W4 -Wall -wd4061 -wd4191 -wd4255 -wd4464 -wd4548 -wd4574 -wd4668 -wd4710 -wd4711 -wd4746 -wd4820 -wd5045 -MP
  INCLUDES = -IC:\Users\19697\Documents\KeygenSDK\KeygenSDK\build-vs\vcpkg_installed\vcpkg\blds\curl\src\url-8_21_0-3ffa9f46b7.clean\include
  OBJECT_DIR = docs\examples\CMakeFiles\curl-example-all.dir
  OBJECT_FILE_DIR = docs\examples\CMakeFiles\curl-example-all.dir
  TARGET_COMPILE_PDB = docs\examples\CMakeFiles\curl-example-all.dir\
  TARGET_PDB = ""
  TARGET_SUPPORT_DIR = docs\examples\CMakeFiles\curl-example-all.dir

build docs\examples\CMakeFiles\curl-example-all.dir\http2-upload.c.obj: C_COMPILER__curl-example-all_unscanned_Debug C$:\Users\19697\Documents\KeygenSDK\KeygenSDK\build-vs\vcpkg_installed\vcpkg\blds\curl\src\url-8_21_0-3ffa9f46b7.clean\docs\examples\http2-upload.c || cmake_object_order_depends_target_curl-example-all
  CONFIG = Debug
  DEFINES = -DCURL_NO_OLDIES -DHAVE_CONFIG_H -DUNICODE -DWIN32_LEAN_AND_MEAN -D_UNICODE
  FLAGS = /nologo /DWIN32 /D_WINDOWS /utf-8 /MP  /MDd /Z7 /Ob0 /Od /RTC1  -MDd -W4 -Wall -wd4061 -wd4191 -wd4255 -wd4464 -wd4548 -wd4574 -wd4668 -wd4710 -wd4711 -wd4746 -wd4820 -wd5045 -MP
  INCLUDES = -IC:\Users\19697\Documents\KeygenSDK\KeygenSDK\build-vs\vcpkg_installed\vcpkg\blds\curl\src\url-8_21_0-3ffa9f46b7.clean\include
  OBJECT_DIR = docs\examples\CMakeFiles\curl-example-all.dir
  OBJECT_FILE_DIR = docs\examples\CMakeFiles\curl-example-all.dir
  TARGET_COMPILE_PDB = docs\examples\CMakeFiles\curl-example-all.dir\
  TARGET_PDB = ""
  TARGET_SUPPORT_DIR = docs\examples\CMakeFiles\curl-example-all.dir

build docs\examples\CMakeFiles\curl-example-all.dir\http3.c.obj: C_COMPILER__curl-example-all_unscanned_Debug C$:\Users\19697\Documents\KeygenSDK\KeygenSDK\build-vs\vcpkg_installed\vcpkg\blds\curl\src\url-8_21_0-3ffa9f46b7.clean\docs\examples\http3.c || cmake_object_order_depends_target_curl-example-all
  CONFIG = Debug
  DEFINES = -DCURL_NO_OLDIES -DHAVE_CONFIG_H -DUNICODE -DWIN32_LEAN_AND_MEAN -D_UNICODE
  FLAGS = /nologo /DWIN32 /D_WINDOWS /utf-8 /MP  /MDd /Z7 /Ob0 /Od /RTC1  -MDd -W4 -Wall -wd4061 -wd4191 -wd4255 -wd4464 -wd4548 -wd4574 -wd4668 -wd4710 -wd4711 -wd4746 -wd4820 -wd5045 -MP
  INCLUDES = -IC:\Users\19697\Documents\KeygenSDK\KeygenSDK\build-vs\vcpkg_installed\vcpkg\blds\curl\src\url-8_21_0-3ffa9f46b7.clean\include
  OBJECT_DIR = docs\examples\CMakeFiles\curl-example-all.dir
  OBJECT_FILE_DIR = docs\examples\CMakeFiles\curl-example-all.dir
  TARGET_COMPILE_PDB = docs\examples\CMakeFiles\curl-example-all.dir\
  TARGET_PDB = ""
  TARGET_SUPPORT_DIR = docs\examples\CMakeFiles\curl-example-all.dir

build docs\examples\CMakeFiles\curl-example-all.dir\http3-present.c.obj: C_COMPILER__curl-example-all_unscanned_Debug C$:\Users\19697\Documents\KeygenSDK\KeygenSDK\build-vs\vcpkg_installed\vcpkg\blds\curl\src\url-8_21_0-3ffa9f46b7.clean\docs\examples\http3-present.c || cmake_object_order_depends_target_curl-example-all
  CONFIG = Debug
  DEFINES = -DCURL_NO_OLDIES -DHAVE_CONFIG_H -DUNICODE -DWIN32_LEAN_AND_MEAN -D_UNICODE
  FLAGS = /nologo /DWIN32 /D_WINDOWS /utf-8 /MP  /MDd /Z7 /Ob0 /Od /RTC1  -MDd -W4 -Wall -wd4061 -wd4191 -wd4255 -wd4464 -wd4548 -wd4574 -wd4668 -wd4710 -wd4711 -wd4746 -wd4820 -wd5045 -MP
  INCLUDES = -IC:\Users\19697\Documents\KeygenSDK\KeygenSDK\build-vs\vcpkg_installed\vcpkg\blds\curl\src\url-8_21_0-3ffa9f46b7.clean\include
  OBJECT_DIR = docs\examples\CMakeFiles\curl-example-all.dir
  OBJECT_FILE_DIR = docs\examples\CMakeFiles\curl-example-all.dir
  TARGET_COMPILE_PDB = docs\examples\CMakeFiles\curl-example-all.dir\
  TARGET_PDB = ""
  TARGET_SUPPORT_DIR = docs\examples\CMakeFiles\curl-example-all.dir

build docs\examples\CMakeFiles\curl-example-all.dir\httpcustomheader.c.obj: C_COMPILER__curl-example-all_unscanned_Debug C$:\Users\19697\Documents\KeygenSDK\KeygenSDK\build-vs\vcpkg_installed\vcpkg\blds\curl\src\url-8_21_0-3ffa9f46b7.clean\docs\examples\httpcustomheader.c || cmake_object_order_depends_target_curl-example-all
  CONFIG = Debug
  DEFINES = -DCURL_NO_OLDIES -DHAVE_CONFIG_H -DUNICODE -DWIN32_LEAN_AND_MEAN -D_UNICODE
  FLAGS = /nologo /DWIN32 /D_WINDOWS /utf-8 /MP  /MDd /Z7 /Ob0 /Od /RTC1  -MDd -W4 -Wall -wd4061 -wd4191 -wd4255 -wd4464 -wd4548 -wd4574 -wd4668 -wd4710 -wd4711 -wd4746 -wd4820 -wd5045 -MP
  INCLUDES = -IC:\Users\19697\Documents\KeygenSDK\KeygenSDK\build-vs\vcpkg_installed\vcpkg\blds\curl\src\url-8_21_0-3ffa9f46b7.clean\include
  OBJECT_DIR = docs\examples\CMakeFiles\curl-example-all.dir
  OBJECT_FILE_DIR = docs\examples\CMakeFiles\curl-example-all.dir
  TARGET_COMPILE_PDB = docs\examples\CMakeFiles\curl-example-all.dir\
  TARGET_PDB = ""
  TARGET_SUPPORT_DIR = docs\examples\CMakeFiles\curl-example-all.dir

build docs\examples\CMakeFiles\curl-example-all.dir\httpput.c.obj: C_COMPILER__curl-example-all_unscanned_Debug C$:\Users\19697\Documents\KeygenSDK\KeygenSDK\build-vs\vcpkg_installed\vcpkg\blds\curl\src\url-8_21_0-3ffa9f46b7.clean\docs\examples\httpput.c || cmake_object_order_depends_target_curl-example-all
  CONFIG = Debug
  DEFINES = -DCURL_NO_OLDIES -DHAVE_CONFIG_H -DUNICODE -DWIN32_LEAN_AND_MEAN -D_UNICODE
  FLAGS = /nologo /DWIN32 /D_WINDOWS /utf-8 /MP  /MDd /Z7 /Ob0 /Od /RTC1  -MDd -W4 -Wall -wd4061 -wd4191 -wd4255 -wd4464 -wd4548 -wd4574 -wd4668 -wd4710 -wd4711 -wd4746 -wd4820 -wd5045 -MP
  INCLUDES = -IC:\Users\19697\Documents\KeygenSDK\KeygenSDK\build-vs\vcpkg_installed\vcpkg\blds\curl\src\url-8_21_0-3ffa9f46b7.clean\include
  OBJECT_DIR = docs\examples\CMakeFiles\curl-example-all.dir
  OBJECT_FILE_DIR = docs\examples\CMakeFiles\curl-example-all.dir
  TARGET_COMPILE_PDB = docs\examples\CMakeFiles\curl-example-all.dir\
  TARGET_PDB = ""
  TARGET_SUPPORT_DIR = docs\examples\CMakeFiles\curl-example-all.dir

build docs\examples\CMakeFiles\curl-example-all.dir\httpput-postfields.c.obj: C_COMPILER__curl-example-all_unscanned_Debug C$:\Users\19697\Documents\KeygenSDK\KeygenSDK\build-vs\vcpkg_installed\vcpkg\blds\curl\src\url-8_21_0-3ffa9f46b7.clean\docs\examples\httpput-postfields.c || cmake_object_order_depends_target_curl-example-all
  CONFIG = Debug
  DEFINES = -DCURL_NO_OLDIES -DHAVE_CONFIG_H -DUNICODE -DWIN32_LEAN_AND_MEAN -D_UNICODE
  FLAGS = /nologo /DWIN32 /D_WINDOWS /utf-8 /MP  /MDd /Z7 /Ob0 /Od /RTC1  -MDd -W4 -Wall -wd4061 -wd4191 -wd4255 -wd4464 -wd4548 -wd4574 -wd4668 -wd4710 -wd4711 -wd4746 -wd4820 -wd5045 -MP
  INCLUDES = -IC:\Users\19697\Documents\KeygenSDK\KeygenSDK\build-vs\vcpkg_installed\vcpkg\blds\curl\src\url-8_21_0-3ffa9f46b7.clean\include
  OBJECT_DIR = docs\examples\CMakeFiles\curl-example-all.dir
  OBJECT_FILE_DIR = docs\examples\CMakeFiles\curl-example-all.dir
  TARGET_COMPILE_PDB = docs\examples\CMakeFiles\curl-example-all.dir\
  TARGET_PDB = ""
  TARGET_SUPPORT_DIR = docs\examples\CMakeFiles\curl-example-all.dir

build docs\examples\CMakeFiles\curl-example-all.dir\https.c.obj: C_COMPILER__curl-example-all_unscanned_Debug C$:\Users\19697\Documents\KeygenSDK\KeygenSDK\build-vs\vcpkg_installed\vcpkg\blds\curl\src\url-8_21_0-3ffa9f46b7.clean\docs\examples\https.c || cmake_object_order_depends_target_curl-example-all
  CONFIG = Debug
  DEFINES = -DCURL_NO_OLDIES -DHAVE_CONFIG_H -DUNICODE -DWIN32_LEAN_AND_MEAN -D_UNICODE
  FLAGS = /nologo /DWIN32 /D_WINDOWS /utf-8 /MP  /MDd /Z7 /Ob0 /Od /RTC1  -MDd -W4 -Wall -wd4061 -wd4191 -wd4255 -wd4464 -wd4548 -wd4574 -wd4668 -wd4710 -wd4711 -wd4746 -wd4820 -wd5045 -MP
  INCLUDES = -IC:\Users\19697\Documents\KeygenSDK\KeygenSDK\build-vs\vcpkg_installed\vcpkg\blds\curl\src\url-8_21_0-3ffa9f46b7.clean\include
  OBJECT_DIR = docs\examples\CMakeFiles\curl-example-all.dir
  OBJECT_FILE_DIR = docs\examples\CMakeFiles\curl-example-all.dir
  TARGET_COMPILE_PDB = docs\examples\CMakeFiles\curl-example-all.dir\
  TARGET_PDB = ""
  TARGET_SUPPORT_DIR = docs\examples\CMakeFiles\curl-example-all.dir

build docs\examples\CMakeFiles\curl-example-all.dir\imap-append.c.obj: C_COMPILER__curl-example-all_unscanned_Debug C$:\Users\19697\Documents\KeygenSDK\KeygenSDK\build-vs\vcpkg_installed\vcpkg\blds\curl\src\url-8_21_0-3ffa9f46b7.clean\docs\examples\imap-append.c || cmake_object_order_depends_target_curl-example-all
  CONFIG = Debug
  DEFINES = -DCURL_NO_OLDIES -DHAVE_CONFIG_H -DUNICODE -DWIN32_LEAN_AND_MEAN -D_UNICODE
  FLAGS = /nologo /DWIN32 /D_WINDOWS /utf-8 /MP  /MDd /Z7 /Ob0 /Od /RTC1  -MDd -W4 -Wall -wd4061 -wd4191 -wd4255 -wd4464 -wd4548 -wd4574 -wd4668 -wd4710 -wd4711 -wd4746 -wd4820 -wd5045 -MP
  INCLUDES = -IC:\Users\19697\Documents\KeygenSDK\KeygenSDK\build-vs\vcpkg_installed\vcpkg\blds\curl\src\url-8_21_0-3ffa9f46b7.clean\include
  OBJECT_DIR = docs\examples\CMakeFiles\curl-example-all.dir
  OBJECT_FILE_DIR = docs\examples\CMakeFiles\curl-example-all.dir
  TARGET_COMPILE_PDB = docs\examples\CMakeFiles\curl-example-all.dir\
  TARGET_PDB = ""
  TARGET_SUPPORT_DIR = docs\examples\CMakeFiles\curl-example-all.dir

build docs\examples\CMakeFiles\curl-example-all.dir\imap-authzid.c.obj: C_COMPILER__curl-example-all_unscanned_Debug C$:\Users\19697\Documents\KeygenSDK\KeygenSDK\build-vs\vcpkg_installed\vcpkg\blds\curl\src\url-8_21_0-3ffa9f46b7.clean\docs\examples\imap-authzid.c || cmake_object_order_depends_target_curl-example-all
  CONFIG = Debug
  DEFINES = -DCURL_NO_OLDIES -DHAVE_CONFIG_H -DUNICODE -DWIN32_LEAN_AND_MEAN -D_UNICODE
  FLAGS = /nologo /DWIN32 /D_WINDOWS /utf-8 /MP  /MDd /Z7 /Ob0 /Od /RTC1  -MDd -W4 -Wall -wd4061 -wd4191 -wd4255 -wd4464 -wd4548 -wd4574 -wd4668 -wd4710 -wd4711 -wd4746 -wd4820 -wd5045 -MP
  INCLUDES = -IC:\Users\19697\Documents\KeygenSDK\KeygenSDK\build-vs\vcpkg_installed\vcpkg\blds\curl\src\url-8_21_0-3ffa9f46b7.clean\include
  OBJECT_DIR = docs\examples\CMakeFiles\curl-example-all.dir
  OBJECT_FILE_DIR = docs\examples\CMakeFiles\curl-example-all.dir
  TARGET_COMPILE_PDB = docs\examples\CMakeFiles\curl-example-all.dir\
  TARGET_PDB = ""
  TARGET_SUPPORT_DIR = docs\examples\CMakeFiles\curl-example-all.dir

build docs\examples\CMakeFiles\curl-example-all.dir\imap-copy.c.obj: C_COMPILER__curl-example-all_unscanned_Debug C$:\Users\19697\Documents\KeygenSDK\KeygenSDK\build-vs\vcpkg_installed\vcpkg\blds\curl\src\url-8_21_0-3ffa9f46b7.clean\docs\examples\imap-copy.c || cmake_object_order_depends_target_curl-example-all
  CONFIG = Debug
  DEFINES = -DCURL_NO_OLDIES -DHAVE_CONFIG_H -DUNICODE -DWIN32_LEAN_AND_MEAN -D_UNICODE
  FLAGS = /nologo /DWIN32 /D_WINDOWS /utf-8 /MP  /MDd /Z7 /Ob0 /Od /RTC1  -MDd -W4 -Wall -wd4061 -wd4191 -wd4255 -wd4464 -wd4548 -wd4574 -wd4668 -wd4710 -wd4711 -wd4746 -wd4820 -wd5045 -MP
  INCLUDES = -IC:\Users\19697\Documents\KeygenSDK\KeygenSDK\build-vs\vcpkg_installed\vcpkg\blds\curl\src\url-8_21_0-3ffa9f46b7.clean\include
  OBJECT_DIR = docs\examples\CMakeFiles\curl-example-all.dir
  OBJECT_FILE_DIR = docs\examples\CMakeFiles\curl-example-all.dir
  TARGET_COMPILE_PDB = docs\examples\CMakeFiles\curl-example-all.dir\
  TARGET_PDB = ""
  TARGET_SUPPORT_DIR = docs\examples\CMakeFiles\curl-example-all.dir

build docs\examples\CMakeFiles\curl-example-all.dir\imap-create.c.obj: C_COMPILER__curl-example-all_unscanned_Debug C$:\Users\19697\Documents\KeygenSDK\KeygenSDK\build-vs\vcpkg_installed\vcpkg\blds\curl\src\url-8_21_0-3ffa9f46b7.clean\docs\examples\imap-create.c || cmake_object_order_depends_target_curl-example-all
  CONFIG = Debug
  DEFINES = -DCURL_NO_OLDIES -DHAVE_CONFIG_H -DUNICODE -DWIN32_LEAN_AND_MEAN -D_UNICODE
  FLAGS = /nologo /DWIN32 /D_WINDOWS /utf-8 /MP  /MDd /Z7 /Ob0 /Od /RTC1  -MDd -W4 -Wall -wd4061 -wd4191 -wd4255 -wd4464 -wd4548 -wd4574 -wd4668 -wd4710 -wd4711 -wd4746 -wd4820 -wd5045 -MP
  INCLUDES = -IC:\Users\19697\Documents\KeygenSDK\KeygenSDK\build-vs\vcpkg_installed\vcpkg\blds\curl\src\url-8_21_0-3ffa9f46b7.clean\include
  OBJECT_DIR = docs\examples\CMakeFiles\curl-example-all.dir
  OBJECT_FILE_DIR = docs\examples\CMakeFiles\curl-example-all.dir
  TARGET_COMPILE_PDB = docs\examples\CMakeFiles\curl-example-all.dir\
  TARGET_PDB = ""
  TARGET_SUPPORT_DIR = docs\examples\CMakeFiles\curl-example-all.dir

build docs\examples\CMakeFiles\curl-example-all.dir\imap-delete.c.obj: C_COMPILER__curl-example-all_unscanned_Debug C$:\Users\19697\Documents\KeygenSDK\KeygenSDK\build-vs\vcpkg_installed\vcpkg\blds\curl\src\url-8_21_0-3ffa9f46b7.clean\docs\examples\imap-delete.c || cmake_object_order_depends_target_curl-example-all
  CONFIG = Debug
  DEFINES = -DCURL_NO_OLDIES -DHAVE_CONFIG_H -DUNICODE -DWIN32_LEAN_AND_MEAN -D_UNICODE
  FLAGS = /nologo /DWIN32 /D_WINDOWS /utf-8 /MP  /MDd /Z7 /Ob0 /Od /RTC1  -MDd -W4 -Wall -wd4061 -wd4191 -wd4255 -wd4464 -wd4548 -wd4574 -wd4668 -wd4710 -wd4711 -wd4746 -wd4820 -wd5045 -MP
  INCLUDES = -IC:\Users\19697\Documents\KeygenSDK\KeygenSDK\build-vs\vcpkg_installed\vcpkg\blds\curl\src\url-8_21_0-3ffa9f46b7.clean\include
  OBJECT_DIR = docs\examples\CMakeFiles\curl-example-all.dir
  OBJECT_FILE_DIR = docs\examples\CMakeFiles\curl-example-all.dir
  TARGET_COMPILE_PDB = docs\examples\CMakeFiles\curl-example-all.dir\
  TARGET_PDB = ""
  TARGET_SUPPORT_DIR = docs\examples\CMakeFiles\curl-example-all.dir

build docs\examples\CMakeFiles\curl-example-all.dir\imap-examine.c.obj: C_COMPILER__curl-example-all_unscanned_Debug C$:\Users\19697\Documents\KeygenSDK\KeygenSDK\build-vs\vcpkg_installed\vcpkg\blds\curl\src\url-8_21_0-3ffa9f46b7.clean\docs\examples\imap-examine.c || cmake_object_order_depends_target_curl-example-all
  CONFIG = Debug
  DEFINES = -DCURL_NO_OLDIES -DHAVE_CONFIG_H -DUNICODE -DWIN32_LEAN_AND_MEAN -D_UNICODE
  FLAGS = /nologo /DWIN32 /D_WINDOWS /utf-8 /MP  /MDd /Z7 /Ob0 /Od /RTC1  -MDd -W4 -Wall -wd4061 -wd4191 -wd4255 -wd4464 -wd4548 -wd4574 -wd4668 -wd4710 -wd4711 -wd4746 -wd4820 -wd5045 -MP
  INCLUDES = -IC:\Users\19697\Documents\KeygenSDK\KeygenSDK\build-vs\vcpkg_installed\vcpkg\blds\curl\src\url-8_21_0-3ffa9f46b7.clean\include
  OBJECT_DIR = docs\examples\CMakeFiles\curl-example-all.dir
  OBJECT_FILE_DIR = docs\examples\CMakeFiles\curl-example-all.dir
  TARGET_COMPILE_PDB = docs\examples\CMakeFiles\curl-example-all.dir\
  TARGET_PDB = ""
  TARGET_SUPPORT_DIR = docs\examples\CMakeFiles\curl-example-all.dir

build docs\examples\CMakeFiles\curl-example-all.dir\imap-fetch.c.obj: C_COMPILER__curl-example-all_unscanned_Debug C$:\Users\19697\Documents\KeygenSDK\KeygenSDK\build-vs\vcpkg_installed\vcpkg\blds\curl\src\url-8_21_0-3ffa9f46b7.clean\docs\examples\imap-fetch.c || cmake_object_order_depends_target_curl-example-all
  CONFIG = Debug
  DEFINES = -DCURL_NO_OLDIES -DHAVE_CONFIG_H -DUNICODE -DWIN32_LEAN_AND_MEAN -D_UNICODE
  FLAGS = /nologo /DWIN32 /D_WINDOWS /utf-8 /MP  /MDd /Z7 /Ob0 /Od /RTC1  -MDd -W4 -Wall -wd4061 -wd4191 -wd4255 -wd4464 -wd4548 -wd4574 -wd4668 -wd4710 -wd4711 -wd4746 -wd4820 -wd5045 -MP
  INCLUDES = -IC:\Users\19697\Documents\KeygenSDK\KeygenSDK\build-vs\vcpkg_installed\vcpkg\blds\curl\src\url-8_21_0-3ffa9f46b7.clean\include
  OBJECT_DIR = docs\examples\CMakeFiles\curl-example-all.dir
  OBJECT_FILE_DIR = docs\examples\CMakeFiles\curl-example-all.dir
  TARGET_COMPILE_PDB = docs\examples\CMakeFiles\curl-example-all.dir\
  TARGET_PDB = ""
  TARGET_SUPPORT_DIR = docs\examples\CMakeFiles\curl-example-all.dir

build docs\examples\CMakeFiles\curl-example-all.dir\imap-list.c.obj: C_COMPILER__curl-example-all_unscanned_Debug C$:\Users\19697\Documents\KeygenSDK\KeygenSDK\build-vs\vcpkg_installed\vcpkg\blds\curl\src\url-8_21_0-3ffa9f46b7.clean\docs\examples\imap-list.c || cmake_object_order_depends_target_curl-example-all
  CONFIG = Debug
  DEFINES = -DCURL_NO_OLDIES -DHAVE_CONFIG_H -DUNICODE -DWIN32_LEAN_AND_MEAN -D_UNICODE
  FLAGS = /nologo /DWIN32 /D_WINDOWS /utf-8 /MP  /MDd /Z7 /Ob0 /Od /RTC1  -MDd -W4 -Wall -wd4061 -wd4191 -wd4255 -wd4464 -wd4548 -wd4574 -wd4668 -wd4710 -wd4711 -wd4746 -wd4820 -wd5045 -MP
  INCLUDES = -IC:\Users\19697\Documents\KeygenSDK\KeygenSDK\build-vs\vcpkg_installed\vcpkg\blds\curl\src\url-8_21_0-3ffa9f46b7.clean\include
  OBJECT_DIR = docs\examples\CMakeFiles\curl-example-all.dir
  OBJECT_FILE_DIR = docs\examples\CMakeFiles\curl-example-all.dir
  TARGET_COMPILE_PDB = docs\examples\CMakeFiles\curl-example-all.dir\
  TARGET_PDB = ""
  TARGET_SUPPORT_DIR = docs\examples\CMakeFiles\curl-example-all.dir

build docs\examples\CMakeFiles\curl-example-all.dir\imap-lsub.c.obj: C_COMPILER__curl-example-all_unscanned_Debug C$:\Users\19697\Documents\KeygenSDK\KeygenSDK\build-vs\vcpkg_installed\vcpkg\blds\curl\src\url-8_21_0-3ffa9f46b7.clean\docs\examples\imap-lsub.c || cmake_object_order_depends_target_curl-example-all
  CONFIG = Debug
  DEFINES = -DCURL_NO_OLDIES -DHAVE_CONFIG_H -DUNICODE -DWIN32_LEAN_AND_MEAN -D_UNICODE
  FLAGS = /nologo /DWIN32 /D_WINDOWS /utf-8 /MP  /MDd /Z7 /Ob0 /Od /RTC1  -MDd -W4 -Wall -wd4061 -wd4191 -wd4255 -wd4464 -wd4548 -wd4574 -wd4668 -wd4710 -wd4711 -wd4746 -wd4820 -wd5045 -MP
  INCLUDES = -IC:\Users\19697\Documents\KeygenSDK\KeygenSDK\build-vs\vcpkg_installed\vcpkg\blds\curl\src\url-8_21_0-3ffa9f46b7.clean\include
  OBJECT_DIR = docs\examples\CMakeFiles\curl-example-all.dir
  OBJECT_FILE_DIR = docs\examples\CMakeFiles\curl-example-all.dir
  TARGET_COMPILE_PDB = docs\examples\CMakeFiles\curl-example-all.dir\
  TARGET_PDB = ""
  TARGET_SUPPORT_DIR = docs\examples\CMakeFiles\curl-example-all.dir

build docs\examples\CMakeFiles\curl-example-all.dir\imap-multi.c.obj: C_COMPILER__curl-example-all_unscanned_Debug C$:\Users\19697\Documents\KeygenSDK\KeygenSDK\build-vs\vcpkg_installed\vcpkg\blds\curl\src\url-8_21_0-3ffa9f46b7.clean\docs\examples\imap-multi.c || cmake_object_order_depends_target_curl-example-all
  CONFIG = Debug
  DEFINES = -DCURL_NO_OLDIES -DHAVE_CONFIG_H -DUNICODE -DWIN32_LEAN_AND_MEAN -D_UNICODE
  FLAGS = /nologo /DWIN32 /D_WINDOWS /utf-8 /MP  /MDd /Z7 /Ob0 /Od /RTC1  -MDd -W4 -Wall -wd4061 -wd4191 -wd4255 -wd4464 -wd4548 -wd4574 -wd4668 -wd4710 -wd4711 -wd4746 -wd4820 -wd5045 -MP
  INCLUDES = -IC:\Users\19697\Documents\KeygenSDK\KeygenSDK\build-vs\vcpkg_installed\vcpkg\blds\curl\src\url-8_21_0-3ffa9f46b7.clean\include
  OBJECT_DIR = docs\examples\CMakeFiles\curl-example-all.dir
  OBJECT_FILE_DIR = docs\examples\CMakeFiles\curl-example-all.dir
  TARGET_COMPILE_PDB = docs\examples\CMakeFiles\curl-example-all.dir\
  TARGET_PDB = ""
  TARGET_SUPPORT_DIR = docs\examples\CMakeFiles\curl-example-all.dir

build docs\examples\CMakeFiles\curl-example-all.dir\imap-noop.c.obj: C_COMPILER__curl-example-all_unscanned_Debug C$:\Users\19697\Documents\KeygenSDK\KeygenSDK\build-vs\vcpkg_installed\vcpkg\blds\curl\src\url-8_21_0-3ffa9f46b7.clean\docs\examples\imap-noop.c || cmake_object_order_depends_target_curl-example-all
  CONFIG = Debug
  DEFINES = -DCURL_NO_OLDIES -DHAVE_CONFIG_H -DUNICODE -DWIN32_LEAN_AND_MEAN -D_UNICODE
  FLAGS = /nologo /DWIN32 /D_WINDOWS /utf-8 /MP  /MDd /Z7 /Ob0 /Od /RTC1  -MDd -W4 -Wall -wd4061 -wd4191 -wd4255 -wd4464 -wd4548 -wd4574 -wd4668 -wd4710 -wd4711 -wd4746 -wd4820 -wd5045 -MP
  INCLUDES = -IC:\Users\19697\Documents\KeygenSDK\KeygenSDK\build-vs\vcpkg_installed\vcpkg\blds\curl\src\url-8_21_0-3ffa9f46b7.clean\include
  OBJECT_DIR = docs\examples\CMakeFiles\curl-example-all.dir
  OBJECT_FILE_DIR = docs\examples\CMakeFiles\curl-example-all.dir
  TARGET_COMPILE_PDB = docs\examples\CMakeFiles\curl-example-all.dir\
  TARGET_PDB = ""
  TARGET_SUPPORT_DIR = docs\examples\CMakeFiles\curl-example-all.dir

build docs\examples\CMakeFiles\curl-example-all.dir\imap-search.c.obj: C_COMPILER__curl-example-all_unscanned_Debug C$:\Users\19697\Documents\KeygenSDK\KeygenSDK\build-vs\vcpkg_installed\vcpkg\blds\curl\src\url-8_21_0-3ffa9f46b7.clean\docs\examples\imap-search.c || cmake_object_order_depends_target_curl-example-all
  CONFIG = Debug
  DEFINES = -DCURL_NO_OLDIES -DHAVE_CONFIG_H -DUNICODE -DWIN32_LEAN_AND_MEAN -D_UNICODE
  FLAGS = /nologo /DWIN32 /D_WINDOWS /utf-8 /MP  /MDd /Z7 /Ob0 /Od /RTC1  -MDd -W4 -Wall -wd4061 -wd4191 -wd4255 -wd4464 -wd4548 -wd4574 -wd4668 -wd4710 -wd4711 -wd4746 -wd4820 -wd5045 -MP
  INCLUDES = -IC:\Users\19697\Documents\KeygenSDK\KeygenSDK\build-vs\vcpkg_installed\vcpkg\blds\curl\src\url-8_21_0-3ffa9f46b7.clean\include
  OBJECT_DIR = docs\examples\CMakeFiles\curl-example-all.dir
  OBJECT_FILE_DIR = docs\examples\CMakeFiles\curl-example-all.dir
  TARGET_COMPILE_PDB = docs\examples\CMakeFiles\curl-example-all.dir\
  TARGET_PDB = ""
  TARGET_SUPPORT_DIR = docs\examples\CMakeFiles\curl-example-all.dir

build docs\examples\CMakeFiles\curl-example-all.dir\imap-ssl.c.obj: C_COMPILER__curl-example-all_unscanned_Debug C$:\Users\19697\Documents\KeygenSDK\KeygenSDK\build-vs\vcpkg_installed\vcpkg\blds\curl\src\url-8_21_0-3ffa9f46b7.clean\docs\examples\imap-ssl.c || cmake_object_order_depends_target_curl-example-all
  CONFIG = Debug
  DEFINES = -DCURL_NO_OLDIES -DHAVE_CONFIG_H -DUNICODE -DWIN32_LEAN_AND_MEAN -D_UNICODE
  FLAGS = /nologo /DWIN32 /D_WINDOWS /utf-8 /MP  /MDd /Z7 /Ob0 /Od /RTC1  -MDd -W4 -Wall -wd4061 -wd4191 -wd4255 -wd4464 -wd4548 -wd4574 -wd4668 -wd4710 -wd4711 -wd4746 -wd4820 -wd5045 -MP
  INCLUDES = -IC:\Users\19697\Documents\KeygenSDK\KeygenSDK\build-vs\vcpkg_installed\vcpkg\blds\curl\src\url-8_21_0-3ffa9f46b7.clean\include
  OBJECT_DIR = docs\examples\CMakeFiles\curl-example-all.dir
  OBJECT_FILE_DIR = docs\examples\CMakeFiles\curl-example-all.dir
  TARGET_COMPILE_PDB = docs\examples\CMakeFiles\curl-example-all.dir\
  TARGET_PDB = ""
  TARGET_SUPPORT_DIR = docs\examples\CMakeFiles\curl-example-all.dir

build docs\examples\CMakeFiles\curl-example-all.dir\imap-store.c.obj: C_COMPILER__curl-example-all_unscanned_Debug C$:\Users\19697\Documents\KeygenSDK\KeygenSDK\build-vs\vcpkg_installed\vcpkg\blds\curl\src\url-8_21_0-3ffa9f46b7.clean\docs\examples\imap-store.c || cmake_object_order_depends_target_curl-example-all
  CONFIG = Debug
  DEFINES = -DCURL_NO_OLDIES -DHAVE_CONFIG_H -DUNICODE -DWIN32_LEAN_AND_MEAN -D_UNICODE
  FLAGS = /nologo /DWIN32 /D_WINDOWS /utf-8 /MP  /MDd /Z7 /Ob0 /Od /RTC1  -MDd -W4 -Wall -wd4061 -wd4191 -wd4255 -wd4464 -wd4548 -wd4574 -wd4668 -wd4710 -wd4711 -wd4746 -wd4820 -wd5045 -MP
  INCLUDES = -IC:\Users\19697\Documents\KeygenSDK\KeygenSDK\build-vs\vcpkg_installed\vcpkg\blds\curl\src\url-8_21_0-3ffa9f46b7.clean\include
  OBJECT_DIR = docs\examples\CMakeFiles\curl-example-all.dir
  OBJECT_FILE_DIR = docs\examples\CMakeFiles\curl-example-all.dir
  TARGET_COMPILE_PDB = docs\examples\CMakeFiles\curl-example-all.dir\
  TARGET_PDB = ""
  TARGET_SUPPORT_DIR = docs\examples\CMakeFiles\curl-example-all.dir

build docs\examples\CMakeFiles\curl-example-all.dir\imap-tls.c.obj: C_COMPILER__curl-example-all_unscanned_Debug C$:\Users\19697\Documents\KeygenSDK\KeygenSDK\build-vs\vcpkg_installed\vcpkg\blds\curl\src\url-8_21_0-3ffa9f46b7.clean\docs\examples\imap-tls.c || cmake_object_order_depends_target_curl-example-all
  CONFIG = Debug
  DEFINES = -DCURL_NO_OLDIES -DHAVE_CONFIG_H -DUNICODE -DWIN32_LEAN_AND_MEAN -D_UNICODE
  FLAGS = /nologo /DWIN32 /D_WINDOWS /utf-8 /MP  /MDd /Z7 /Ob0 /Od /RTC1  -MDd -W4 -Wall -wd4061 -wd4191 -wd4255 -wd4464 -wd4548 -wd4574 -wd4668 -wd4710 -wd4711 -wd4746 -wd4820 -wd5045 -MP
  INCLUDES = -IC:\Users\19697\Documents\KeygenSDK\KeygenSDK\build-vs\vcpkg_installed\vcpkg\blds\curl\src\url-8_21_0-3ffa9f46b7.clean\include
  OBJECT_DIR = docs\examples\CMakeFiles\curl-example-all.dir
  OBJECT_FILE_DIR = docs\examples\CMakeFiles\curl-example-all.dir
  TARGET_COMPILE_PDB = docs\examples\CMakeFiles\curl-example-all.dir\
  TARGET_PDB = ""
  TARGET_SUPPORT_DIR = docs\examples\CMakeFiles\curl-example-all.dir

build docs\examples\CMakeFiles\curl-example-all.dir\interface.c.obj: C_COMPILER__curl-example-all_unscanned_Debug C$:\Users\19697\Documents\KeygenSDK\KeygenSDK\build-vs\vcpkg_installed\vcpkg\blds\curl\src\url-8_21_0-3ffa9f46b7.clean\docs\examples\interface.c || cmake_object_order_depends_target_curl-example-all
  CONFIG = Debug
  DEFINES = -DCURL_NO_OLDIES -DHAVE_CONFIG_H -DUNICODE -DWIN32_LEAN_AND_MEAN -D_UNICODE
  FLAGS = /nologo /DWIN32 /D_WINDOWS /utf-8 /MP  /MDd /Z7 /Ob0 /Od /RTC1  -MDd -W4 -Wall -wd4061 -wd4191 -wd4255 -wd4464 -wd4548 -wd4574 -wd4668 -wd4710 -wd4711 -wd4746 -wd4820 -wd5045 -MP
  INCLUDES = -IC:\Users\19697\Documents\KeygenSDK\KeygenSDK\build-vs\vcpkg_installed\vcpkg\blds\curl\src\url-8_21_0-3ffa9f46b7.clean\include
  OBJECT_DIR = docs\examples\CMakeFiles\curl-example-all.dir
  OBJECT_FILE_DIR = docs\examples\CMakeFiles\curl-example-all.dir
  TARGET_COMPILE_PDB = docs\examples\CMakeFiles\curl-example-all.dir\
  TARGET_PDB = ""
  TARGET_SUPPORT_DIR = docs\examples\CMakeFiles\curl-example-all.dir

build docs\examples\CMakeFiles\curl-example-all.dir\ipv6.c.obj: C_COMPILER__curl-example-all_unscanned_Debug C$:\Users\19697\Documents\KeygenSDK\KeygenSDK\build-vs\vcpkg_installed\vcpkg\blds\curl\src\url-8_21_0-3ffa9f46b7.clean\docs\examples\ipv6.c || cmake_object_order_depends_target_curl-example-all
  CONFIG = Debug
  DEFINES = -DCURL_NO_OLDIES -DHAVE_CONFIG_H -DUNICODE -DWIN32_LEAN_AND_MEAN -D_UNICODE
  FLAGS = /nologo /DWIN32 /D_WINDOWS /utf-8 /MP  /MDd /Z7 /Ob0 /Od /RTC1  -MDd -W4 -Wall -wd4061 -wd4191 -wd4255 -wd4464 -wd4548 -wd4574 -wd4668 -wd4710 -wd4711 -wd4746 -wd4820 -wd5045 -MP
  INCLUDES = -IC:\Users\19697\Documents\KeygenSDK\KeygenSDK\build-vs\vcpkg_installed\vcpkg\blds\curl\src\url-8_21_0-3ffa9f46b7.clean\include
  OBJECT_DIR = docs\examples\CMakeFiles\curl-example-all.dir
  OBJECT_FILE_DIR = docs\examples\CMakeFiles\curl-example-all.dir
  TARGET_COMPILE_PDB = docs\examples\CMakeFiles\curl-example-all.dir\
  TARGET_PDB = ""
  TARGET_SUPPORT_DIR = docs\examples\CMakeFiles\curl-example-all.dir

build docs\examples\CMakeFiles\curl-example-all.dir\keepalive.c.obj: C_COMPILER__curl-example-all_unscanned_Debug C$:\Users\19697\Documents\KeygenSDK\KeygenSDK\build-vs\vcpkg_installed\vcpkg\blds\curl\src\url-8_21_0-3ffa9f46b7.clean\docs\examples\keepalive.c || cmake_object_order_depends_target_curl-example-all
  CONFIG = Debug
  DEFINES = -DCURL_NO_OLDIES -DHAVE_CONFIG_H -DUNICODE -DWIN32_LEAN_AND_MEAN -D_UNICODE
  FLAGS = /nologo /DWIN32 /D_WINDOWS /utf-8 /MP  /MDd /Z7 /Ob0 /Od /RTC1  -MDd -W4 -Wall -wd4061 -wd4191 -wd4255 -wd4464 -wd4548 -wd4574 -wd4668 -wd4710 -wd4711 -wd4746 -wd4820 -wd5045 -MP
  INCLUDES = -IC:\Users\19697\Documents\KeygenSDK\KeygenSDK\build-vs\vcpkg_installed\vcpkg\blds\curl\src\url-8_21_0-3ffa9f46b7.clean\include
  OBJECT_DIR = docs\examples\CMakeFiles\curl-example-all.dir
  OBJECT_FILE_DIR = docs\examples\CMakeFiles\curl-example-all.dir
  TARGET_COMPILE_PDB = docs\examples\CMakeFiles\curl-example-all.dir\
  TARGET_PDB = ""
  TARGET_SUPPORT_DIR = docs\examples\CMakeFiles\curl-example-all.dir

build docs\examples\CMakeFiles\curl-example-all.dir\localport.c.obj: C_COMPILER__curl-example-all_unscanned_Debug C$:\Users\19697\Documents\KeygenSDK\KeygenSDK\build-vs\vcpkg_installed\vcpkg\blds\curl\src\url-8_21_0-3ffa9f46b7.clean\docs\examples\localport.c || cmake_object_order_depends_target_curl-example-all
  CONFIG = Debug
  DEFINES = -DCURL_NO_OLDIES -DHAVE_CONFIG_H -DUNICODE -DWIN32_LEAN_AND_MEAN -D_UNICODE
  FLAGS = /nologo /DWIN32 /D_WINDOWS /utf-8 /MP  /MDd /Z7 /Ob0 /Od /RTC1  -MDd -W4 -Wall -wd4061 -wd4191 -wd4255 -wd4464 -wd4548 -wd4574 -wd4668 -wd4710 -wd4711 -wd4746 -wd4820 -wd5045 -MP
  INCLUDES = -IC:\Users\19697\Documents\KeygenSDK\KeygenSDK\build-vs\vcpkg_installed\vcpkg\blds\curl\src\url-8_21_0-3ffa9f46b7.clean\include
  OBJECT_DIR = docs\examples\CMakeFiles\curl-example-all.dir
  OBJECT_FILE_DIR = docs\examples\CMakeFiles\curl-example-all.dir
  TARGET_COMPILE_PDB = docs\examples\CMakeFiles\curl-example-all.dir\
  TARGET_PDB = ""
  TARGET_SUPPORT_DIR = docs\examples\CMakeFiles\curl-example-all.dir

build docs\examples\CMakeFiles\curl-example-all.dir\log_failed_transfers.c.obj: C_COMPILER__curl-example-all_unscanned_Debug C$:\Users\19697\Documents\KeygenSDK\KeygenSDK\build-vs\vcpkg_installed\vcpkg\blds\curl\src\url-8_21_0-3ffa9f46b7.clean\docs\examples\log_failed_transfers.c || cmake_object_order_depends_target_curl-example-all
  CONFIG = Debug
  DEFINES = -DCURL_NO_OLDIES -DHAVE_CONFIG_H -DUNICODE -DWIN32_LEAN_AND_MEAN -D_UNICODE
  FLAGS = /nologo /DWIN32 /D_WINDOWS /utf-8 /MP  /MDd /Z7 /Ob0 /Od /RTC1  -MDd -W4 -Wall -wd4061 -wd4191 -wd4255 -wd4464 -wd4548 -wd4574 -wd4668 -wd4710 -wd4711 -wd4746 -wd4820 -wd5045 -MP
  INCLUDES = -IC:\Users\19697\Documents\KeygenSDK\KeygenSDK\build-vs\vcpkg_installed\vcpkg\blds\curl\src\url-8_21_0-3ffa9f46b7.clean\include
  OBJECT_DIR = docs\examples\CMakeFiles\curl-example-all.dir
  OBJECT_FILE_DIR = docs\examples\CMakeFiles\curl-example-all.dir
  TARGET_COMPILE_PDB = docs\examples\CMakeFiles\curl-example-all.dir\
  TARGET_PDB = ""
  TARGET_SUPPORT_DIR = docs\examples\CMakeFiles\curl-example-all.dir

build docs\examples\CMakeFiles\curl-example-all.dir\maxconnects.c.obj: C_COMPILER__curl-example-all_unscanned_Debug C$:\Users\19697\Documents\KeygenSDK\KeygenSDK\build-vs\vcpkg_installed\vcpkg\blds\curl\src\url-8_21_0-3ffa9f46b7.clean\docs\examples\maxconnects.c || cmake_object_order_depends_target_curl-example-all
  CONFIG = Debug
  DEFINES = -DCURL_NO_OLDIES -DHAVE_CONFIG_H -DUNICODE -DWIN32_LEAN_AND_MEAN -D_UNICODE
  FLAGS = /nologo /DWIN32 /D_WINDOWS /utf-8 /MP  /MDd /Z7 /Ob0 /Od /RTC1  -MDd -W4 -Wall -wd4061 -wd4191 -wd4255 -wd4464 -wd4548 -wd4574 -wd4668 -wd4710 -wd4711 -wd4746 -wd4820 -wd5045 -MP
  INCLUDES = -IC:\Users\19697\Documents\KeygenSDK\KeygenSDK\build-vs\vcpkg_installed\vcpkg\blds\curl\src\url-8_21_0-3ffa9f46b7.clean\include
  OBJECT_DIR = docs\examples\CMakeFiles\curl-example-all.dir
  OBJECT_FILE_DIR = docs\examples\CMakeFiles\curl-example-all.dir
  TARGET_COMPILE_PDB = docs\examples\CMakeFiles\curl-example-all.dir\
  TARGET_PDB = ""
  TARGET_SUPPORT_DIR = docs\examples\CMakeFiles\curl-example-all.dir

build docs\examples\CMakeFiles\curl-example-all.dir\multi-app.c.obj: C_COMPILER__curl-example-all_unscanned_Debug C$:\Users\19697\Documents\KeygenSDK\KeygenSDK\build-vs\vcpkg_installed\vcpkg\blds\curl\src\url-8_21_0-3ffa9f46b7.clean\docs\examples\multi-app.c || cmake_object_order_depends_target_curl-example-all
  CONFIG = Debug
  DEFINES = -DCURL_NO_OLDIES -DHAVE_CONFIG_H -DUNICODE -DWIN32_LEAN_AND_MEAN -D_UNICODE
  FLAGS = /nologo /DWIN32 /D_WINDOWS /utf-8 /MP  /MDd /Z7 /Ob0 /Od /RTC1  -MDd -W4 -Wall -wd4061 -wd4191 -wd4255 -wd4464 -wd4548 -wd4574 -wd4668 -wd4710 -wd4711 -wd4746 -wd4820 -wd5045 -MP
  INCLUDES = -IC:\Users\19697\Documents\KeygenSDK\KeygenSDK\build-vs\vcpkg_installed\vcpkg\blds\curl\src\url-8_21_0-3ffa9f46b7.clean\include
  OBJECT_DIR = docs\examples\CMakeFiles\curl-example-all.dir
  OBJECT_FILE_DIR = docs\examples\CMakeFiles\curl-example-all.dir
  TARGET_COMPILE_PDB = docs\examples\CMakeFiles\curl-example-all.dir\
  TARGET_PDB = ""
  TARGET_SUPPORT_DIR = docs\examples\CMakeFiles\curl-example-all.dir

build docs\examples\CMakeFiles\curl-example-all.dir\multi-debugcallback.c.obj: C_COMPILER__curl-example-all_unscanned_Debug C$:\Users\19697\Documents\KeygenSDK\KeygenSDK\build-vs\vcpkg_installed\vcpkg\blds\curl\src\url-8_21_0-3ffa9f46b7.clean\docs\examples\multi-debugcallback.c || cmake_object_order_depends_target_curl-example-all
  CONFIG = Debug
  DEFINES = -DCURL_NO_OLDIES -DHAVE_CONFIG_H -DUNICODE -DWIN32_LEAN_AND_MEAN -D_UNICODE
  FLAGS = /nologo /DWIN32 /D_WINDOWS /utf-8 /MP  /MDd /Z7 /Ob0 /Od /RTC1  -MDd -W4 -Wall -wd4061 -wd4191 -wd4255 -wd4464 -wd4548 -wd4574 -wd4668 -wd4710 -wd4711 -wd4746 -wd4820 -wd5045 -MP
  INCLUDES = -IC:\Users\19697\Documents\KeygenSDK\KeygenSDK\build-vs\vcpkg_installed\vcpkg\blds\curl\src\url-8_21_0-3ffa9f46b7.clean\include
  OBJECT_DIR = docs\examples\CMakeFiles\curl-example-all.dir
  OBJECT_FILE_DIR = docs\examples\CMakeFiles\curl-example-all.dir
  TARGET_COMPILE_PDB = docs\examples\CMakeFiles\curl-example-all.dir\
  TARGET_PDB = ""
  TARGET_SUPPORT_DIR = docs\examples\CMakeFiles\curl-example-all.dir

build docs\examples\CMakeFiles\curl-example-all.dir\multi-double.c.obj: C_COMPILER__curl-example-all_unscanned_Debug C$:\Users\19697\Documents\KeygenSDK\KeygenSDK\build-vs\vcpkg_installed\vcpkg\blds\curl\src\url-8_21_0-3ffa9f46b7.clean\docs\examples\multi-double.c || cmake_object_order_depends_target_curl-example-all
  CONFIG = Debug
  DEFINES = -DCURL_NO_OLDIES -DHAVE_CONFIG_H -DUNICODE -DWIN32_LEAN_AND_MEAN -D_UNICODE
  FLAGS = /nologo /DWIN32 /D_WINDOWS /utf-8 /MP  /MDd /Z7 /Ob0 /Od /RTC1  -MDd -W4 -Wall -wd4061 -wd4191 -wd4255 -wd4464 -wd4548 -wd4574 -wd4668 -wd4710 -wd4711 -wd4746 -wd4820 -wd5045 -MP
  INCLUDES = -IC:\Users\19697\Documents\KeygenSDK\KeygenSDK\build-vs\vcpkg_installed\vcpkg\blds\curl\src\url-8_21_0-3ffa9f46b7.clean\include
  OBJECT_DIR = docs\examples\CMakeFiles\curl-example-all.dir
  OBJECT_FILE_DIR = docs\examples\CMakeFiles\curl-example-all.dir
  TARGET_COMPILE_PDB = docs\examples\CMakeFiles\curl-example-all.dir\
  TARGET_PDB = ""
  TARGET_SUPPORT_DIR = docs\examples\CMakeFiles\curl-example-all.dir

build docs\examples\CMakeFiles\curl-example-all.dir\multi-formadd.c.obj: C_COMPILER__curl-example-all_unscanned_Debug C$:\Users\19697\Documents\KeygenSDK\KeygenSDK\build-vs\vcpkg_installed\vcpkg\blds\curl\src\url-8_21_0-3ffa9f46b7.clean\docs\examples\multi-formadd.c || cmake_object_order_depends_target_curl-example-all
  CONFIG = Debug
  DEFINES = -DCURL_NO_OLDIES -DHAVE_CONFIG_H -DUNICODE -DWIN32_LEAN_AND_MEAN -D_UNICODE
  FLAGS = /nologo /DWIN32 /D_WINDOWS /utf-8 /MP  /MDd /Z7 /Ob0 /Od /RTC1  -MDd -W4 -Wall -wd4061 -wd4191 -wd4255 -wd4464 -wd4548 -wd4574 -wd4668 -wd4710 -wd4711 -wd4746 -wd4820 -wd5045 -MP
  INCLUDES = -IC:\Users\19697\Documents\KeygenSDK\KeygenSDK\build-vs\vcpkg_installed\vcpkg\blds\curl\src\url-8_21_0-3ffa9f46b7.clean\include
  OBJECT_DIR = docs\examples\CMakeFiles\curl-example-all.dir
  OBJECT_FILE_DIR = docs\examples\CMakeFiles\curl-example-all.dir
  TARGET_COMPILE_PDB = docs\examples\CMakeFiles\curl-example-all.dir\
  TARGET_PDB = ""
  TARGET_SUPPORT_DIR = docs\examples\CMakeFiles\curl-example-all.dir

build docs\examples\CMakeFiles\curl-example-all.dir\multi-legacy.c.obj: C_COMPILER__curl-example-all_unscanned_Debug C$:\Users\19697\Documents\KeygenSDK\KeygenSDK\build-vs\vcpkg_installed\vcpkg\blds\curl\src\url-8_21_0-3ffa9f46b7.clean\docs\examples\multi-legacy.c || cmake_object_order_depends_target_curl-example-all
  CONFIG = Debug
  DEFINES = -DCURL_NO_OLDIES -DHAVE_CONFIG_H -DUNICODE -DWIN32_LEAN_AND_MEAN -D_UNICODE
  FLAGS = /nologo /DWIN32 /D_WINDOWS /utf-8 /MP  /MDd /Z7 /Ob0 /Od /RTC1  -MDd -W4 -Wall -wd4061 -wd4191 -wd4255 -wd4464 -wd4548 -wd4574 -wd4668 -wd4710 -wd4711 -wd4746 -wd4820 -wd5045 -MP
  INCLUDES = -IC:\Users\19697\Documents\KeygenSDK\KeygenSDK\build-vs\vcpkg_installed\vcpkg\blds\curl\src\url-8_21_0-3ffa9f46b7.clean\include
  OBJECT_DIR = docs\examples\CMakeFiles\curl-example-all.dir
  OBJECT_FILE_DIR = docs\examples\CMakeFiles\curl-example-all.dir
  TARGET_COMPILE_PDB = docs\examples\CMakeFiles\curl-example-all.dir\
  TARGET_PDB = ""
  TARGET_SUPPORT_DIR = docs\examples\CMakeFiles\curl-example-all.dir

build docs\examples\CMakeFiles\curl-example-all.dir\multi-post.c.obj: C_COMPILER__curl-example-all_unscanned_Debug C$:\Users\19697\Documents\KeygenSDK\KeygenSDK\build-vs\vcpkg_installed\vcpkg\blds\curl\src\url-8_21_0-3ffa9f46b7.clean\docs\examples\multi-post.c || cmake_object_order_depends_target_curl-example-all
  CONFIG = Debug
  DEFINES = -DCURL_NO_OLDIES -DHAVE_CONFIG_H -DUNICODE -DWIN32_LEAN_AND_MEAN -D_UNICODE
  FLAGS = /nologo /DWIN32 /D_WINDOWS /utf-8 /MP  /MDd /Z7 /Ob0 /Od /RTC1  -MDd -W4 -Wall -wd4061 -wd4191 -wd4255 -wd4464 -wd4548 -wd4574 -wd4668 -wd4710 -wd4711 -wd4746 -wd4820 -wd5045 -MP
  INCLUDES = -IC:\Users\19697\Documents\KeygenSDK\KeygenSDK\build-vs\vcpkg_installed\vcpkg\blds\curl\src\url-8_21_0-3ffa9f46b7.clean\include
  OBJECT_DIR = docs\examples\CMakeFiles\curl-example-all.dir
  OBJECT_FILE_DIR = docs\examples\CMakeFiles\curl-example-all.dir
  TARGET_COMPILE_PDB = docs\examples\CMakeFiles\curl-example-all.dir\
  TARGET_PDB = ""
  TARGET_SUPPORT_DIR = docs\examples\CMakeFiles\curl-example-all.dir

build docs\examples\CMakeFiles\curl-example-all.dir\multi-single.c.obj: C_COMPILER__curl-example-all_unscanned_Debug C$:\Users\19697\Documents\KeygenSDK\KeygenSDK\build-vs\vcpkg_installed\vcpkg\blds\curl\src\url-8_21_0-3ffa9f46b7.clean\docs\examples\multi-single.c || cmake_object_order_depends_target_curl-example-all
  CONFIG = Debug
  DEFINES = -DCURL_NO_OLDIES -DHAVE_CONFIG_H -DUNICODE -DWIN32_LEAN_AND_MEAN -D_UNICODE
  FLAGS = /nologo /DWIN32 /D_WINDOWS /utf-8 /MP  /MDd /Z7 /Ob0 /Od /RTC1  -MDd -W4 -Wall -wd4061 -wd4191 -wd4255 -wd4464 -wd4548 -wd4574 -wd4668 -wd4710 -wd4711 -wd4746 -wd4820 -wd5045 -MP
  INCLUDES = -IC:\Users\19697\Documents\KeygenSDK\KeygenSDK\build-vs\vcpkg_installed\vcpkg\blds\curl\src\url-8_21_0-3ffa9f46b7.clean\include
  OBJECT_DIR = docs\examples\CMakeFiles\curl-example-all.dir
  OBJECT_FILE_DIR = docs\examples\CMakeFiles\curl-example-all.dir
  TARGET_COMPILE_PDB = docs\examples\CMakeFiles\curl-example-all.dir\
  TARGET_PDB = ""
  TARGET_SUPPORT_DIR = docs\examples\CMakeFiles\curl-example-all.dir

build docs\examples\CMakeFiles\curl-example-all.dir\netrc.c.obj: C_COMPILER__curl-example-all_unscanned_Debug C$:\Users\19697\Documents\KeygenSDK\KeygenSDK\build-vs\vcpkg_installed\vcpkg\blds\curl\src\url-8_21_0-3ffa9f46b7.clean\docs\examples\netrc.c || cmake_object_order_depends_target_curl-example-all
  CONFIG = Debug
  DEFINES = -DCURL_NO_OLDIES -DHAVE_CONFIG_H -DUNICODE -DWIN32_LEAN_AND_MEAN -D_UNICODE
  FLAGS = /nologo /DWIN32 /D_WINDOWS /utf-8 /MP  /MDd /Z7 /Ob0 /Od /RTC1  -MDd -W4 -Wall -wd4061 -wd4191 -wd4255 -wd4464 -wd4548 -wd4574 -wd4668 -wd4710 -wd4711 -wd4746 -wd4820 -wd5045 -MP
  INCLUDES = -IC:\Users\19697\Documents\KeygenSDK\KeygenSDK\build-vs\vcpkg_installed\vcpkg\blds\curl\src\url-8_21_0-3ffa9f46b7.clean\include
  OBJECT_DIR = docs\examples\CMakeFiles\curl-example-all.dir
  OBJECT_FILE_DIR = docs\examples\CMakeFiles\curl-example-all.dir
  TARGET_COMPILE_PDB = docs\examples\CMakeFiles\curl-example-all.dir\
  TARGET_PDB = ""
  TARGET_SUPPORT_DIR = docs\examples\CMakeFiles\curl-example-all.dir

build docs\examples\CMakeFiles\curl-example-all.dir\parseurl.c.obj: C_COMPILER__curl-example-all_unscanned_Debug C$:\Users\19697\Documents\KeygenSDK\KeygenSDK\build-vs\vcpkg_installed\vcpkg\blds\curl\src\url-8_21_0-3ffa9f46b7.clean\docs\examples\parseurl.c || cmake_object_order_depends_target_curl-example-all
  CONFIG = Debug
  DEFINES = -DCURL_NO_OLDIES -DHAVE_CONFIG_H -DUNICODE -DWIN32_LEAN_AND_MEAN -D_UNICODE
  FLAGS = /nologo /DWIN32 /D_WINDOWS /utf-8 /MP  /MDd /Z7 /Ob0 /Od /RTC1  -MDd -W4 -Wall -wd4061 -wd4191 -wd4255 -wd4464 -wd4548 -wd4574 -wd4668 -wd4710 -wd4711 -wd4746 -wd4820 -wd5045 -MP
  INCLUDES = -IC:\Users\19697\Documents\KeygenSDK\KeygenSDK\build-vs\vcpkg_installed\vcpkg\blds\curl\src\url-8_21_0-3ffa9f46b7.clean\include
  OBJECT_DIR = docs\examples\CMakeFiles\curl-example-all.dir
  OBJECT_FILE_DIR = docs\examples\CMakeFiles\curl-example-all.dir
  TARGET_COMPILE_PDB = docs\examples\CMakeFiles\curl-example-all.dir\
  TARGET_PDB = ""
  TARGET_SUPPORT_DIR = docs\examples\CMakeFiles\curl-example-all.dir

build docs\examples\CMakeFiles\curl-example-all.dir\persistent.c.obj: C_COMPILER__curl-example-all_unscanned_Debug C$:\Users\19697\Documents\KeygenSDK\KeygenSDK\build-vs\vcpkg_installed\vcpkg\blds\curl\src\url-8_21_0-3ffa9f46b7.clean\docs\examples\persistent.c || cmake_object_order_depends_target_curl-example-all
  CONFIG = Debug
  DEFINES = -DCURL_NO_OLDIES -DHAVE_CONFIG_H -DUNICODE -DWIN32_LEAN_AND_MEAN -D_UNICODE
  FLAGS = /nologo /DWIN32 /D_WINDOWS /utf-8 /MP  /MDd /Z7 /Ob0 /Od /RTC1  -MDd -W4 -Wall -wd4061 -wd4191 -wd4255 -wd4464 -wd4548 -wd4574 -wd4668 -wd4710 -wd4711 -wd4746 -wd4820 -wd5045 -MP
  INCLUDES = -IC:\Users\19697\Documents\KeygenSDK\KeygenSDK\build-vs\vcpkg_installed\vcpkg\blds\curl\src\url-8_21_0-3ffa9f46b7.clean\include
  OBJECT_DIR = docs\examples\CMakeFiles\curl-example-all.dir
  OBJECT_FILE_DIR = docs\examples\CMakeFiles\curl-example-all.dir
  TARGET_COMPILE_PDB = docs\examples\CMakeFiles\curl-example-all.dir\
  TARGET_PDB = ""
  TARGET_SUPPORT_DIR = docs\examples\CMakeFiles\curl-example-all.dir

build docs\examples\CMakeFiles\curl-example-all.dir\pop3-authzid.c.obj: C_COMPILER__curl-example-all_unscanned_Debug C$:\Users\19697\Documents\KeygenSDK\KeygenSDK\build-vs\vcpkg_installed\vcpkg\blds\curl\src\url-8_21_0-3ffa9f46b7.clean\docs\examples\pop3-authzid.c || cmake_object_order_depends_target_curl-example-all
  CONFIG = Debug
  DEFINES = -DCURL_NO_OLDIES -DHAVE_CONFIG_H -DUNICODE -DWIN32_LEAN_AND_MEAN -D_UNICODE
  FLAGS = /nologo /DWIN32 /D_WINDOWS /utf-8 /MP  /MDd /Z7 /Ob0 /Od /RTC1  -MDd -W4 -Wall -wd4061 -wd4191 -wd4255 -wd4464 -wd4548 -wd4574 -wd4668 -wd4710 -wd4711 -wd4746 -wd4820 -wd5045 -MP
  INCLUDES = -IC:\Users\19697\Documents\KeygenSDK\KeygenSDK\build-vs\vcpkg_installed\vcpkg\blds\curl\src\url-8_21_0-3ffa9f46b7.clean\include
  OBJECT_DIR = docs\examples\CMakeFiles\curl-example-all.dir
  OBJECT_FILE_DIR = docs\examples\CMakeFiles\curl-example-all.dir
  TARGET_COMPILE_PDB = docs\examples\CMakeFiles\curl-example-all.dir\
  TARGET_PDB = ""
  TARGET_SUPPORT_DIR = docs\examples\CMakeFiles\curl-example-all.dir

build docs\examples\CMakeFiles\curl-example-all.dir\pop3-dele.c.obj: C_COMPILER__curl-example-all_unscanned_Debug C$:\Users\19697\Documents\KeygenSDK\KeygenSDK\build-vs\vcpkg_installed\vcpkg\blds\curl\src\url-8_21_0-3ffa9f46b7.clean\docs\examples\pop3-dele.c || cmake_object_order_depends_target_curl-example-all
  CONFIG = Debug
  DEFINES = -DCURL_NO_OLDIES -DHAVE_CONFIG_H -DUNICODE -DWIN32_LEAN_AND_MEAN -D_UNICODE
  FLAGS = /nologo /DWIN32 /D_WINDOWS /utf-8 /MP  /MDd /Z7 /Ob0 /Od /RTC1  -MDd -W4 -Wall -wd4061 -wd4191 -wd4255 -wd4464 -wd4548 -wd4574 -wd4668 -wd4710 -wd4711 -wd4746 -wd4820 -wd5045 -MP
  INCLUDES = -IC:\Users\19697\Documents\KeygenSDK\KeygenSDK\build-vs\vcpkg_installed\vcpkg\blds\curl\src\url-8_21_0-3ffa9f46b7.clean\include
  OBJECT_DIR = docs\examples\CMakeFiles\curl-example-all.dir
  OBJECT_FILE_DIR = docs\examples\CMakeFiles\curl-example-all.dir
  TARGET_COMPILE_PDB = docs\examples\CMakeFiles\curl-example-all.dir\
  TARGET_PDB = ""
  TARGET_SUPPORT_DIR = docs\examples\CMakeFiles\curl-example-all.dir

build docs\examples\CMakeFiles\curl-example-all.dir\pop3-list.c.obj: C_COMPILER__curl-example-all_unscanned_Debug C$:\Users\19697\Documents\KeygenSDK\KeygenSDK\build-vs\vcpkg_installed\vcpkg\blds\curl\src\url-8_21_0-3ffa9f46b7.clean\docs\examples\pop3-list.c || cmake_object_order_depends_target_curl-example-all
  CONFIG = Debug
  DEFINES = -DCURL_NO_OLDIES -DHAVE_CONFIG_H -DUNICODE -DWIN32_LEAN_AND_MEAN -D_UNICODE
  FLAGS = /nologo /DWIN32 /D_WINDOWS /utf-8 /MP  /MDd /Z7 /Ob0 /Od /RTC1  -MDd -W4 -Wall -wd4061 -wd4191 -wd4255 -wd4464 -wd4548 -wd4574 -wd4668 -wd4710 -wd4711 -wd4746 -wd4820 -wd5045 -MP
  INCLUDES = -IC:\Users\19697\Documents\KeygenSDK\KeygenSDK\build-vs\vcpkg_installed\vcpkg\blds\curl\src\url-8_21_0-3ffa9f46b7.clean\include
  OBJECT_DIR = docs\examples\CMakeFiles\curl-example-all.dir
  OBJECT_FILE_DIR = docs\examples\CMakeFiles\curl-example-all.dir
  TARGET_COMPILE_PDB = docs\examples\CMakeFiles\curl-example-all.dir\
  TARGET_PDB = ""
  TARGET_SUPPORT_DIR = docs\examples\CMakeFiles\curl-example-all.dir

build docs\examples\CMakeFiles\curl-example-all.dir\pop3-multi.c.obj: C_COMPILER__curl-example-all_unscanned_Debug C$:\Users\19697\Documents\KeygenSDK\KeygenSDK\build-vs\vcpkg_installed\vcpkg\blds\curl\src\url-8_21_0-3ffa9f46b7.clean\docs\examples\pop3-multi.c || cmake_object_order_depends_target_curl-example-all
  CONFIG = Debug
  DEFINES = -DCURL_NO_OLDIES -DHAVE_CONFIG_H -DUNICODE -DWIN32_LEAN_AND_MEAN -D_UNICODE
  FLAGS = /nologo /DWIN32 /D_WINDOWS /utf-8 /MP  /MDd /Z7 /Ob0 /Od /RTC1  -MDd -W4 -Wall -wd4061 -wd4191 -wd4255 -wd4464 -wd4548 -wd4574 -wd4668 -wd4710 -wd4711 -wd4746 -wd4820 -wd5045 -MP
  INCLUDES = -IC:\Users\19697\Documents\KeygenSDK\KeygenSDK\build-vs\vcpkg_installed\vcpkg\blds\curl\src\url-8_21_0-3ffa9f46b7.clean\include
  OBJECT_DIR = docs\examples\CMakeFiles\curl-example-all.dir
  OBJECT_FILE_DIR = docs\examples\CMakeFiles\curl-example-all.dir
  TARGET_COMPILE_PDB = docs\examples\CMakeFiles\curl-example-all.dir\
  TARGET_PDB = ""
  TARGET_SUPPORT_DIR = docs\examples\CMakeFiles\curl-example-all.dir

build docs\examples\CMakeFiles\curl-example-all.dir\pop3-noop.c.obj: C_COMPILER__curl-example-all_unscanned_Debug C$:\Users\19697\Documents\KeygenSDK\KeygenSDK\build-vs\vcpkg_installed\vcpkg\blds\curl\src\url-8_21_0-3ffa9f46b7.clean\docs\examples\pop3-noop.c || cmake_object_order_depends_target_curl-example-all
  CONFIG = Debug
  DEFINES = -DCURL_NO_OLDIES -DHAVE_CONFIG_H -DUNICODE -DWIN32_LEAN_AND_MEAN -D_UNICODE
  FLAGS = /nologo /DWIN32 /D_WINDOWS /utf-8 /MP  /MDd /Z7 /Ob0 /Od /RTC1  -MDd -W4 -Wall -wd4061 -wd4191 -wd4255 -wd4464 -wd4548 -wd4574 -wd4668 -wd4710 -wd4711 -wd4746 -wd4820 -wd5045 -MP
  INCLUDES = -IC:\Users\19697\Documents\KeygenSDK\KeygenSDK\build-vs\vcpkg_installed\vcpkg\blds\curl\src\url-8_21_0-3ffa9f46b7.clean\include
  OBJECT_DIR = docs\examples\CMakeFiles\curl-example-all.dir
  OBJECT_FILE_DIR = docs\examples\CMakeFiles\curl-example-all.dir
  TARGET_COMPILE_PDB = docs\examples\CMakeFiles\curl-example-all.dir\
  TARGET_PDB = ""
  TARGET_SUPPORT_DIR = docs\examples\CMakeFiles\curl-example-all.dir

build docs\examples\CMakeFiles\curl-example-all.dir\pop3-retr.c.obj: C_COMPILER__curl-example-all_unscanned_Debug C$:\Users\19697\Documents\KeygenSDK\KeygenSDK\build-vs\vcpkg_installed\vcpkg\blds\curl\src\url-8_21_0-3ffa9f46b7.clean\docs\examples\pop3-retr.c || cmake_object_order_depends_target_curl-example-all
  CONFIG = Debug
  DEFINES = -DCURL_NO_OLDIES -DHAVE_CONFIG_H -DUNICODE -DWIN32_LEAN_AND_MEAN -D_UNICODE
  FLAGS = /nologo /DWIN32 /D_WINDOWS /utf-8 /MP  /MDd /Z7 /Ob0 /Od /RTC1  -MDd -W4 -Wall -wd4061 -wd4191 -wd4255 -wd4464 -wd4548 -wd4574 -wd4668 -wd4710 -wd4711 -wd4746 -wd4820 -wd5045 -MP
  INCLUDES = -IC:\Users\19697\Documents\KeygenSDK\KeygenSDK\build-vs\vcpkg_installed\vcpkg\blds\curl\src\url-8_21_0-3ffa9f46b7.clean\include
  OBJECT_DIR = docs\examples\CMakeFiles\curl-example-all.dir
  OBJECT_FILE_DIR = docs\examples\CMakeFiles\curl-example-all.dir
  TARGET_COMPILE_PDB = docs\examples\CMakeFiles\curl-example-all.dir\
  TARGET_PDB = ""
  TARGET_SUPPORT_DIR = docs\examples\CMakeFiles\curl-example-all.dir

build docs\examples\CMakeFiles\curl-example-all.dir\pop3-ssl.c.obj: C_COMPILER__curl-example-all_unscanned_Debug C$:\Users\19697\Documents\KeygenSDK\KeygenSDK\build-vs\vcpkg_installed\vcpkg\blds\curl\src\url-8_21_0-3ffa9f46b7.clean\docs\examples\pop3-ssl.c || cmake_object_order_depends_target_curl-example-all
  CONFIG = Debug
  DEFINES = -DCURL_NO_OLDIES -DHAVE_CONFIG_H -DUNICODE -DWIN32_LEAN_AND_MEAN -D_UNICODE
  FLAGS = /nologo /DWIN32 /D_WINDOWS /utf-8 /MP  /MDd /Z7 /Ob0 /Od /RTC1  -MDd -W4 -Wall -wd4061 -wd4191 -wd4255 -wd4464 -wd4548 -wd4574 -wd4668 -wd4710 -wd4711 -wd4746 -wd4820 -wd5045 -MP
  INCLUDES = -IC:\Users\19697\Documents\KeygenSDK\KeygenSDK\build-vs\vcpkg_installed\vcpkg\blds\curl\src\url-8_21_0-3ffa9f46b7.clean\include
  OBJECT_DIR = docs\examples\CMakeFiles\curl-example-all.dir
  OBJECT_FILE_DIR = docs\examples\CMakeFiles\curl-example-all.dir
  TARGET_COMPILE_PDB = docs\examples\CMakeFiles\curl-example-all.dir\
  TARGET_PDB = ""
  TARGET_SUPPORT_DIR = docs\examples\CMakeFiles\curl-example-all.dir

build docs\examples\CMakeFiles\curl-example-all.dir\pop3-stat.c.obj: C_COMPILER__curl-example-all_unscanned_Debug C$:\Users\19697\Documents\KeygenSDK\KeygenSDK\build-vs\vcpkg_installed\vcpkg\blds\curl\src\url-8_21_0-3ffa9f46b7.clean\docs\examples\pop3-stat.c || cmake_object_order_depends_target_curl-example-all
  CONFIG = Debug
  DEFINES = -DCURL_NO_OLDIES -DHAVE_CONFIG_H -DUNICODE -DWIN32_LEAN_AND_MEAN -D_UNICODE
  FLAGS = /nologo /DWIN32 /D_WINDOWS /utf-8 /MP  /MDd /Z7 /Ob0 /Od /RTC1  -MDd -W4 -Wall -wd4061 -wd4191 -wd4255 -wd4464 -wd4548 -wd4574 -wd4668 -wd4710 -wd4711 -wd4746 -wd4820 -wd5045 -MP
  INCLUDES = -IC:\Users\19697\Documents\KeygenSDK\KeygenSDK\build-vs\vcpkg_installed\vcpkg\blds\curl\src\url-8_21_0-3ffa9f46b7.clean\include
  OBJECT_DIR = docs\examples\CMakeFiles\curl-example-all.dir
  OBJECT_FILE_DIR = docs\examples\CMakeFiles\curl-example-all.dir
  TARGET_COMPILE_PDB = docs\examples\CMakeFiles\curl-example-all.dir\
  TARGET_PDB = ""
  TARGET_SUPPORT_DIR = docs\examples\CMakeFiles\curl-example-all.dir

build docs\examples\CMakeFiles\curl-example-all.dir\pop3-tls.c.obj: C_COMPILER__curl-example-all_unscanned_Debug C$:\Users\19697\Documents\KeygenSDK\KeygenSDK\build-vs\vcpkg_installed\vcpkg\blds\curl\src\url-8_21_0-3ffa9f46b7.clean\docs\examples\pop3-tls.c || cmake_object_order_depends_target_curl-example-all
  CONFIG = Debug
  DEFINES = -DCURL_NO_OLDIES -DHAVE_CONFIG_H -DUNICODE -DWIN32_LEAN_AND_MEAN -D_UNICODE
  FLAGS = /nologo /DWIN32 /D_WINDOWS /utf-8 /MP  /MDd /Z7 /Ob0 /Od /RTC1  -MDd -W4 -Wall -wd4061 -wd4191 -wd4255 -wd4464 -wd4548 -wd4574 -wd4668 -wd4710 -wd4711 -wd4746 -wd4820 -wd5045 -MP
  INCLUDES = -IC:\Users\19697\Documents\KeygenSDK\KeygenSDK\build-vs\vcpkg_installed\vcpkg\blds\curl\src\url-8_21_0-3ffa9f46b7.clean\include
  OBJECT_DIR = docs\examples\CMakeFiles\curl-example-all.dir
  OBJECT_FILE_DIR = docs\examples\CMakeFiles\curl-example-all.dir
  TARGET_COMPILE_PDB = docs\examples\CMakeFiles\curl-example-all.dir\
  TARGET_PDB = ""
  TARGET_SUPPORT_DIR = docs\examples\CMakeFiles\curl-example-all.dir

build docs\examples\CMakeFiles\curl-example-all.dir\pop3-top.c.obj: C_COMPILER__curl-example-all_unscanned_Debug C$:\Users\19697\Documents\KeygenSDK\KeygenSDK\build-vs\vcpkg_installed\vcpkg\blds\curl\src\url-8_21_0-3ffa9f46b7.clean\docs\examples\pop3-top.c || cmake_object_order_depends_target_curl-example-all
  CONFIG = Debug
  DEFINES = -DCURL_NO_OLDIES -DHAVE_CONFIG_H -DUNICODE -DWIN32_LEAN_AND_MEAN -D_UNICODE
  FLAGS = /nologo /DWIN32 /D_WINDOWS /utf-8 /MP  /MDd /Z7 /Ob0 /Od /RTC1  -MDd -W4 -Wall -wd4061 -wd4191 -wd4255 -wd4464 -wd4548 -wd4574 -wd4668 -wd4710 -wd4711 -wd4746 -wd4820 -wd5045 -MP
  INCLUDES = -IC:\Users\19697\Documents\KeygenSDK\KeygenSDK\build-vs\vcpkg_installed\vcpkg\blds\curl\src\url-8_21_0-3ffa9f46b7.clean\include
  OBJECT_DIR = docs\examples\CMakeFiles\curl-example-all.dir
  OBJECT_FILE_DIR = docs\examples\CMakeFiles\curl-example-all.dir
  TARGET_COMPILE_PDB = docs\examples\CMakeFiles\curl-example-all.dir\
  TARGET_PDB = ""
  TARGET_SUPPORT_DIR = docs\examples\CMakeFiles\curl-example-all.dir

build docs\examples\CMakeFiles\curl-example-all.dir\pop3-uidl.c.obj: C_COMPILER__curl-example-all_unscanned_Debug C$:\Users\19697\Documents\KeygenSDK\KeygenSDK\build-vs\vcpkg_installed\vcpkg\blds\curl\src\url-8_21_0-3ffa9f46b7.clean\docs\examples\pop3-uidl.c || cmake_object_order_depends_target_curl-example-all
  CONFIG = Debug
  DEFINES = -DCURL_NO_OLDIES -DHAVE_CONFIG_H -DUNICODE -DWIN32_LEAN_AND_MEAN -D_UNICODE
  FLAGS = /nologo /DWIN32 /D_WINDOWS /utf-8 /MP  /MDd /Z7 /Ob0 /Od /RTC1  -MDd -W4 -Wall -wd4061 -wd4191 -wd4255 -wd4464 -wd4548 -wd4574 -wd4668 -wd4710 -wd4711 -wd4746 -wd4820 -wd5045 -MP
  INCLUDES = -IC:\Users\19697\Documents\KeygenSDK\KeygenSDK\build-vs\vcpkg_installed\vcpkg\blds\curl\src\url-8_21_0-3ffa9f46b7.clean\include
  OBJECT_DIR = docs\examples\CMakeFiles\curl-example-all.dir
  OBJECT_FILE_DIR = docs\examples\CMakeFiles\curl-example-all.dir
  TARGET_COMPILE_PDB = docs\examples\CMakeFiles\curl-example-all.dir\
  TARGET_PDB = ""
  TARGET_SUPPORT_DIR = docs\examples\CMakeFiles\curl-example-all.dir

build docs\examples\CMakeFiles\curl-example-all.dir\post-callback.c.obj: C_COMPILER__curl-example-all_unscanned_Debug C$:\Users\19697\Documents\KeygenSDK\KeygenSDK\build-vs\vcpkg_installed\vcpkg\blds\curl\src\url-8_21_0-3ffa9f46b7.clean\docs\examples\post-callback.c || cmake_object_order_depends_target_curl-example-all
  CONFIG = Debug
  DEFINES = -DCURL_NO_OLDIES -DHAVE_CONFIG_H -DUNICODE -DWIN32_LEAN_AND_MEAN -D_UNICODE
  FLAGS = /nologo /DWIN32 /D_WINDOWS /utf-8 /MP  /MDd /Z7 /Ob0 /Od /RTC1  -MDd -W4 -Wall -wd4061 -wd4191 -wd4255 -wd4464 -wd4548 -wd4574 -wd4668 -wd4710 -wd4711 -wd4746 -wd4820 -wd5045 -MP
  INCLUDES = -IC:\Users\19697\Documents\KeygenSDK\KeygenSDK\build-vs\vcpkg_installed\vcpkg\blds\curl\src\url-8_21_0-3ffa9f46b7.clean\include
  OBJECT_DIR = docs\examples\CMakeFiles\curl-example-all.dir
  OBJECT_FILE_DIR = docs\examples\CMakeFiles\curl-example-all.dir
  TARGET_COMPILE_PDB = docs\examples\CMakeFiles\curl-example-all.dir\
  TARGET_PDB = ""
  TARGET_SUPPORT_DIR = docs\examples\CMakeFiles\curl-example-all.dir

build docs\examples\CMakeFiles\curl-example-all.dir\postinmemory.c.obj: C_COMPILER__curl-example-all_unscanned_Debug C$:\Users\19697\Documents\KeygenSDK\KeygenSDK\build-vs\vcpkg_installed\vcpkg\blds\curl\src\url-8_21_0-3ffa9f46b7.clean\docs\examples\postinmemory.c || cmake_object_order_depends_target_curl-example-all
  CONFIG = Debug
  DEFINES = -DCURL_NO_OLDIES -DHAVE_CONFIG_H -DUNICODE -DWIN32_LEAN_AND_MEAN -D_UNICODE
  FLAGS = /nologo /DWIN32 /D_WINDOWS /utf-8 /MP  /MDd /Z7 /Ob0 /Od /RTC1  -MDd -W4 -Wall -wd4061 -wd4191 -wd4255 -wd4464 -wd4548 -wd4574 -wd4668 -wd4710 -wd4711 -wd4746 -wd4820 -wd5045 -MP
  INCLUDES = -IC:\Users\19697\Documents\KeygenSDK\KeygenSDK\build-vs\vcpkg_installed\vcpkg\blds\curl\src\url-8_21_0-3ffa9f46b7.clean\include
  OBJECT_DIR = docs\examples\CMakeFiles\curl-example-all.dir
  OBJECT_FILE_DIR = docs\examples\CMakeFiles\curl-example-all.dir
  TARGET_COMPILE_PDB = docs\examples\CMakeFiles\curl-example-all.dir\
  TARGET_PDB = ""
  TARGET_SUPPORT_DIR = docs\examples\CMakeFiles\curl-example-all.dir

build docs\examples\CMakeFiles\curl-example-all.dir\postit2.c.obj: C_COMPILER__curl-example-all_unscanned_Debug C$:\Users\19697\Documents\KeygenSDK\KeygenSDK\build-vs\vcpkg_installed\vcpkg\blds\curl\src\url-8_21_0-3ffa9f46b7.clean\docs\examples\postit2.c || cmake_object_order_depends_target_curl-example-all
  CONFIG = Debug
  DEFINES = -DCURL_NO_OLDIES -DHAVE_CONFIG_H -DUNICODE -DWIN32_LEAN_AND_MEAN -D_UNICODE
  FLAGS = /nologo /DWIN32 /D_WINDOWS /utf-8 /MP  /MDd /Z7 /Ob0 /Od /RTC1  -MDd -W4 -Wall -wd4061 -wd4191 -wd4255 -wd4464 -wd4548 -wd4574 -wd4668 -wd4710 -wd4711 -wd4746 -wd4820 -wd5045 -MP
  INCLUDES = -IC:\Users\19697\Documents\KeygenSDK\KeygenSDK\build-vs\vcpkg_installed\vcpkg\blds\curl\src\url-8_21_0-3ffa9f46b7.clean\include
  OBJECT_DIR = docs\examples\CMakeFiles\curl-example-all.dir
  OBJECT_FILE_DIR = docs\examples\CMakeFiles\curl-example-all.dir
  TARGET_COMPILE_PDB = docs\examples\CMakeFiles\curl-example-all.dir\
  TARGET_PDB = ""
  TARGET_SUPPORT_DIR = docs\examples\CMakeFiles\curl-example-all.dir

build docs\examples\CMakeFiles\curl-example-all.dir\postit2-formadd.c.obj: C_COMPILER__curl-example-all_unscanned_Debug C$:\Users\19697\Documents\KeygenSDK\KeygenSDK\build-vs\vcpkg_installed\vcpkg\blds\curl\src\url-8_21_0-3ffa9f46b7.clean\docs\examples\postit2-formadd.c || cmake_object_order_depends_target_curl-example-all
  CONFIG = Debug
  DEFINES = -DCURL_NO_OLDIES -DHAVE_CONFIG_H -DUNICODE -DWIN32_LEAN_AND_MEAN -D_UNICODE
  FLAGS = /nologo /DWIN32 /D_WINDOWS /utf-8 /MP  /MDd /Z7 /Ob0 /Od /RTC1  -MDd -W4 -Wall -wd4061 -wd4191 -wd4255 -wd4464 -wd4548 -wd4574 -wd4668 -wd4710 -wd4711 -wd4746 -wd4820 -wd5045 -MP
  INCLUDES = -IC:\Users\19697\Documents\KeygenSDK\KeygenSDK\build-vs\vcpkg_installed\vcpkg\blds\curl\src\url-8_21_0-3ffa9f46b7.clean\include
  OBJECT_DIR = docs\examples\CMakeFiles\curl-example-all.dir
  OBJECT_FILE_DIR = docs\examples\CMakeFiles\curl-example-all.dir
  TARGET_COMPILE_PDB = docs\examples\CMakeFiles\curl-example-all.dir\
  TARGET_PDB = ""
  TARGET_SUPPORT_DIR = docs\examples\CMakeFiles\curl-example-all.dir

build docs\examples\CMakeFiles\curl-example-all.dir\progressfunc.c.obj: C_COMPILER__curl-example-all_unscanned_Debug C$:\Users\19697\Documents\KeygenSDK\KeygenSDK\build-vs\vcpkg_installed\vcpkg\blds\curl\src\url-8_21_0-3ffa9f46b7.clean\docs\examples\progressfunc.c || cmake_object_order_depends_target_curl-example-all
  CONFIG = Debug
  DEFINES = -DCURL_NO_OLDIES -DHAVE_CONFIG_H -DUNICODE -DWIN32_LEAN_AND_MEAN -D_UNICODE
  FLAGS = /nologo /DWIN32 /D_WINDOWS /utf-8 /MP  /MDd /Z7 /Ob0 /Od /RTC1  -MDd -W4 -Wall -wd4061 -wd4191 -wd4255 -wd4464 -wd4548 -wd4574 -wd4668 -wd4710 -wd4711 -wd4746 -wd4820 -wd5045 -MP
  INCLUDES = -IC:\Users\19697\Documents\KeygenSDK\KeygenSDK\build-vs\vcpkg_installed\vcpkg\blds\curl\src\url-8_21_0-3ffa9f46b7.clean\include
  OBJECT_DIR = docs\examples\CMakeFiles\curl-example-all.dir
  OBJECT_FILE_DIR = docs\examples\CMakeFiles\curl-example-all.dir
  TARGET_COMPILE_PDB = docs\examples\CMakeFiles\curl-example-all.dir\
  TARGET_PDB = ""
  TARGET_SUPPORT_DIR = docs\examples\CMakeFiles\curl-example-all.dir

build docs\examples\CMakeFiles\curl-example-all.dir\protofeats.c.obj: C_COMPILER__curl-example-all_unscanned_Debug C$:\Users\19697\Documents\KeygenSDK\KeygenSDK\build-vs\vcpkg_installed\vcpkg\blds\curl\src\url-8_21_0-3ffa9f46b7.clean\docs\examples\protofeats.c || cmake_object_order_depends_target_curl-example-all
  CONFIG = Debug
  DEFINES = -DCURL_NO_OLDIES -DHAVE_CONFIG_H -DUNICODE -DWIN32_LEAN_AND_MEAN -D_UNICODE
  FLAGS = /nologo /DWIN32 /D_WINDOWS /utf-8 /MP  /MDd /Z7 /Ob0 /Od /RTC1  -MDd -W4 -Wall -wd4061 -wd4191 -wd4255 -wd4464 -wd4548 -wd4574 -wd4668 -wd4710 -wd4711 -wd4746 -wd4820 -wd5045 -MP
  INCLUDES = -IC:\Users\19697\Documents\KeygenSDK\KeygenSDK\build-vs\vcpkg_installed\vcpkg\blds\curl\src\url-8_21_0-3ffa9f46b7.clean\include
  OBJECT_DIR = docs\examples\CMakeFiles\curl-example-all.dir
  OBJECT_FILE_DIR = docs\examples\CMakeFiles\curl-example-all.dir
  TARGET_COMPILE_PDB = docs\examples\CMakeFiles\curl-example-all.dir\
  TARGET_PDB = ""
  TARGET_SUPPORT_DIR = docs\examples\CMakeFiles\curl-example-all.dir

build docs\examples\CMakeFiles\curl-example-all.dir\range.c.obj: C_COMPILER__curl-example-all_unscanned_Debug C$:\Users\19697\Documents\KeygenSDK\KeygenSDK\build-vs\vcpkg_installed\vcpkg\blds\curl\src\url-8_21_0-3ffa9f46b7.clean\docs\examples\range.c || cmake_object_order_depends_target_curl-example-all
  CONFIG = Debug
  DEFINES = -DCURL_NO_OLDIES -DHAVE_CONFIG_H -DUNICODE -DWIN32_LEAN_AND_MEAN -D_UNICODE
  FLAGS = /nologo /DWIN32 /D_WINDOWS /utf-8 /MP  /MDd /Z7 /Ob0 /Od /RTC1  -MDd -W4 -Wall -wd4061 -wd4191 -wd4255 -wd4464 -wd4548 -wd4574 -wd4668 -wd4710 -wd4711 -wd4746 -wd4820 -wd5045 -MP
  INCLUDES = -IC:\Users\19697\Documents\KeygenSDK\KeygenSDK\build-vs\vcpkg_installed\vcpkg\blds\curl\src\url-8_21_0-3ffa9f46b7.clean\include
  OBJECT_DIR = docs\examples\CMakeFiles\curl-example-all.dir
  OBJECT_FILE_DIR = docs\examples\CMakeFiles\curl-example-all.dir
  TARGET_COMPILE_PDB = docs\examples\CMakeFiles\curl-example-all.dir\
  TARGET_PDB = ""
  TARGET_SUPPORT_DIR = docs\examples\CMakeFiles\curl-example-all.dir

build docs\examples\CMakeFiles\curl-example-all.dir\resolve.c.obj: C_COMPILER__curl-example-all_unscanned_Debug C$:\Users\19697\Documents\KeygenSDK\KeygenSDK\build-vs\vcpkg_installed\vcpkg\blds\curl\src\url-8_21_0-3ffa9f46b7.clean\docs\examples\resolve.c || cmake_object_order_depends_target_curl-example-all
  CONFIG = Debug
  DEFINES = -DCURL_NO_OLDIES -DHAVE_CONFIG_H -DUNICODE -DWIN32_LEAN_AND_MEAN -D_UNICODE
  FLAGS = /nologo /DWIN32 /D_WINDOWS /utf-8 /MP  /MDd /Z7 /Ob0 /Od /RTC1  -MDd -W4 -Wall -wd4061 -wd4191 -wd4255 -wd4464 -wd4548 -wd4574 -wd4668 -wd4710 -wd4711 -wd4746 -wd4820 -wd5045 -MP
  INCLUDES = -IC:\Users\19697\Documents\KeygenSDK\KeygenSDK\build-vs\vcpkg_installed\vcpkg\blds\curl\src\url-8_21_0-3ffa9f46b7.clean\include
  OBJECT_DIR = docs\examples\CMakeFiles\curl-example-all.dir
  OBJECT_FILE_DIR = docs\examples\CMakeFiles\curl-example-all.dir
  TARGET_COMPILE_PDB = docs\examples\CMakeFiles\curl-example-all.dir\
  TARGET_PDB = ""
  TARGET_SUPPORT_DIR = docs\examples\CMakeFiles\curl-example-all.dir

build docs\examples\CMakeFiles\curl-example-all.dir\rtsp-options.c.obj: C_COMPILER__curl-example-all_unscanned_Debug C$:\Users\19697\Documents\KeygenSDK\KeygenSDK\build-vs\vcpkg_installed\vcpkg\blds\curl\src\url-8_21_0-3ffa9f46b7.clean\docs\examples\rtsp-options.c || cmake_object_order_depends_target_curl-example-all
  CONFIG = Debug
  DEFINES = -DCURL_NO_OLDIES -DHAVE_CONFIG_H -DUNICODE -DWIN32_LEAN_AND_MEAN -D_UNICODE
  FLAGS = /nologo /DWIN32 /D_WINDOWS /utf-8 /MP  /MDd /Z7 /Ob0 /Od /RTC1  -MDd -W4 -Wall -wd4061 -wd4191 -wd4255 -wd4464 -wd4548 -wd4574 -wd4668 -wd4710 -wd4711 -wd4746 -wd4820 -wd5045 -MP
  INCLUDES = -IC:\Users\19697\Documents\KeygenSDK\KeygenSDK\build-vs\vcpkg_installed\vcpkg\blds\curl\src\url-8_21_0-3ffa9f46b7.clean\include
  OBJECT_DIR = docs\examples\CMakeFiles\curl-example-all.dir
  OBJECT_FILE_DIR = docs\examples\CMakeFiles\curl-example-all.dir
  TARGET_COMPILE_PDB = docs\examples\CMakeFiles\curl-example-all.dir\
  TARGET_PDB = ""
  TARGET_SUPPORT_DIR = docs\examples\CMakeFiles\curl-example-all.dir

build docs\examples\CMakeFiles\curl-example-all.dir\sendrecv.c.obj: C_COMPILER__curl-example-all_unscanned_Debug C$:\Users\19697\Documents\KeygenSDK\KeygenSDK\build-vs\vcpkg_installed\vcpkg\blds\curl\src\url-8_21_0-3ffa9f46b7.clean\docs\examples\sendrecv.c || cmake_object_order_depends_target_curl-example-all
  CONFIG = Debug
  DEFINES = -DCURL_NO_OLDIES -DHAVE_CONFIG_H -DUNICODE -DWIN32_LEAN_AND_MEAN -D_UNICODE
  FLAGS = /nologo /DWIN32 /D_WINDOWS /utf-8 /MP  /MDd /Z7 /Ob0 /Od /RTC1  -MDd -W4 -Wall -wd4061 -wd4191 -wd4255 -wd4464 -wd4548 -wd4574 -wd4668 -wd4710 -wd4711 -wd4746 -wd4820 -wd5045 -MP
  INCLUDES = -IC:\Users\19697\Documents\KeygenSDK\KeygenSDK\build-vs\vcpkg_installed\vcpkg\blds\curl\src\url-8_21_0-3ffa9f46b7.clean\include
  OBJECT_DIR = docs\examples\CMakeFiles\curl-example-all.dir
  OBJECT_FILE_DIR = docs\examples\CMakeFiles\curl-example-all.dir
  TARGET_COMPILE_PDB = docs\examples\CMakeFiles\curl-example-all.dir\
  TARGET_PDB = ""
  TARGET_SUPPORT_DIR = docs\examples\CMakeFiles\curl-example-all.dir

build docs\examples\CMakeFiles\curl-example-all.dir\sepheaders.c.obj: C_COMPILER__curl-example-all_unscanned_Debug C$:\Users\19697\Documents\KeygenSDK\KeygenSDK\build-vs\vcpkg_installed\vcpkg\blds\curl\src\url-8_21_0-3ffa9f46b7.clean\docs\examples\sepheaders.c || cmake_object_order_depends_target_curl-example-all
  CONFIG = Debug
  DEFINES = -DCURL_NO_OLDIES -DHAVE_CONFIG_H -DUNICODE -DWIN32_LEAN_AND_MEAN -D_UNICODE
  FLAGS = /nologo /DWIN32 /D_WINDOWS /utf-8 /MP  /MDd /Z7 /Ob0 /Od /RTC1  -MDd -W4 -Wall -wd4061 -wd4191 -wd4255 -wd4464 -wd4548 -wd4574 -wd4668 -wd4710 -wd4711 -wd4746 -wd4820 -wd5045 -MP
  INCLUDES = -IC:\Users\19697\Documents\KeygenSDK\KeygenSDK\build-vs\vcpkg_installed\vcpkg\blds\curl\src\url-8_21_0-3ffa9f46b7.clean\include
  OBJECT_DIR = docs\examples\CMakeFiles\curl-example-all.dir
  OBJECT_FILE_DIR = docs\examples\CMakeFiles\curl-example-all.dir
  TARGET_COMPILE_PDB = docs\examples\CMakeFiles\curl-example-all.dir\
  TARGET_PDB = ""
  TARGET_SUPPORT_DIR = docs\examples\CMakeFiles\curl-example-all.dir

build docs\examples\CMakeFiles\curl-example-all.dir\sftpget.c.obj: C_COMPILER__curl-example-all_unscanned_Debug C$:\Users\19697\Documents\KeygenSDK\KeygenSDK\build-vs\vcpkg_installed\vcpkg\blds\curl\src\url-8_21_0-3ffa9f46b7.clean\docs\examples\sftpget.c || cmake_object_order_depends_target_curl-example-all
  CONFIG = Debug
  DEFINES = -DCURL_NO_OLDIES -DHAVE_CONFIG_H -DUNICODE -DWIN32_LEAN_AND_MEAN -D_UNICODE
  FLAGS = /nologo /DWIN32 /D_WINDOWS /utf-8 /MP  /MDd /Z7 /Ob0 /Od /RTC1  -MDd -W4 -Wall -wd4061 -wd4191 -wd4255 -wd4464 -wd4548 -wd4574 -wd4668 -wd4710 -wd4711 -wd4746 -wd4820 -wd5045 -MP
  INCLUDES = -IC:\Users\19697\Documents\KeygenSDK\KeygenSDK\build-vs\vcpkg_installed\vcpkg\blds\curl\src\url-8_21_0-3ffa9f46b7.clean\include
  OBJECT_DIR = docs\examples\CMakeFiles\curl-example-all.dir
  OBJECT_FILE_DIR = docs\examples\CMakeFiles\curl-example-all.dir
  TARGET_COMPILE_PDB = docs\examples\CMakeFiles\curl-example-all.dir\
  TARGET_PDB = ""
  TARGET_SUPPORT_DIR = docs\examples\CMakeFiles\curl-example-all.dir

build docs\examples\CMakeFiles\curl-example-all.dir\sftpuploadresume.c.obj: C_COMPILER__curl-example-all_unscanned_Debug C$:\Users\19697\Documents\KeygenSDK\KeygenSDK\build-vs\vcpkg_installed\vcpkg\blds\curl\src\url-8_21_0-3ffa9f46b7.clean\docs\examples\sftpuploadresume.c || cmake_object_order_depends_target_curl-example-all
  CONFIG = Debug
  DEFINES = -DCURL_NO_OLDIES -DHAVE_CONFIG_H -DUNICODE -DWIN32_LEAN_AND_MEAN -D_UNICODE
  FLAGS = /nologo /DWIN32 /D_WINDOWS /utf-8 /MP  /MDd /Z7 /Ob0 /Od /RTC1  -MDd -W4 -Wall -wd4061 -wd4191 -wd4255 -wd4464 -wd4548 -wd4574 -wd4668 -wd4710 -wd4711 -wd4746 -wd4820 -wd5045 -MP
  INCLUDES = -IC:\Users\19697\Documents\KeygenSDK\KeygenSDK\build-vs\vcpkg_installed\vcpkg\blds\curl\src\url-8_21_0-3ffa9f46b7.clean\include
  OBJECT_DIR = docs\examples\CMakeFiles\curl-example-all.dir
  OBJECT_FILE_DIR = docs\examples\CMakeFiles\curl-example-all.dir
  TARGET_COMPILE_PDB = docs\examples\CMakeFiles\curl-example-all.dir\
  TARGET_PDB = ""
  TARGET_SUPPORT_DIR = docs\examples\CMakeFiles\curl-example-all.dir

build docs\examples\CMakeFiles\curl-example-all.dir\shared-connection-cache.c.obj: C_COMPILER__curl-example-all_unscanned_Debug C$:\Users\19697\Documents\KeygenSDK\KeygenSDK\build-vs\vcpkg_installed\vcpkg\blds\curl\src\url-8_21_0-3ffa9f46b7.clean\docs\examples\shared-connection-cache.c || cmake_object_order_depends_target_curl-example-all
  CONFIG = Debug
  DEFINES = -DCURL_NO_OLDIES -DHAVE_CONFIG_H -DUNICODE -DWIN32_LEAN_AND_MEAN -D_UNICODE
  FLAGS = /nologo /DWIN32 /D_WINDOWS /utf-8 /MP  /MDd /Z7 /Ob0 /Od /RTC1  -MDd -W4 -Wall -wd4061 -wd4191 -wd4255 -wd4464 -wd4548 -wd4574 -wd4668 -wd4710 -wd4711 -wd4746 -wd4820 -wd5045 -MP
  INCLUDES = -IC:\Users\19697\Documents\KeygenSDK\KeygenSDK\build-vs\vcpkg_installed\vcpkg\blds\curl\src\url-8_21_0-3ffa9f46b7.clean\include
  OBJECT_DIR = docs\examples\CMakeFiles\curl-example-all.dir
  OBJECT_FILE_DIR = docs\examples\CMakeFiles\curl-example-all.dir
  TARGET_COMPILE_PDB = docs\examples\CMakeFiles\curl-example-all.dir\
  TARGET_PDB = ""
  TARGET_SUPPORT_DIR = docs\examples\CMakeFiles\curl-example-all.dir

build docs\examples\CMakeFiles\curl-example-all.dir\simple.c.obj: C_COMPILER__curl-example-all_unscanned_Debug C$:\Users\19697\Documents\KeygenSDK\KeygenSDK\build-vs\vcpkg_installed\vcpkg\blds\curl\src\url-8_21_0-3ffa9f46b7.clean\docs\examples\simple.c || cmake_object_order_depends_target_curl-example-all
  CONFIG = Debug
  DEFINES = -DCURL_NO_OLDIES -DHAVE_CONFIG_H -DUNICODE -DWIN32_LEAN_AND_MEAN -D_UNICODE
  FLAGS = /nologo /DWIN32 /D_WINDOWS /utf-8 /MP  /MDd /Z7 /Ob0 /Od /RTC1  -MDd -W4 -Wall -wd4061 -wd4191 -wd4255 -wd4464 -wd4548 -wd4574 -wd4668 -wd4710 -wd4711 -wd4746 -wd4820 -wd5045 -MP
  INCLUDES = -IC:\Users\19697\Documents\KeygenSDK\KeygenSDK\build-vs\vcpkg_installed\vcpkg\blds\curl\src\url-8_21_0-3ffa9f46b7.clean\include
  OBJECT_DIR = docs\examples\CMakeFiles\curl-example-all.dir
  OBJECT_FILE_DIR = docs\examples\CMakeFiles\curl-example-all.dir
  TARGET_COMPILE_PDB = docs\examples\CMakeFiles\curl-example-all.dir\
  TARGET_PDB = ""
  TARGET_SUPPORT_DIR = docs\examples\CMakeFiles\curl-example-all.dir

build docs\examples\CMakeFiles\curl-example-all.dir\simplepost.c.obj: C_COMPILER__curl-example-all_unscanned_Debug C$:\Users\19697\Documents\KeygenSDK\KeygenSDK\build-vs\vcpkg_installed\vcpkg\blds\curl\src\url-8_21_0-3ffa9f46b7.clean\docs\examples\simplepost.c || cmake_object_order_depends_target_curl-example-all
  CONFIG = Debug
  DEFINES = -DCURL_NO_OLDIES -DHAVE_CONFIG_H -DUNICODE -DWIN32_LEAN_AND_MEAN -D_UNICODE
  FLAGS = /nologo /DWIN32 /D_WINDOWS /utf-8 /MP  /MDd /Z7 /Ob0 /Od /RTC1  -MDd -W4 -Wall -wd4061 -wd4191 -wd4255 -wd4464 -wd4548 -wd4574 -wd4668 -wd4710 -wd4711 -wd4746 -wd4820 -wd5045 -MP
  INCLUDES = -IC:\Users\19697\Documents\KeygenSDK\KeygenSDK\build-vs\vcpkg_installed\vcpkg\blds\curl\src\url-8_21_0-3ffa9f46b7.clean\include
  OBJECT_DIR = docs\examples\CMakeFiles\curl-example-all.dir
  OBJECT_FILE_DIR = docs\examples\CMakeFiles\curl-example-all.dir
  TARGET_COMPILE_PDB = docs\examples\CMakeFiles\curl-example-all.dir\
  TARGET_PDB = ""
  TARGET_SUPPORT_DIR = docs\examples\CMakeFiles\curl-example-all.dir

build docs\examples\CMakeFiles\curl-example-all.dir\simplessl.c.obj: C_COMPILER__curl-example-all_unscanned_Debug C$:\Users\19697\Documents\KeygenSDK\KeygenSDK\build-vs\vcpkg_installed\vcpkg\blds\curl\src\url-8_21_0-3ffa9f46b7.clean\docs\examples\simplessl.c || cmake_object_order_depends_target_curl-example-all
  CONFIG = Debug
  DEFINES = -DCURL_NO_OLDIES -DHAVE_CONFIG_H -DUNICODE -DWIN32_LEAN_AND_MEAN -D_UNICODE
  FLAGS = /nologo /DWIN32 /D_WINDOWS /utf-8 /MP  /MDd /Z7 /Ob0 /Od /RTC1  -MDd -W4 -Wall -wd4061 -wd4191 -wd4255 -wd4464 -wd4548 -wd4574 -wd4668 -wd4710 -wd4711 -wd4746 -wd4820 -wd5045 -MP
  INCLUDES = -IC:\Users\19697\Documents\KeygenSDK\KeygenSDK\build-vs\vcpkg_installed\vcpkg\blds\curl\src\url-8_21_0-3ffa9f46b7.clean\include
  OBJECT_DIR = docs\examples\CMakeFiles\curl-example-all.dir
  OBJECT_FILE_DIR = docs\examples\CMakeFiles\curl-example-all.dir
  TARGET_COMPILE_PDB = docs\examples\CMakeFiles\curl-example-all.dir\
  TARGET_PDB = ""
  TARGET_SUPPORT_DIR = docs\examples\CMakeFiles\curl-example-all.dir

build docs\examples\CMakeFiles\curl-example-all.dir\smtp-authzid.c.obj: C_COMPILER__curl-example-all_unscanned_Debug C$:\Users\19697\Documents\KeygenSDK\KeygenSDK\build-vs\vcpkg_installed\vcpkg\blds\curl\src\url-8_21_0-3ffa9f46b7.clean\docs\examples\smtp-authzid.c || cmake_object_order_depends_target_curl-example-all
  CONFIG = Debug
  DEFINES = -DCURL_NO_OLDIES -DHAVE_CONFIG_H -DUNICODE -DWIN32_LEAN_AND_MEAN -D_UNICODE
  FLAGS = /nologo /DWIN32 /D_WINDOWS /utf-8 /MP  /MDd /Z7 /Ob0 /Od /RTC1  -MDd -W4 -Wall -wd4061 -wd4191 -wd4255 -wd4464 -wd4548 -wd4574 -wd4668 -wd4710 -wd4711 -wd4746 -wd4820 -wd5045 -MP
  INCLUDES = -IC:\Users\19697\Documents\KeygenSDK\KeygenSDK\build-vs\vcpkg_installed\vcpkg\blds\curl\src\url-8_21_0-3ffa9f46b7.clean\include
  OBJECT_DIR = docs\examples\CMakeFiles\curl-example-all.dir
  OBJECT_FILE_DIR = docs\examples\CMakeFiles\curl-example-all.dir
  TARGET_COMPILE_PDB = docs\examples\CMakeFiles\curl-example-all.dir\
  TARGET_PDB = ""
  TARGET_SUPPORT_DIR = docs\examples\CMakeFiles\curl-example-all.dir

build docs\examples\CMakeFiles\curl-example-all.dir\smtp-expn.c.obj: C_COMPILER__curl-example-all_unscanned_Debug C$:\Users\19697\Documents\KeygenSDK\KeygenSDK\build-vs\vcpkg_installed\vcpkg\blds\curl\src\url-8_21_0-3ffa9f46b7.clean\docs\examples\smtp-expn.c || cmake_object_order_depends_target_curl-example-all
  CONFIG = Debug
  DEFINES = -DCURL_NO_OLDIES -DHAVE_CONFIG_H -DUNICODE -DWIN32_LEAN_AND_MEAN -D_UNICODE
  FLAGS = /nologo /DWIN32 /D_WINDOWS /utf-8 /MP  /MDd /Z7 /Ob0 /Od /RTC1  -MDd -W4 -Wall -wd4061 -wd4191 -wd4255 -wd4464 -wd4548 -wd4574 -wd4668 -wd4710 -wd4711 -wd4746 -wd4820 -wd5045 -MP
  INCLUDES = -IC:\Users\19697\Documents\KeygenSDK\KeygenSDK\build-vs\vcpkg_installed\vcpkg\blds\curl\src\url-8_21_0-3ffa9f46b7.clean\include
  OBJECT_DIR = docs\examples\CMakeFiles\curl-example-all.dir
  OBJECT_FILE_DIR = docs\examples\CMakeFiles\curl-example-all.dir
  TARGET_COMPILE_PDB = docs\examples\CMakeFiles\curl-example-all.dir\
  TARGET_PDB = ""
  TARGET_SUPPORT_DIR = docs\examples\CMakeFiles\curl-example-all.dir

build docs\examples\CMakeFiles\curl-example-all.dir\smtp-mail.c.obj: C_COMPILER__curl-example-all_unscanned_Debug C$:\Users\19697\Documents\KeygenSDK\KeygenSDK\build-vs\vcpkg_installed\vcpkg\blds\curl\src\url-8_21_0-3ffa9f46b7.clean\docs\examples\smtp-mail.c || cmake_object_order_depends_target_curl-example-all
  CONFIG = Debug
  DEFINES = -DCURL_NO_OLDIES -DHAVE_CONFIG_H -DUNICODE -DWIN32_LEAN_AND_MEAN -D_UNICODE
  FLAGS = /nologo /DWIN32 /D_WINDOWS /utf-8 /MP  /MDd /Z7 /Ob0 /Od /RTC1  -MDd -W4 -Wall -wd4061 -wd4191 -wd4255 -wd4464 -wd4548 -wd4574 -wd4668 -wd4710 -wd4711 -wd4746 -wd4820 -wd5045 -MP
  INCLUDES = -IC:\Users\19697\Documents\KeygenSDK\KeygenSDK\build-vs\vcpkg_installed\vcpkg\blds\curl\src\url-8_21_0-3ffa9f46b7.clean\include
  OBJECT_DIR = docs\examples\CMakeFiles\curl-example-all.dir
  OBJECT_FILE_DIR = docs\examples\CMakeFiles\curl-example-all.dir
  TARGET_COMPILE_PDB = docs\examples\CMakeFiles\curl-example-all.dir\
  TARGET_PDB = ""
  TARGET_SUPPORT_DIR = docs\examples\CMakeFiles\curl-example-all.dir

build docs\examples\CMakeFiles\curl-example-all.dir\smtp-mime.c.obj: C_COMPILER__curl-example-all_unscanned_Debug C$:\Users\19697\Documents\KeygenSDK\KeygenSDK\build-vs\vcpkg_installed\vcpkg\blds\curl\src\url-8_21_0-3ffa9f46b7.clean\docs\examples\smtp-mime.c || cmake_object_order_depends_target_curl-example-all
  CONFIG = Debug
  DEFINES = -DCURL_NO_OLDIES -DHAVE_CONFIG_H -DUNICODE -DWIN32_LEAN_AND_MEAN -D_UNICODE
  FLAGS = /nologo /DWIN32 /D_WINDOWS /utf-8 /MP  /MDd /Z7 /Ob0 /Od /RTC1  -MDd -W4 -Wall -wd4061 -wd4191 -wd4255 -wd4464 -wd4548 -wd4574 -wd4668 -wd4710 -wd4711 -wd4746 -wd4820 -wd5045 -MP
  INCLUDES = -IC:\Users\19697\Documents\KeygenSDK\KeygenSDK\build-vs\vcpkg_installed\vcpkg\blds\curl\src\url-8_21_0-3ffa9f46b7.clean\include
  OBJECT_DIR = docs\examples\CMakeFiles\curl-example-all.dir
  OBJECT_FILE_DIR = docs\examples\CMakeFiles\curl-example-all.dir
  TARGET_COMPILE_PDB = docs\examples\CMakeFiles\curl-example-all.dir\
  TARGET_PDB = ""
  TARGET_SUPPORT_DIR = docs\examples\CMakeFiles\curl-example-all.dir

build docs\examples\CMakeFiles\curl-example-all.dir\smtp-multi.c.obj: C_COMPILER__curl-example-all_unscanned_Debug C$:\Users\19697\Documents\KeygenSDK\KeygenSDK\build-vs\vcpkg_installed\vcpkg\blds\curl\src\url-8_21_0-3ffa9f46b7.clean\docs\examples\smtp-multi.c || cmake_object_order_depends_target_curl-example-all
  CONFIG = Debug
  DEFINES = -DCURL_NO_OLDIES -DHAVE_CONFIG_H -DUNICODE -DWIN32_LEAN_AND_MEAN -D_UNICODE
  FLAGS = /nologo /DWIN32 /D_WINDOWS /utf-8 /MP  /MDd /Z7 /Ob0 /Od /RTC1  -MDd -W4 -Wall -wd4061 -wd4191 -wd4255 -wd4464 -wd4548 -wd4574 -wd4668 -wd4710 -wd4711 -wd4746 -wd4820 -wd5045 -MP
  INCLUDES = -IC:\Users\19697\Documents\KeygenSDK\KeygenSDK\build-vs\vcpkg_installed\vcpkg\blds\curl\src\url-8_21_0-3ffa9f46b7.clean\include
  OBJECT_DIR = docs\examples\CMakeFiles\curl-example-all.dir
  OBJECT_FILE_DIR = docs\examples\CMakeFiles\curl-example-all.dir
  TARGET_COMPILE_PDB = docs\examples\CMakeFiles\curl-example-all.dir\
  TARGET_PDB = ""
  TARGET_SUPPORT_DIR = docs\examples\CMakeFiles\curl-example-all.dir

build docs\examples\CMakeFiles\curl-example-all.dir\smtp-ssl.c.obj: C_COMPILER__curl-example-all_unscanned_Debug C$:\Users\19697\Documents\KeygenSDK\KeygenSDK\build-vs\vcpkg_installed\vcpkg\blds\curl\src\url-8_21_0-3ffa9f46b7.clean\docs\examples\smtp-ssl.c || cmake_object_order_depends_target_curl-example-all
  CONFIG = Debug
  DEFINES = -DCURL_NO_OLDIES -DHAVE_CONFIG_H -DUNICODE -DWIN32_LEAN_AND_MEAN -D_UNICODE
  FLAGS = /nologo /DWIN32 /D_WINDOWS /utf-8 /MP  /MDd /Z7 /Ob0 /Od /RTC1  -MDd -W4 -Wall -wd4061 -wd4191 -wd4255 -wd4464 -wd4548 -wd4574 -wd4668 -wd4710 -wd4711 -wd4746 -wd4820 -wd5045 -MP
  INCLUDES = -IC:\Users\19697\Documents\KeygenSDK\KeygenSDK\build-vs\vcpkg_installed\vcpkg\blds\curl\src\url-8_21_0-3ffa9f46b7.clean\include
  OBJECT_DIR = docs\examples\CMakeFiles\curl-example-all.dir
  OBJECT_FILE_DIR = docs\examples\CMakeFiles\curl-example-all.dir
  TARGET_COMPILE_PDB = docs\examples\CMakeFiles\curl-example-all.dir\
  TARGET_PDB = ""
  TARGET_SUPPORT_DIR = docs\examples\CMakeFiles\curl-example-all.dir

build docs\examples\CMakeFiles\curl-example-all.dir\smtp-tls.c.obj: C_COMPILER__curl-example-all_unscanned_Debug C$:\Users\19697\Documents\KeygenSDK\KeygenSDK\build-vs\vcpkg_installed\vcpkg\blds\curl\src\url-8_21_0-3ffa9f46b7.clean\docs\examples\smtp-tls.c || cmake_object_order_depends_target_curl-example-all
  CONFIG = Debug
  DEFINES = -DCURL_NO_OLDIES -DHAVE_CONFIG_H -DUNICODE -DWIN32_LEAN_AND_MEAN -D_UNICODE
  FLAGS = /nologo /DWIN32 /D_WINDOWS /utf-8 /MP  /MDd /Z7 /Ob0 /Od /RTC1  -MDd -W4 -Wall -wd4061 -wd4191 -wd4255 -wd4464 -wd4548 -wd4574 -wd4668 -wd4710 -wd4711 -wd4746 -wd4820 -wd5045 -MP
  INCLUDES = -IC:\Users\19697\Documents\KeygenSDK\KeygenSDK\build-vs\vcpkg_installed\vcpkg\blds\curl\src\url-8_21_0-3ffa9f46b7.clean\include
  OBJECT_DIR = docs\examples\CMakeFiles\curl-example-all.dir
  OBJECT_FILE_DIR = docs\examples\CMakeFiles\curl-example-all.dir
  TARGET_COMPILE_PDB = docs\examples\CMakeFiles\curl-example-all.dir\
  TARGET_PDB = ""
  TARGET_SUPPORT_DIR = docs\examples\CMakeFiles\curl-example-all.dir

build docs\examples\CMakeFiles\curl-example-all.dir\smtp-vrfy.c.obj: C_COMPILER__curl-example-all_unscanned_Debug C$:\Users\19697\Documents\KeygenSDK\KeygenSDK\build-vs\vcpkg_installed\vcpkg\blds\curl\src\url-8_21_0-3ffa9f46b7.clean\docs\examples\smtp-vrfy.c || cmake_object_order_depends_target_curl-example-all
  CONFIG = Debug
  DEFINES = -DCURL_NO_OLDIES -DHAVE_CONFIG_H -DUNICODE -DWIN32_LEAN_AND_MEAN -D_UNICODE
  FLAGS = /nologo /DWIN32 /D_WINDOWS /utf-8 /MP  /MDd /Z7 /Ob0 /Od /RTC1  -MDd -W4 -Wall -wd4061 -wd4191 -wd4255 -wd4464 -wd4548 -wd4574 -wd4668 -wd4710 -wd4711 -wd4746 -wd4820 -wd5045 -MP
  INCLUDES = -IC:\Users\19697\Documents\KeygenSDK\KeygenSDK\build-vs\vcpkg_installed\vcpkg\blds\curl\src\url-8_21_0-3ffa9f46b7.clean\include
  OBJECT_DIR = docs\examples\CMakeFiles\curl-example-all.dir
  OBJECT_FILE_DIR = docs\examples\CMakeFiles\curl-example-all.dir
  TARGET_COMPILE_PDB = docs\examples\CMakeFiles\curl-example-all.dir\
  TARGET_PDB = ""
  TARGET_SUPPORT_DIR = docs\examples\CMakeFiles\curl-example-all.dir

build docs\examples\CMakeFiles\curl-example-all.dir\sslbackend.c.obj: C_COMPILER__curl-example-all_unscanned_Debug C$:\Users\19697\Documents\KeygenSDK\KeygenSDK\build-vs\vcpkg_installed\vcpkg\blds\curl\src\url-8_21_0-3ffa9f46b7.clean\docs\examples\sslbackend.c || cmake_object_order_depends_target_curl-example-all
  CONFIG = Debug
  DEFINES = -DCURL_NO_OLDIES -DHAVE_CONFIG_H -DUNICODE -DWIN32_LEAN_AND_MEAN -D_UNICODE
  FLAGS = /nologo /DWIN32 /D_WINDOWS /utf-8 /MP  /MDd /Z7 /Ob0 /Od /RTC1  -MDd -W4 -Wall -wd4061 -wd4191 -wd4255 -wd4464 -wd4548 -wd4574 -wd4668 -wd4710 -wd4711 -wd4746 -wd4820 -wd5045 -MP
  INCLUDES = -IC:\Users\19697\Documents\KeygenSDK\KeygenSDK\build-vs\vcpkg_installed\vcpkg\blds\curl\src\url-8_21_0-3ffa9f46b7.clean\include
  OBJECT_DIR = docs\examples\CMakeFiles\curl-example-all.dir
  OBJECT_FILE_DIR = docs\examples\CMakeFiles\curl-example-all.dir
  TARGET_COMPILE_PDB = docs\examples\CMakeFiles\curl-example-all.dir\
  TARGET_PDB = ""
  TARGET_SUPPORT_DIR = docs\examples\CMakeFiles\curl-example-all.dir

build docs\examples\CMakeFiles\curl-example-all.dir\synctime.c.obj: C_COMPILER__curl-example-all_unscanned_Debug C$:\Users\19697\Documents\KeygenSDK\KeygenSDK\build-vs\vcpkg_installed\vcpkg\blds\curl\src\url-8_21_0-3ffa9f46b7.clean\docs\examples\synctime.c || cmake_object_order_depends_target_curl-example-all
  CONFIG = Debug
  DEFINES = -DCURL_NO_OLDIES -DHAVE_CONFIG_H -DUNICODE -DWIN32_LEAN_AND_MEAN -D_UNICODE
  FLAGS = /nologo /DWIN32 /D_WINDOWS /utf-8 /MP  /MDd /Z7 /Ob0 /Od /RTC1  -MDd -W4 -Wall -wd4061 -wd4191 -wd4255 -wd4464 -wd4548 -wd4574 -wd4668 -wd4710 -wd4711 -wd4746 -wd4820 -wd5045 -MP
  INCLUDES = -IC:\Users\19697\Documents\KeygenSDK\KeygenSDK\build-vs\vcpkg_installed\vcpkg\blds\curl\src\url-8_21_0-3ffa9f46b7.clean\include
  OBJECT_DIR = docs\examples\CMakeFiles\curl-example-all.dir
  OBJECT_FILE_DIR = docs\examples\CMakeFiles\curl-example-all.dir
  TARGET_COMPILE_PDB = docs\examples\CMakeFiles\curl-example-all.dir\
  TARGET_PDB = ""
  TARGET_SUPPORT_DIR = docs\examples\CMakeFiles\curl-example-all.dir

build docs\examples\CMakeFiles\curl-example-all.dir\unixsocket.c.obj: C_COMPILER__curl-example-all_unscanned_Debug C$:\Users\19697\Documents\KeygenSDK\KeygenSDK\build-vs\vcpkg_installed\vcpkg\blds\curl\src\url-8_21_0-3ffa9f46b7.clean\docs\examples\unixsocket.c || cmake_object_order_depends_target_curl-example-all
  CONFIG = Debug
  DEFINES = -DCURL_NO_OLDIES -DHAVE_CONFIG_H -DUNICODE -DWIN32_LEAN_AND_MEAN -D_UNICODE
  FLAGS = /nologo /DWIN32 /D_WINDOWS /utf-8 /MP  /MDd /Z7 /Ob0 /Od /RTC1  -MDd -W4 -Wall -wd4061 -wd4191 -wd4255 -wd4464 -wd4548 -wd4574 -wd4668 -wd4710 -wd4711 -wd4746 -wd4820 -wd5045 -MP
  INCLUDES = -IC:\Users\19697\Documents\KeygenSDK\KeygenSDK\build-vs\vcpkg_installed\vcpkg\blds\curl\src\url-8_21_0-3ffa9f46b7.clean\include
  OBJECT_DIR = docs\examples\CMakeFiles\curl-example-all.dir
  OBJECT_FILE_DIR = docs\examples\CMakeFiles\curl-example-all.dir
  TARGET_COMPILE_PDB = docs\examples\CMakeFiles\curl-example-all.dir\
  TARGET_PDB = ""
  TARGET_SUPPORT_DIR = docs\examples\CMakeFiles\curl-example-all.dir

build docs\examples\CMakeFiles\curl-example-all.dir\url2file.c.obj: C_COMPILER__curl-example-all_unscanned_Debug C$:\Users\19697\Documents\KeygenSDK\KeygenSDK\build-vs\vcpkg_installed\vcpkg\blds\curl\src\url-8_21_0-3ffa9f46b7.clean\docs\examples\url2file.c || cmake_object_order_depends_target_curl-example-all
  CONFIG = Debug
  DEFINES = -DCURL_NO_OLDIES -DHAVE_CONFIG_H -DUNICODE -DWIN32_LEAN_AND_MEAN -D_UNICODE
  FLAGS = /nologo /DWIN32 /D_WINDOWS /utf-8 /MP  /MDd /Z7 /Ob0 /Od /RTC1  -MDd -W4 -Wall -wd4061 -wd4191 -wd4255 -wd4464 -wd4548 -wd4574 -wd4668 -wd4710 -wd4711 -wd4746 -wd4820 -wd5045 -MP
  INCLUDES = -IC:\Users\19697\Documents\KeygenSDK\KeygenSDK\build-vs\vcpkg_installed\vcpkg\blds\curl\src\url-8_21_0-3ffa9f46b7.clean\include
  OBJECT_DIR = docs\examples\CMakeFiles\curl-example-all.dir
  OBJECT_FILE_DIR = docs\examples\CMakeFiles\curl-example-all.dir
  TARGET_COMPILE_PDB = docs\examples\CMakeFiles\curl-example-all.dir\
  TARGET_PDB = ""
  TARGET_SUPPORT_DIR = docs\examples\CMakeFiles\curl-example-all.dir

build docs\examples\CMakeFiles\curl-example-all.dir\urlapi.c.obj: C_COMPILER__curl-example-all_unscanned_Debug C$:\Users\19697\Documents\KeygenSDK\KeygenSDK\build-vs\vcpkg_installed\vcpkg\blds\curl\src\url-8_21_0-3ffa9f46b7.clean\docs\examples\urlapi.c || cmake_object_order_depends_target_curl-example-all
  CONFIG = Debug
  DEFINES = -DCURL_NO_OLDIES -DHAVE_CONFIG_H -DUNICODE -DWIN32_LEAN_AND_MEAN -D_UNICODE
  FLAGS = /nologo /DWIN32 /D_WINDOWS /utf-8 /MP  /MDd /Z7 /Ob0 /Od /RTC1  -MDd -W4 -Wall -wd4061 -wd4191 -wd4255 -wd4464 -wd4548 -wd4574 -wd4668 -wd4710 -wd4711 -wd4746 -wd4820 -wd5045 -MP
  INCLUDES = -IC:\Users\19697\Documents\KeygenSDK\KeygenSDK\build-vs\vcpkg_installed\vcpkg\blds\curl\src\url-8_21_0-3ffa9f46b7.clean\include
  OBJECT_DIR = docs\examples\CMakeFiles\curl-example-all.dir
  OBJECT_FILE_DIR = docs\examples\CMakeFiles\curl-example-all.dir
  TARGET_COMPILE_PDB = docs\examples\CMakeFiles\curl-example-all.dir\
  TARGET_PDB = ""
  TARGET_SUPPORT_DIR = docs\examples\CMakeFiles\curl-example-all.dir

build docs\examples\CMakeFiles\curl-example-all.dir\websocket.c.obj: C_COMPILER__curl-example-all_unscanned_Debug C$:\Users\19697\Documents\KeygenSDK\KeygenSDK\build-vs\vcpkg_installed\vcpkg\blds\curl\src\url-8_21_0-3ffa9f46b7.clean\docs\examples\websocket.c || cmake_object_order_depends_target_curl-example-all
  CONFIG = Debug
  DEFINES = -DCURL_NO_OLDIES -DHAVE_CONFIG_H -DUNICODE -DWIN32_LEAN_AND_MEAN -D_UNICODE
  FLAGS = /nologo /DWIN32 /D_WINDOWS /utf-8 /MP  /MDd /Z7 /Ob0 /Od /RTC1  -MDd -W4 -Wall -wd4061 -wd4191 -wd4255 -wd4464 -wd4548 -wd4574 -wd4668 -wd4710 -wd4711 -wd4746 -wd4820 -wd5045 -MP
  INCLUDES = -IC:\Users\19697\Documents\KeygenSDK\KeygenSDK\build-vs\vcpkg_installed\vcpkg\blds\curl\src\url-8_21_0-3ffa9f46b7.clean\include
  OBJECT_DIR = docs\examples\CMakeFiles\curl-example-all.dir
  OBJECT_FILE_DIR = docs\examples\CMakeFiles\curl-example-all.dir
  TARGET_COMPILE_PDB = docs\examples\CMakeFiles\curl-example-all.dir\
  TARGET_PDB = ""
  TARGET_SUPPORT_DIR = docs\examples\CMakeFiles\curl-example-all.dir

build docs\examples\CMakeFiles\curl-example-all.dir\websocket-cb.c.obj: C_COMPILER__curl-example-all_unscanned_Debug C$:\Users\19697\Documents\KeygenSDK\KeygenSDK\build-vs\vcpkg_installed\vcpkg\blds\curl\src\url-8_21_0-3ffa9f46b7.clean\docs\examples\websocket-cb.c || cmake_object_order_depends_target_curl-example-all
  CONFIG = Debug
  DEFINES = -DCURL_NO_OLDIES -DHAVE_CONFIG_H -DUNICODE -DWIN32_LEAN_AND_MEAN -D_UNICODE
  FLAGS = /nologo /DWIN32 /D_WINDOWS /utf-8 /MP  /MDd /Z7 /Ob0 /Od /RTC1  -MDd -W4 -Wall -wd4061 -wd4191 -wd4255 -wd4464 -wd4548 -wd4574 -wd4668 -wd4710 -wd4711 -wd4746 -wd4820 -wd5045 -MP
  INCLUDES = -IC:\Users\19697\Documents\KeygenSDK\KeygenSDK\build-vs\vcpkg_installed\vcpkg\blds\curl\src\url-8_21_0-3ffa9f46b7.clean\include
  OBJECT_DIR = docs\examples\CMakeFiles\curl-example-all.dir
  OBJECT_FILE_DIR = docs\examples\CMakeFiles\curl-example-all.dir
  TARGET_COMPILE_PDB = docs\examples\CMakeFiles\curl-example-all.dir\
  TARGET_PDB = ""
  TARGET_SUPPORT_DIR = docs\examples\CMakeFiles\curl-example-all.dir

build docs\examples\CMakeFiles\curl-example-all.dir\websocket-updown.c.obj: C_COMPILER__curl-example-all_unscanned_Debug C$:\Users\19697\Documents\KeygenSDK\KeygenSDK\build-vs\vcpkg_installed\vcpkg\blds\curl\src\url-8_21_0-3ffa9f46b7.clean\docs\examples\websocket-updown.c || cmake_object_order_depends_target_curl-example-all
  CONFIG = Debug
  DEFINES = -DCURL_NO_OLDIES -DHAVE_CONFIG_H -DUNICODE -DWIN32_LEAN_AND_MEAN -D_UNICODE
  FLAGS = /nologo /DWIN32 /D_WINDOWS /utf-8 /MP  /MDd /Z7 /Ob0 /Od /RTC1  -MDd -W4 -Wall -wd4061 -wd4191 -wd4255 -wd4464 -wd4548 -wd4574 -wd4668 -wd4710 -wd4711 -wd4746 -wd4820 -wd5045 -MP
  INCLUDES = -IC:\Users\19697\Documents\KeygenSDK\KeygenSDK\build-vs\vcpkg_installed\vcpkg\blds\curl\src\url-8_21_0-3ffa9f46b7.clean\include
  OBJECT_DIR = docs\examples\CMakeFiles\curl-example-all.dir
  OBJECT_FILE_DIR = docs\examples\CMakeFiles\curl-example-all.dir
  TARGET_COMPILE_PDB = docs\examples\CMakeFiles\curl-example-all.dir\
  TARGET_PDB = ""
  TARGET_SUPPORT_DIR = docs\examples\CMakeFiles\curl-example-all.dir



#############################################
# Object library curl-example-all

build docs\examples\curl-example-all: phony docs\examples\CMakeFiles\curl-example-all.dir\10-at-a-time.c.obj docs\examples\CMakeFiles\curl-example-all.dir\address-scope.c.obj docs\examples\CMakeFiles\curl-example-all.dir\altsvc.c.obj docs\examples\CMakeFiles\curl-example-all.dir\anyauthput.c.obj docs\examples\CMakeFiles\curl-example-all.dir\block_ip.c.obj docs\examples\CMakeFiles\curl-example-all.dir\certinfo.c.obj docs\examples\CMakeFiles\curl-example-all.dir\chkspeed.c.obj docs\examples\CMakeFiles\curl-example-all.dir\connect-to.c.obj docs\examples\CMakeFiles\curl-example-all.dir\cookie_interface.c.obj docs\examples\CMakeFiles\curl-example-all.dir\debug.c.obj docs\examples\CMakeFiles\curl-example-all.dir\default-scheme.c.obj docs\examples\CMakeFiles\curl-example-all.dir\externalsocket.c.obj docs\examples\CMakeFiles\curl-example-all.dir\fileupload.c.obj docs\examples\CMakeFiles\curl-example-all.dir\ftp-delete.c.obj docs\examples\CMakeFiles\curl-example-all.dir\ftp-wildcard.c.obj docs\examples\CMakeFiles\curl-example-all.dir\ftpget.c.obj docs\examples\CMakeFiles\curl-example-all.dir\ftpgetinfo.c.obj docs\examples\CMakeFiles\curl-example-all.dir\ftpgetresp.c.obj docs\examples\CMakeFiles\curl-example-all.dir\ftpsget.c.obj docs\examples\CMakeFiles\curl-example-all.dir\ftpupload.c.obj docs\examples\CMakeFiles\curl-example-all.dir\ftpuploadfrommem.c.obj docs\examples\CMakeFiles\curl-example-all.dir\ftpuploadresume.c.obj docs\examples\CMakeFiles\curl-example-all.dir\getinfo.c.obj docs\examples\CMakeFiles\curl-example-all.dir\getinmemory.c.obj docs\examples\CMakeFiles\curl-example-all.dir\getredirect.c.obj docs\examples\CMakeFiles\curl-example-all.dir\getreferrer.c.obj docs\examples\CMakeFiles\curl-example-all.dir\headerapi.c.obj docs\examples\CMakeFiles\curl-example-all.dir\hsts-preload.c.obj docs\examples\CMakeFiles\curl-example-all.dir\http-options.c.obj docs\examples\CMakeFiles\curl-example-all.dir\http-post.c.obj docs\examples\CMakeFiles\curl-example-all.dir\http2-download.c.obj docs\examples\CMakeFiles\curl-example-all.dir\http2-pushinmemory.c.obj docs\examples\CMakeFiles\curl-example-all.dir\http2-serverpush.c.obj docs\examples\CMakeFiles\curl-example-all.dir\http2-upload.c.obj docs\examples\CMakeFiles\curl-example-all.dir\http3.c.obj docs\examples\CMakeFiles\curl-example-all.dir\http3-present.c.obj docs\examples\CMakeFiles\curl-example-all.dir\httpcustomheader.c.obj docs\examples\CMakeFiles\curl-example-all.dir\httpput.c.obj docs\examples\CMakeFiles\curl-example-all.dir\httpput-postfields.c.obj docs\examples\CMakeFiles\curl-example-all.dir\https.c.obj docs\examples\CMakeFiles\curl-example-all.dir\imap-append.c.obj docs\examples\CMakeFiles\curl-example-all.dir\imap-authzid.c.obj docs\examples\CMakeFiles\curl-example-all.dir\imap-copy.c.obj docs\examples\CMakeFiles\curl-example-all.dir\imap-create.c.obj docs\examples\CMakeFiles\curl-example-all.dir\imap-delete.c.obj docs\examples\CMakeFiles\curl-example-all.dir\imap-examine.c.obj docs\examples\CMakeFiles\curl-example-all.dir\imap-fetch.c.obj docs\examples\CMakeFiles\curl-example-all.dir\imap-list.c.obj docs\examples\CMakeFiles\curl-example-all.dir\imap-lsub.c.obj docs\examples\CMakeFiles\curl-example-all.dir\imap-multi.c.obj docs\examples\CMakeFiles\curl-example-all.dir\imap-noop.c.obj docs\examples\CMakeFiles\curl-example-all.dir\imap-search.c.obj docs\examples\CMakeFiles\curl-example-all.dir\imap-ssl.c.obj docs\examples\CMakeFiles\curl-example-all.dir\imap-store.c.obj docs\examples\CMakeFiles\curl-example-all.dir\imap-tls.c.obj docs\examples\CMakeFiles\curl-example-all.dir\interface.c.obj docs\examples\CMakeFiles\curl-example-all.dir\ipv6.c.obj docs\examples\CMakeFiles\curl-example-all.dir\keepalive.c.obj docs\examples\CMakeFiles\curl-example-all.dir\localport.c.obj docs\examples\CMakeFiles\curl-example-all.dir\log_failed_transfers.c.obj docs\examples\CMakeFiles\curl-example-all.dir\maxconnects.c.obj docs\examples\CMakeFiles\curl-example-all.dir\multi-app.c.obj docs\examples\CMakeFiles\curl-example-all.dir\multi-debugcallback.c.obj docs\examples\CMakeFiles\curl-example-all.dir\multi-double.c.obj docs\examples\CMakeFiles\curl-example-all.dir\multi-formadd.c.obj docs\examples\CMakeFiles\curl-example-all.dir\multi-legacy.c.obj docs\examples\CMakeFiles\curl-example-all.dir\multi-post.c.obj docs\examples\CMakeFiles\curl-example-all.dir\multi-single.c.obj docs\examples\CMakeFiles\curl-example-all.dir\netrc.c.obj docs\examples\CMakeFiles\curl-example-all.dir\parseurl.c.obj docs\examples\CMakeFiles\curl-example-all.dir\persistent.c.obj docs\examples\CMakeFiles\curl-example-all.dir\pop3-authzid.c.obj docs\examples\CMakeFiles\curl-example-all.dir\pop3-dele.c.obj docs\examples\CMakeFiles\curl-example-all.dir\pop3-list.c.obj docs\examples\CMakeFiles\curl-example-all.dir\pop3-multi.c.obj docs\examples\CMakeFiles\curl-example-all.dir\pop3-noop.c.obj docs\examples\CMakeFiles\curl-example-all.dir\pop3-retr.c.obj docs\examples\CMakeFiles\curl-example-all.dir\pop3-ssl.c.obj docs\examples\CMakeFiles\curl-example-all.dir\pop3-stat.c.obj docs\examples\CMakeFiles\curl-example-all.dir\pop3-tls.c.obj docs\examples\CMakeFiles\curl-example-all.dir\pop3-top.c.obj docs\examples\CMakeFiles\curl-example-all.dir\pop3-uidl.c.obj docs\examples\CMakeFiles\curl-example-all.dir\post-callback.c.obj docs\examples\CMakeFiles\curl-example-all.dir\postinmemory.c.obj docs\examples\CMakeFiles\curl-example-all.dir\postit2.c.obj docs\examples\CMakeFiles\curl-example-all.dir\postit2-formadd.c.obj docs\examples\CMakeFiles\curl-example-all.dir\progressfunc.c.obj docs\examples\CMakeFiles\curl-example-all.dir\protofeats.c.obj docs\examples\CMakeFiles\curl-example-all.dir\range.c.obj docs\examples\CMakeFiles\curl-example-all.dir\resolve.c.obj docs\examples\CMakeFiles\curl-example-all.dir\rtsp-options.c.obj docs\examples\CMakeFiles\curl-example-all.dir\sendrecv.c.obj docs\examples\CMakeFiles\curl-example-all.dir\sepheaders.c.obj docs\examples\CMakeFiles\curl-example-all.dir\sftpget.c.obj docs\examples\CMakeFiles\curl-example-all.dir\sftpuploadresume.c.obj docs\examples\CMakeFiles\curl-example-all.dir\shared-connection-cache.c.obj docs\examples\CMakeFiles\curl-example-all.dir\simple.c.obj docs\examples\CMakeFiles\curl-example-all.dir\simplepost.c.obj docs\examples\CMakeFiles\curl-example-all.dir\simplessl.c.obj docs\examples\CMakeFiles\curl-example-all.dir\smtp-authzid.c.obj docs\examples\CMakeFiles\curl-example-all.dir\smtp-expn.c.obj docs\examples\CMakeFiles\curl-example-all.dir\smtp-mail.c.obj docs\examples\CMakeFiles\curl-example-all.dir\smtp-mime.c.obj docs\examples\CMakeFiles\curl-example-all.dir\smtp-multi.c.obj docs\examples\CMakeFiles\curl-example-all.dir\smtp-ssl.c.obj docs\examples\CMakeFiles\curl-example-all.dir\smtp-tls.c.obj docs\examples\CMakeFiles\curl-example-all.dir\smtp-vrfy.c.obj docs\examples\CMakeFiles\curl-example-all.dir\sslbackend.c.obj docs\examples\CMakeFiles\curl-example-all.dir\synctime.c.obj docs\examples\CMakeFiles\curl-example-all.dir\unixsocket.c.obj docs\examples\CMakeFiles\curl-example-all.dir\url2file.c.obj docs\examples\CMakeFiles\curl-example-all.dir\urlapi.c.obj docs\examples\CMakeFiles\curl-example-all.dir\websocket.c.obj docs\examples\CMakeFiles\curl-example-all.dir\websocket-cb.c.obj docs\examples\CMakeFiles\curl-example-all.dir\websocket-updown.c.obj


#############################################
# Utility command for curl-examples-build

build docs\examples\curl-examples-build: phony docs\examples\curl-example-all docs\examples\websocket-updown.exe


#############################################
# Utility command for package

build docs\examples\CMakeFiles\package.util: CUSTOM_COMMAND docs\examples\all
  COMMAND = C:\WINDOWS\system32\cmd.exe /C "cd /D C:\Users\19697\Documents\KeygenSDK\KeygenSDK\build-vs\vcpkg_installed\vcpkg\blds\curl\x64-windows-dbg && C:\Users\19697\AppData\Local\vcpkg\downloads\tools\cmake-4.3.2-windows\cmake-4.3.2-windows-x86_64\bin\cpack.exe --config ./CPackConfig.cmake"
  DESC = Run CPack packaging tool...
  pool = console
  restat = 1

build docs\examples\package: phony docs\examples\CMakeFiles\package.util


#############################################
# Utility command for package_source

build docs\examples\CMakeFiles\package_source.util: CUSTOM_COMMAND
  COMMAND = C:\WINDOWS\system32\cmd.exe /C "cd /D C:\Users\19697\Documents\KeygenSDK\KeygenSDK\build-vs\vcpkg_installed\vcpkg\blds\curl\x64-windows-dbg && C:\Users\19697\AppData\Local\vcpkg\downloads\tools\cmake-4.3.2-windows\cmake-4.3.2-windows-x86_64\bin\cpack.exe --config ./CPackSourceConfig.cmake"
  DESC = Run CPack packaging tool for source...
  pool = console
  restat = 1

build docs\examples\package_source: phony docs\examples\CMakeFiles\package_source.util


#############################################
# Utility command for edit_cache

build docs\examples\CMakeFiles\edit_cache.util: CUSTOM_COMMAND
  COMMAND = C:\WINDOWS\system32\cmd.exe /C "cd /D C:\Users\19697\Documents\KeygenSDK\KeygenSDK\build-vs\vcpkg_installed\vcpkg\blds\curl\x64-windows-dbg\docs\examples && C:\Users\19697\AppData\Local\vcpkg\downloads\tools\cmake-4.3.2-windows\cmake-4.3.2-windows-x86_64\bin\cmake-gui.exe -SC:\Users\19697\Documents\KeygenSDK\KeygenSDK\build-vs\vcpkg_installed\vcpkg\blds\curl\src\url-8_21_0-3ffa9f46b7.clean -BC:\Users\19697\Documents\KeygenSDK\KeygenSDK\build-vs\vcpkg_installed\vcpkg\blds\curl\x64-windows-dbg"
  DESC = Running CMake cache editor...
  pool = console
  restat = 1

build docs\examples\edit_cache: phony docs\examples\CMakeFiles\edit_cache.util


#############################################
# Utility command for rebuild_cache

build docs\examples\CMakeFiles\rebuild_cache.util: CUSTOM_COMMAND
  COMMAND = C:\WINDOWS\system32\cmd.exe /C "cd /D C:\Users\19697\Documents\KeygenSDK\KeygenSDK\build-vs\vcpkg_installed\vcpkg\blds\curl\x64-windows-dbg\docs\examples && C:\Users\19697\AppData\Local\vcpkg\downloads\tools\cmake-4.3.2-windows\cmake-4.3.2-windows-x86_64\bin\cmake.exe --regenerate-during-build -SC:\Users\19697\Documents\KeygenSDK\KeygenSDK\build-vs\vcpkg_installed\vcpkg\blds\curl\src\url-8_21_0-3ffa9f46b7.clean -BC:\Users\19697\Documents\KeygenSDK\KeygenSDK\build-vs\vcpkg_installed\vcpkg\blds\curl\x64-windows-dbg"
  DESC = Running CMake to regenerate build system...
  pool = console
  restat = 1

build docs\examples\rebuild_cache: phony docs\examples\CMakeFiles\rebuild_cache.util


#############################################
# Utility command for list_install_components

build docs\examples\list_install_components: phony


#############################################
# Utility command for install

build docs\examples\CMakeFiles\install.util: CUSTOM_COMMAND docs\examples\all
  COMMAND = C:\WINDOWS\system32\cmd.exe /C "cd /D C:\Users\19697\Documents\KeygenSDK\KeygenSDK\build-vs\vcpkg_installed\vcpkg\blds\curl\x64-windows-dbg\docs\examples && C:\Users\19697\AppData\Local\vcpkg\downloads\tools\cmake-4.3.2-windows\cmake-4.3.2-windows-x86_64\bin\cmake.exe -P cmake_install.cmake"
  DESC = Install the project...
  pool = console
  restat = 1

build docs\examples\install: phony docs\examples\CMakeFiles\install.util


#############################################
# Utility command for install/local

build docs\examples\CMakeFiles\install\local.util: CUSTOM_COMMAND docs\examples\all
  COMMAND = C:\WINDOWS\system32\cmd.exe /C "cd /D C:\Users\19697\Documents\KeygenSDK\KeygenSDK\build-vs\vcpkg_installed\vcpkg\blds\curl\x64-windows-dbg\docs\examples && C:\Users\19697\AppData\Local\vcpkg\downloads\tools\cmake-4.3.2-windows\cmake-4.3.2-windows-x86_64\bin\cmake.exe -DCMAKE_INSTALL_LOCAL_ONLY=1 -P cmake_install.cmake"
  DESC = Installing only the local directory...
  pool = console
  restat = 1

build docs\examples\install\local: phony docs\examples\CMakeFiles\install\local.util

# =============================================================================
# Target aliases.

build 10-at-a-time.exe: phony docs\examples\10-at-a-time.exe

build address-scope.exe: phony docs\examples\address-scope.exe

build altsvc.exe: phony docs\examples\altsvc.exe

build anyauthput.exe: phony docs\examples\anyauthput.exe

build block_ip.exe: phony docs\examples\block_ip.exe

build certinfo.exe: phony docs\examples\certinfo.exe

build chkspeed.exe: phony docs\examples\chkspeed.exe

build connect-to.exe: phony docs\examples\connect-to.exe

build cookie_interface.exe: phony docs\examples\cookie_interface.exe

build curl-example-10-at-a-time: phony docs\examples\10-at-a-time.exe

build curl-example-address-scope: phony docs\examples\address-scope.exe

build curl-example-all: phony docs\examples\curl-example-all

build curl-example-altsvc: phony docs\examples\altsvc.exe

build curl-example-anyauthput: phony docs\examples\anyauthput.exe

build curl-example-block_ip: phony docs\examples\block_ip.exe

build curl-example-certinfo: phony docs\examples\certinfo.exe

build curl-example-chkspeed: phony docs\examples\chkspeed.exe

build curl-example-connect-to: phony docs\examples\connect-to.exe

build curl-example-cookie_interface: phony docs\examples\cookie_interface.exe

build curl-example-debug: phony docs\examples\debug.exe

build curl-example-default-scheme: phony docs\examples\default-scheme.exe

build curl-example-externalsocket: phony docs\examples\externalsocket.exe

build curl-example-fileupload: phony docs\examples\fileupload.exe

build curl-example-ftp-delete: phony docs\examples\ftp-delete.exe

build curl-example-ftp-wildcard: phony docs\examples\ftp-wildcard.exe

build curl-example-ftpget: phony docs\examples\ftpget.exe

build curl-example-ftpgetinfo: phony docs\examples\ftpgetinfo.exe

build curl-example-ftpgetresp: phony docs\examples\ftpgetresp.exe

build curl-example-ftpsget: phony docs\examples\ftpsget.exe

build curl-example-ftpupload: phony docs\examples\ftpupload.exe

build curl-example-ftpuploadfrommem: phony docs\examples\ftpuploadfrommem.exe

build curl-example-ftpuploadresume: phony docs\examples\ftpuploadresume.exe

build curl-example-getinfo: phony docs\examples\getinfo.exe

build curl-example-getinmemory: phony docs\examples\getinmemory.exe

build curl-example-getredirect: phony docs\examples\getredirect.exe

build curl-example-getreferrer: phony docs\examples\getreferrer.exe

build curl-example-headerapi: phony docs\examples\headerapi.exe

build curl-example-hsts-preload: phony docs\examples\hsts-preload.exe

build curl-example-http-options: phony docs\examples\http-options.exe

build curl-example-http-post: phony docs\examples\http-post.exe

build curl-example-http2-download: phony docs\examples\http2-download.exe

build curl-example-http2-pushinmemory: phony docs\examples\http2-pushinmemory.exe

build curl-example-http2-serverpush: phony docs\examples\http2-serverpush.exe

build curl-example-http2-upload: phony docs\examples\http2-upload.exe

build curl-example-http3: phony docs\examples\http3.exe

build curl-example-http3-present: phony docs\examples\http3-present.exe

build curl-example-httpcustomheader: phony docs\examples\httpcustomheader.exe

build curl-example-httpput: phony docs\examples\httpput.exe

build curl-example-httpput-postfields: phony docs\examples\httpput-postfields.exe

build curl-example-https: phony docs\examples\https.exe

build curl-example-imap-append: phony docs\examples\imap-append.exe

build curl-example-imap-authzid: phony docs\examples\imap-authzid.exe

build curl-example-imap-copy: phony docs\examples\imap-copy.exe

build curl-example-imap-create: phony docs\examples\imap-create.exe

build curl-example-imap-delete: phony docs\examples\imap-delete.exe

build curl-example-imap-examine: phony docs\examples\imap-examine.exe

build curl-example-imap-fetch: phony docs\examples\imap-fetch.exe

build curl-example-imap-list: phony docs\examples\imap-list.exe

build curl-example-imap-lsub: phony docs\examples\imap-lsub.exe

build curl-example-imap-multi: phony docs\examples\imap-multi.exe

build curl-example-imap-noop: phony docs\examples\imap-noop.exe

build curl-example-imap-search: phony docs\examples\imap-search.exe

build curl-example-imap-ssl: phony docs\examples\imap-ssl.exe

build curl-example-imap-store: phony docs\examples\imap-store.exe

build curl-example-imap-tls: phony docs\examples\imap-tls.exe

build curl-example-interface: phony docs\examples\interface.exe

build curl-example-ipv6: phony docs\examples\ipv6.exe

build curl-example-keepalive: phony docs\examples\keepalive.exe

build curl-example-localport: phony docs\examples\localport.exe

build curl-example-log_failed_transfers: phony docs\examples\log_failed_transfers.exe

build curl-example-maxconnects: phony docs\examples\maxconnects.exe

build curl-example-multi-app: phony docs\examples\multi-app.exe

build curl-example-multi-debugcallback: phony docs\examples\multi-debugcallback.exe

build curl-example-multi-double: phony docs\examples\multi-double.exe

build curl-example-multi-formadd: phony docs\examples\multi-formadd.exe

build curl-example-multi-legacy: phony docs\examples\multi-legacy.exe

build curl-example-multi-post: phony docs\examples\multi-post.exe

build curl-example-multi-single: phony docs\examples\multi-single.exe

build curl-example-netrc: phony docs\examples\netrc.exe

build curl-example-parseurl: phony docs\examples\parseurl.exe

build curl-example-persistent: phony docs\examples\persistent.exe

build curl-example-pop3-authzid: phony docs\examples\pop3-authzid.exe

build curl-example-pop3-dele: phony docs\examples\pop3-dele.exe

build curl-example-pop3-list: phony docs\examples\pop3-list.exe

build curl-example-pop3-multi: phony docs\examples\pop3-multi.exe

build curl-example-pop3-noop: phony docs\examples\pop3-noop.exe

build curl-example-pop3-retr: phony docs\examples\pop3-retr.exe

build curl-example-pop3-ssl: phony docs\examples\pop3-ssl.exe

build curl-example-pop3-stat: phony docs\examples\pop3-stat.exe

build curl-example-pop3-tls: phony docs\examples\pop3-tls.exe

build curl-example-pop3-top: phony docs\examples\pop3-top.exe

build curl-example-pop3-uidl: phony docs\examples\pop3-uidl.exe

build curl-example-post-callback: phony docs\examples\post-callback.exe

build curl-example-postinmemory: phony docs\examples\postinmemory.exe

build curl-example-postit2: phony docs\examples\postit2.exe

build curl-example-postit2-formadd: phony docs\examples\postit2-formadd.exe

build curl-example-progressfunc: phony docs\examples\progressfunc.exe

build curl-example-protofeats: phony docs\examples\protofeats.exe

build curl-example-range: phony docs\examples\range.exe

build curl-example-resolve: phony docs\examples\resolve.exe

build curl-example-rtsp-options: phony docs\examples\rtsp-options.exe

build curl-example-sendrecv: phony docs\examples\sendrecv.exe

build curl-example-sepheaders: phony docs\examples\sepheaders.exe

build curl-example-sftpget: phony docs\examples\sftpget.exe

build curl-example-sftpuploadresume: phony docs\examples\sftpuploadresume.exe

build curl-example-shared-connection-cache: phony docs\examples\shared-connection-cache.exe

build curl-example-simple: phony docs\examples\simple.exe

build curl-example-simplepost: phony docs\examples\simplepost.exe

build curl-example-simplessl: phony docs\examples\simplessl.exe

build curl-example-smtp-authzid: phony docs\examples\smtp-authzid.exe

build curl-example-smtp-expn: phony docs\examples\smtp-expn.exe

build curl-example-smtp-mail: phony docs\examples\smtp-mail.exe

build curl-example-smtp-mime: phony docs\examples\smtp-mime.exe

build curl-example-smtp-multi: phony docs\examples\smtp-multi.exe

build curl-example-smtp-ssl: phony docs\examples\smtp-ssl.exe

build curl-example-smtp-tls: phony docs\examples\smtp-tls.exe

build curl-example-smtp-vrfy: phony docs\examples\smtp-vrfy.exe

build curl-example-sslbackend: phony docs\examples\sslbackend.exe

build curl-example-synctime: phony docs\examples\synctime.exe

build curl-example-unixsocket: phony docs\examples\unixsocket.exe

build curl-example-url2file: phony docs\examples\url2file.exe

build curl-example-urlapi: phony docs\examples\urlapi.exe

build curl-example-websocket: phony docs\examples\websocket.exe

build curl-example-websocket-cb: phony docs\examples\websocket-cb.exe

build curl-example-websocket-updown: phony docs\examples\websocket-updown.exe

build curl-examples: phony docs\examples\curl-examples

build curl-examples-build: phony docs\examples\curl-examples-build

build debug.exe: phony docs\examples\debug.exe

build default-scheme.exe: phony docs\examples\default-scheme.exe

build externalsocket.exe: phony docs\examples\externalsocket.exe

build fileupload.exe: phony docs\examples\fileupload.exe

build ftp-delete.exe: phony docs\examples\ftp-delete.exe

build ftp-wildcard.exe: phony docs\examples\ftp-wildcard.exe

build ftpget.exe: phony docs\examples\ftpget.exe

build ftpgetinfo.exe: phony docs\examples\ftpgetinfo.exe

build ftpgetresp.exe: phony docs\examples\ftpgetresp.exe

build ftpsget.exe: phony docs\examples\ftpsget.exe

build ftpupload.exe: phony docs\examples\ftpupload.exe

build ftpuploadfrommem.exe: phony docs\examples\ftpuploadfrommem.exe

build ftpuploadresume.exe: phony docs\examples\ftpuploadresume.exe

build getinfo.exe: phony docs\examples\getinfo.exe

build getinmemory.exe: phony docs\examples\getinmemory.exe

build getredirect.exe: phony docs\examples\getredirect.exe

build getreferrer.exe: phony docs\examples\getreferrer.exe

build headerapi.exe: phony docs\examples\headerapi.exe

build hsts-preload.exe: phony docs\examples\hsts-preload.exe

build http-options.exe: phony docs\examples\http-options.exe

build http-post.exe: phony docs\examples\http-post.exe

build http2-download.exe: phony docs\examples\http2-download.exe

build http2-pushinmemory.exe: phony docs\examples\http2-pushinmemory.exe

build http2-serverpush.exe: phony docs\examples\http2-serverpush.exe

build http2-upload.exe: phony docs\examples\http2-upload.exe

build http3-present.exe: phony docs\examples\http3-present.exe

build http3.exe: phony docs\examples\http3.exe

build httpcustomheader.exe: phony docs\examples\httpcustomheader.exe

build httpput-postfields.exe: phony docs\examples\httpput-postfields.exe

build httpput.exe: phony docs\examples\httpput.exe

build https.exe: phony docs\examples\https.exe

build imap-append.exe: phony docs\examples\imap-append.exe

build imap-authzid.exe: phony docs\examples\imap-authzid.exe

build imap-copy.exe: phony docs\examples\imap-copy.exe

build imap-create.exe: phony docs\examples\imap-create.exe

build imap-delete.exe: phony docs\examples\imap-delete.exe

build imap-examine.exe: phony docs\examples\imap-examine.exe

build imap-fetch.exe: phony docs\examples\imap-fetch.exe

build imap-list.exe: phony docs\examples\imap-list.exe

build imap-lsub.exe: phony docs\examples\imap-lsub.exe

build imap-multi.exe: phony docs\examples\imap-multi.exe

build imap-noop.exe: phony docs\examples\imap-noop.exe

build imap-search.exe: phony docs\examples\imap-search.exe

build imap-ssl.exe: phony docs\examples\imap-ssl.exe

build imap-store.exe: phony docs\examples\imap-store.exe

build imap-tls.exe: phony docs\examples\imap-tls.exe

build interface.exe: phony docs\examples\interface.exe

build ipv6.exe: phony docs\examples\ipv6.exe

build keepalive.exe: phony docs\examples\keepalive.exe

build libcurl-d.dll: phony lib\libcurl-d.dll

build libcurl_shared: phony lib\libcurl-d.dll

build localport.exe: phony docs\examples\localport.exe

build log_failed_transfers.exe: phony docs\examples\log_failed_transfers.exe

build maxconnects.exe: phony docs\examples\maxconnects.exe

build multi-app.exe: phony docs\examples\multi-app.exe

build multi-debugcallback.exe: phony docs\examples\multi-debugcallback.exe

build multi-double.exe: phony docs\examples\multi-double.exe

build multi-formadd.exe: phony docs\examples\multi-formadd.exe

build multi-legacy.exe: phony docs\examples\multi-legacy.exe

build multi-post.exe: phony docs\examples\multi-post.exe

build multi-single.exe: phony docs\examples\multi-single.exe

build netrc.exe: phony docs\examples\netrc.exe

build parseurl.exe: phony docs\examples\parseurl.exe

build persistent.exe: phony docs\examples\persistent.exe

build pop3-authzid.exe: phony docs\examples\pop3-authzid.exe

build pop3-dele.exe: phony docs\examples\pop3-dele.exe

build pop3-list.exe: phony docs\examples\pop3-list.exe

build pop3-multi.exe: phony docs\examples\pop3-multi.exe

build pop3-noop.exe: phony docs\examples\pop3-noop.exe

build pop3-retr.exe: phony docs\examples\pop3-retr.exe

build pop3-ssl.exe: phony docs\examples\pop3-ssl.exe

build pop3-stat.exe: phony docs\examples\pop3-stat.exe

build pop3-tls.exe: phony docs\examples\pop3-tls.exe

build pop3-top.exe: phony docs\examples\pop3-top.exe

build pop3-uidl.exe: phony docs\examples\pop3-uidl.exe

build post-callback.exe: phony docs\examples\post-callback.exe

build postinmemory.exe: phony docs\examples\postinmemory.exe

build postit2-formadd.exe: phony docs\examples\postit2-formadd.exe

build postit2.exe: phony docs\examples\postit2.exe

build progressfunc.exe: phony docs\examples\progressfunc.exe

build protofeats.exe: phony docs\examples\protofeats.exe

build range.exe: phony docs\examples\range.exe

build resolve.exe: phony docs\examples\resolve.exe

build rtsp-options.exe: phony docs\examples\rtsp-options.exe

build sendrecv.exe: phony docs\examples\sendrecv.exe

build sepheaders.exe: phony docs\examples\sepheaders.exe

build sftpget.exe: phony docs\examples\sftpget.exe

build sftpuploadresume.exe: phony docs\examples\sftpuploadresume.exe

build shared-connection-cache.exe: phony docs\examples\shared-connection-cache.exe

build simple.exe: phony docs\examples\simple.exe

build simplepost.exe: phony docs\examples\simplepost.exe

build simplessl.exe: phony docs\examples\simplessl.exe

build smtp-authzid.exe: phony docs\examples\smtp-authzid.exe

build smtp-expn.exe: phony docs\examples\smtp-expn.exe

build smtp-mail.exe: phony docs\examples\smtp-mail.exe

build smtp-mime.exe: phony docs\examples\smtp-mime.exe

build smtp-multi.exe: phony docs\examples\smtp-multi.exe

build smtp-ssl.exe: phony docs\examples\smtp-ssl.exe

build smtp-tls.exe: phony docs\examples\smtp-tls.exe

build smtp-vrfy.exe: phony docs\examples\smtp-vrfy.exe

build sslbackend.exe: phony docs\examples\sslbackend.exe

build synctime.exe: phony docs\examples\synctime.exe

build unixsocket.exe: phony docs\examples\unixsocket.exe

build url2file.exe: phony docs\examples\url2file.exe

build urlapi.exe: phony docs\examples\urlapi.exe

build websocket-cb.exe: phony docs\examples\websocket-cb.exe

build websocket-updown.exe: phony docs\examples\websocket-updown.exe

build websocket.exe: phony docs\examples\websocket.exe

# =============================================================================
# Folder targets.

# =============================================================================

#############################################
# Folder: C:/Users/19697/Documents/KeygenSDK/KeygenSDK/build-vs/vcpkg_installed/vcpkg/blds/curl/x64-windows-dbg

build all: phony scripts\all lib\all docs\examples\all

# =============================================================================

#############################################
# Folder: C:/Users/19697/Documents/KeygenSDK/KeygenSDK/build-vs/vcpkg_installed/vcpkg/blds/curl/x64-windows-dbg/docs/examples

build docs\examples\all: phony

# =============================================================================

#############################################
# Folder: C:/Users/19697/Documents/KeygenSDK/KeygenSDK/build-vs/vcpkg_installed/vcpkg/blds/curl/x64-windows-dbg/lib

build lib\all: phony lib\libcurl-d.dll

# =============================================================================

#############################################
# Folder: C:/Users/19697/Documents/KeygenSDK/KeygenSDK/build-vs/vcpkg_installed/vcpkg/blds/curl/x64-windows-dbg/scripts

build scripts\all: phony

# =============================================================================
# Built-in targets


#############################################
# Re-run CMake if any of its inputs changed.

build build.ninja C$:\Users\19697\Documents\KeygenSDK\KeygenSDK\build-vs\vcpkg_installed\vcpkg\blds\curl\x64-windows-dbg\cmake_install.cmake C$:\Users\19697\Documents\KeygenSDK\KeygenSDK\build-vs\vcpkg_installed\vcpkg\blds\curl\x64-windows-dbg\scripts\cmake_install.cmake C$:\Users\19697\Documents\KeygenSDK\KeygenSDK\build-vs\vcpkg_installed\vcpkg\blds\curl\x64-windows-dbg\lib\cmake_install.cmake C$:\Users\19697\Documents\KeygenSDK\KeygenSDK\build-vs\vcpkg_installed\vcpkg\blds\curl\x64-windows-dbg\docs\examples\cmake_install.cmake: RERUN_CMAKE | C$:\Program$ Files\Microsoft$ Visual$ Studio\18\Community\VC\vcpkg\scripts\buildsystems\vcpkg.cmake C$:\Program$ Files\Microsoft$ Visual$ Studio\18\Community\VC\vcpkg\scripts\toolchains\windows.cmake C$:\Users\19697\AppData\Local\vcpkg\downloads\tools\cmake-4.3.2-windows\cmake-4.3.2-windows-x86_64\share\cmake-4.3\Modules\BasicConfigVersion-SameMajorVersion.cmake.in C$:\Users\19697\AppData\Local\vcpkg\downloads\tools\cmake-4.3.2-windows\cmake-4.3.2-windows-x86_64\share\cmake-4.3\Modules\CMakeCCompiler.cmake.in C$:\Users\19697\AppData\Local\vcpkg\downloads\tools\cmake-4.3.2-windows\cmake-4.3.2-windows-x86_64\share\cmake-4.3\Modules\CMakeCCompilerABI.c C$:\Users\19697\AppData\Local\vcpkg\downloads\tools\cmake-4.3.2-windows\cmake-4.3.2-windows-x86_64\share\cmake-4.3\Modules\CMakeCInformation.cmake C$:\Users\19697\AppData\Local\vcpkg\downloads\tools\cmake-4.3.2-windows\cmake-4.3.2-windows-x86_64\share\cmake-4.3\Modules\CMakeCheckCompilerFlagCommonPatterns.cmake C$:\Users\19697\AppData\Local\vcpkg\downloads\tools\cmake-4.3.2-windows\cmake-4.3.2-windows-x86_64\share\cmake-4.3\Modules\CMakeCommonLanguageInclude.cmake C$:\Users\19697\AppData\Local\vcpkg\downloads\tools\cmake-4.3.2-windows\cmake-4.3.2-windows-x86_64\share\cmake-4.3\Modules\CMakeCompilerIdDetection.cmake C$:\Users\19697\AppData\Local\vcpkg\downloads\tools\cmake-4.3.2-windows\cmake-4.3.2-windows-x86_64\share\cmake-4.3\Modules\CMakeDependentOption.cmake C$:\Users\19697\AppData\Local\vcpkg\downloads\tools\cmake-4.3.2-windows\cmake-4.3.2-windows-x86_64\share\cmake-4.3\Modules\CMakeDetermineCCompiler.cmake C$:\Users\19697\AppData\Local\vcpkg\downloads\tools\cmake-4.3.2-windows\cmake-4.3.2-windows-x86_64\share\cmake-4.3\Modules\CMakeDetermineCompiler.cmake C$:\Users\19697\AppData\Local\vcpkg\downloads\tools\cmake-4.3.2-windows\cmake-4.3.2-windows-x86_64\share\cmake-4.3\Modules\CMakeDetermineCompilerABI.cmake C$:\Users\19697\AppData\Local\vcpkg\downloads\tools\cmake-4.3.2-windows\cmake-4.3.2-windows-x86_64\share\cmake-4.3\Modules\CMakeDetermineCompilerId.cmake C$:\Users\19697\AppData\Local\vcpkg\downloads\tools\cmake-4.3.2-windows\cmake-4.3.2-windows-x86_64\share\cmake-4.3\Modules\CMakeDetermineCompilerSupport.cmake C$:\Users\19697\AppData\Local\vcpkg\downloads\tools\cmake-4.3.2-windows\cmake-4.3.2-windows-x86_64\share\cmake-4.3\Modules\CMakeDetermineRCCompiler.cmake C$:\Users\19697\AppData\Local\vcpkg\downloads\tools\cmake-4.3.2-windows\cmake-4.3.2-windows-x86_64\share\cmake-4.3\Modules\CMakeDetermineSystem.cmake C$:\Users\19697\AppData\Local\vcpkg\downloads\tools\cmake-4.3.2-windows\cmake-4.3.2-windows-x86_64\share\cmake-4.3\Modules\CMakeFindBinUtils.cmake C$:\Users\19697\AppData\Local\vcpkg\downloads\tools\cmake-4.3.2-windows\cmake-4.3.2-windows-x86_64\share\cmake-4.3\Modules\CMakeGenericSystem.cmake C$:\Users\19697\AppData\Local\vcpkg\downloads\tools\cmake-4.3.2-windows\cmake-4.3.2-windows-x86_64\share\cmake-4.3\Modules\CMakeInitializeConfigs.cmake C$:\Users\19697\AppData\Local\vcpkg\downloads\tools\cmake-4.3.2-windows\cmake-4.3.2-windows-x86_64\share\cmake-4.3\Modules\CMakeLanguageInformation.cmake C$:\Users\19697\AppData\Local\vcpkg\downloads\tools\cmake-4.3.2-windows\cmake-4.3.2-windows-x86_64\share\cmake-4.3\Modules\CMakePackageConfigHelpers.cmake C$:\Users\19697\AppData\Local\vcpkg\downloads\tools\cmake-4.3.2-windows\cmake-4.3.2-windows-x86_64\share\cmake-4.3\Modules\CMakeParseImplicitIncludeInfo.cmake C$:\Users\19697\AppData\Local\vcpkg\downloads\tools\cmake-4.3.2-windows\cmake-4.3.2-windows-x86_64\share\cmake-4.3\Modules\CMakeParseImplicitLinkInfo.cmake C$:\Users\19697\AppData\Local\vcpkg\downloads\tools\cmake-4.3.2-windows\cmake-4.3.2-windows-x86_64\share\cmake-4.3\Modules\CMakeParseLibraryArchitecture.cmake C$:\Users\19697\AppData\Local\vcpkg\downloads\tools\cmake-4.3.2-windows\cmake-4.3.2-windows-x86_64\share\cmake-4.3\Modules\CMakePushCheckState.cmake C$:\Users\19697\AppData\Local\vcpkg\downloads\tools\cmake-4.3.2-windows\cmake-4.3.2-windows-x86_64\share\cmake-4.3\Modules\CMakeRCCompiler.cmake.in C$:\Users\19697\AppData\Local\vcpkg\downloads\tools\cmake-4.3.2-windows\cmake-4.3.2-windows-x86_64\share\cmake-4.3\Modules\CMakeRCInformation.cmake C$:\Users\19697\AppData\Local\vcpkg\downloads\tools\cmake-4.3.2-windows\cmake-4.3.2-windows-x86_64\share\cmake-4.3\Modules\CMakeSystem.cmake.in C$:\Users\19697\AppData\Local\vcpkg\downloads\tools\cmake-4.3.2-windows\cmake-4.3.2-windows-x86_64\share\cmake-4.3\Modules\CMakeSystemSpecificInformation.cmake C$:\Users\19697\AppData\Local\vcpkg\downloads\tools\cmake-4.3.2-windows\cmake-4.3.2-windows-x86_64\share\cmake-4.3\Modules\CMakeSystemSpecificInitialize.cmake C$:\Users\19697\AppData\Local\vcpkg\downloads\tools\cmake-4.3.2-windows\cmake-4.3.2-windows-x86_64\share\cmake-4.3\Modules\CMakeTestCCompiler.cmake C$:\Users\19697\AppData\Local\vcpkg\downloads\tools\cmake-4.3.2-windows\cmake-4.3.2-windows-x86_64\share\cmake-4.3\Modules\CMakeTestCompilerCommon.cmake C$:\Users\19697\AppData\Local\vcpkg\downloads\tools\cmake-4.3.2-windows\cmake-4.3.2-windows-x86_64\share\cmake-4.3\Modules\CMakeTestRCCompiler.cmake C$:\Users\19697\AppData\Local\vcpkg\downloads\tools\cmake-4.3.2-windows\cmake-4.3.2-windows-x86_64\share\cmake-4.3\Modules\CPack.cmake C$:\Users\19697\AppData\Local\vcpkg\downloads\tools\cmake-4.3.2-windows\cmake-4.3.2-windows-x86_64\share\cmake-4.3\Modules\CPackComponent.cmake C$:\Users\19697\AppData\Local\vcpkg\downloads\tools\cmake-4.3.2-windows\cmake-4.3.2-windows-x86_64\share\cmake-4.3\Modules\CheckCCompilerFlag.cmake C$:\Users\19697\AppData\Local\vcpkg\downloads\tools\cmake-4.3.2-windows\cmake-4.3.2-windows-x86_64\share\cmake-4.3\Modules\CheckCSourceCompiles.cmake C$:\Users\19697\AppData\Local\vcpkg\downloads\tools\cmake-4.3.2-windows\cmake-4.3.2-windows-x86_64\share\cmake-4.3\Modules\CheckCSourceRuns.cmake C$:\Users\19697\AppData\Local\vcpkg\downloads\tools\cmake-4.3.2-windows\cmake-4.3.2-windows-x86_64\share\cmake-4.3\Modules\CheckCXXSourceCompiles.cmake C$:\Users\19697\AppData\Local\vcpkg\downloads\tools\cmake-4.3.2-windows\cmake-4.3.2-windows-x86_64\share\cmake-4.3\Modules\CheckFunctionExists.cmake C$:\Users\19697\AppData\Local\vcpkg\downloads\tools\cmake-4.3.2-windows\cmake-4.3.2-windows-x86_64\share\cmake-4.3\Modules\CheckIncludeFile.cmake C$:\Users\19697\AppData\Local\vcpkg\downloads\tools\cmake-4.3.2-windows\cmake-4.3.2-windows-x86_64\share\cmake-4.3\Modules\CheckIncludeFileCXX.cmake C$:\Users\19697\AppData\Local\vcpkg\downloads\tools\cmake-4.3.2-windows\cmake-4.3.2-windows-x86_64\share\cmake-4.3\Modules\CheckIncludeFiles.cmake C$:\Users\19697\AppData\Local\vcpkg\downloads\tools\cmake-4.3.2-windows\cmake-4.3.2-windows-x86_64\share\cmake-4.3\Modules\CheckLibraryExists.cmake C$:\Users\19697\AppData\Local\vcpkg\downloads\tools\cmake-4.3.2-windows\cmake-4.3.2-windows-x86_64\share\cmake-4.3\Modules\CheckSourceCompiles.cmake C$:\Users\19697\AppData\Local\vcpkg\downloads\tools\cmake-4.3.2-windows\cmake-4.3.2-windows-x86_64\share\cmake-4.3\Modules\CheckStructHasMember.cmake C$:\Users\19697\AppData\Local\vcpkg\downloads\tools\cmake-4.3.2-windows\cmake-4.3.2-windows-x86_64\share\cmake-4.3\Modules\CheckSymbolExists.cmake C$:\Users\19697\AppData\Local\vcpkg\downloads\tools\cmake-4.3.2-windows\cmake-4.3.2-windows-x86_64\share\cmake-4.3\Modules\CheckTypeSize.cmake C$:\Users\19697\AppData\Local\vcpkg\downloads\tools\cmake-4.3.2-windows\cmake-4.3.2-windows-x86_64\share\cmake-4.3\Modules\Compiler\ADSP-DetermineCompiler.cmake C$:\Users\19697\AppData\Local\vcpkg\downloads\tools\cmake-4.3.2-windows\cmake-4.3.2-windows-x86_64\share\cmake-4.3\Modules\Compiler\ARMCC-DetermineCompiler.cmake C$:\Users\19697\AppData\Local\vcpkg\downloads\tools\cmake-4.3.2-windows\cmake-4.3.2-windows-x86_64\share\cmake-4.3\Modules\Compiler\ARMClang-DetermineCompiler.cmake C$:\Users\19697\AppData\Local\vcpkg\downloads\tools\cmake-4.3.2-windows\cmake-4.3.2-windows-x86_64\share\cmake-4.3\Modules\Compiler\AppleClang-DetermineCompiler.cmake C$:\Users\19697\AppData\Local\vcpkg\downloads\tools\cmake-4.3.2-windows\cmake-4.3.2-windows-x86_64\share\cmake-4.3\Modules\Compiler\Borland-DetermineCompiler.cmake C$:\Users\19697\AppData\Local\vcpkg\downloads\tools\cmake-4.3.2-windows\cmake-4.3.2-windows-x86_64\share\cmake-4.3\Modules\Compiler\Bruce-C-DetermineCompiler.cmake C$:\Users\19697\AppData\Local\vcpkg\downloads\tools\cmake-4.3.2-windows\cmake-4.3.2-windows-x86_64\share\cmake-4.3\Modules\Compiler\CMakeCommonCompilerMacros.cmake C$:\Users\19697\AppData\Local\vcpkg\downloads\tools\cmake-4.3.2-windows\cmake-4.3.2-windows-x86_64\share\cmake-4.3\Modules\Compiler\Clang-DetermineCompiler.cmake C$:\Users\19697\AppData\Local\vcpkg\downloads\tools\cmake-4.3.2-windows\cmake-4.3.2-windows-x86_64\share\cmake-4.3\Modules\Compiler\Clang-DetermineCompilerInternal.cmake C$:\Users\19697\AppData\Local\vcpkg\downloads\tools\cmake-4.3.2-windows\cmake-4.3.2-windows-x86_64\share\cmake-4.3\Modules\Compiler\Compaq-C-DetermineCompiler.cmake C$:\Users\19697\AppData\Local\vcpkg\downloads\tools\cmake-4.3.2-windows\cmake-4.3.2-windows-x86_64\share\cmake-4.3\Modules\Compiler\Cray-DetermineCompiler.cmake C$:\Users\19697\AppData\Local\vcpkg\downloads\tools\cmake-4.3.2-windows\cmake-4.3.2-windows-x86_64\share\cmake-4.3\Modules\Compiler\CrayClang-DetermineCompiler.cmake C$:\Users\19697\AppData\Local\vcpkg\downloads\tools\cmake-4.3.2-windows\cmake-4.3.2-windows-x86_64\share\cmake-4.3\Modules\Compiler\Diab-DetermineCompiler.cmake C$:\Users\19697\AppData\Local\vcpkg\downloads\tools\cmake-4.3.2-windows\cmake-4.3.2-windows-x86_64\share\cmake-4.3\Modules\Compiler\Embarcadero-DetermineCompiler.cmake C$:\Users\19697\AppData\Local\vcpkg\downloads\tools\cmake-4.3.2-windows\cmake-4.3.2-windows-x86_64\share\cmake-4.3\Modules\Compiler\Fujitsu-DetermineCompiler.cmake C$:\Users\19697\AppData\Local\vcpkg\downloads\tools\cmake-4.3.2-windows\cmake-4.3.2-windows-x86_64\share\cmake-4.3\Modules\Compiler\FujitsuClang-DetermineCompiler.cmake C$:\Users\19697\AppData\Local\vcpkg\downloads\tools\cmake-4.3.2-windows\cmake-4.3.2-windows-x86_64\share\cmake-4.3\Modules\Compiler\GHS-DetermineCompiler.cmake C$:\Users\19697\AppData\Local\vcpkg\downloads\tools\cmake-4.3.2-windows\cmake-4.3.2-windows-x86_64\share\cmake-4.3\Modules\Compiler\GNU-C-DetermineCompiler.cmake C$:\Users\19697\AppData\Local\vcpkg\downloads\tools\cmake-4.3.2-windows\cmake-4.3.2-windows-x86_64\share\cmake-4.3\Modules\Compiler\HP-C-DetermineCompiler.cmake C$:\Users\19697\AppData\Local\vcpkg\downloads\tools\cmake-4.3.2-windows\cmake-4.3.2-windows-x86_64\share\cmake-4.3\Modules\Compiler\IAR-DetermineCompiler.cmake C$:\Users\19697\AppData\Local\vcpkg\downloads\tools\cmake-4.3.2-windows\cmake-4.3.2-windows-x86_64\share\cmake-4.3\Modules\Compiler\IBMCPP-C-DetermineVersionInternal.cmake C$:\Users\19697\AppData\Local\vcpkg\downloads\tools\cmake-4.3.2-windows\cmake-4.3.2-windows-x86_64\share\cmake-4.3\Modules\Compiler\IBMClang-C-DetermineCompiler.cmake C$:\Users\19697\AppData\Local\vcpkg\downloads\tools\cmake-4.3.2-windows\cmake-4.3.2-windows-x86_64\share\cmake-4.3\Modules\Compiler\Intel-DetermineCompiler.cmake C$:\Users\19697\AppData\Local\vcpkg\downloads\tools\cmake-4.3.2-windows\cmake-4.3.2-windows-x86_64\share\cmake-4.3\Modules\Compiler\IntelLLVM-DetermineCompiler.cmake C$:\Users\19697\AppData\Local\vcpkg\downloads\tools\cmake-4.3.2-windows\cmake-4.3.2-windows-x86_64\share\cmake-4.3\Modules\Compiler\LCC-C-DetermineCompiler.cmake C$:\Users\19697\AppData\Local\vcpkg\downloads\tools\cmake-4.3.2-windows\cmake-4.3.2-windows-x86_64\share\cmake-4.3\Modules\Compiler\MSVC-C.cmake C$:\Users\19697\AppData\Local\vcpkg\downloads\tools\cmake-4.3.2-windows\cmake-4.3.2-windows-x86_64\share\cmake-4.3\Modules\Compiler\MSVC-DetermineCompiler.cmake C$:\Users\19697\AppData\Local\vcpkg\downloads\tools\cmake-4.3.2-windows\cmake-4.3.2-windows-x86_64\share\cmake-4.3\Modules\Compiler\MSVC.cmake C$:\Users\19697\AppData\Local\vcpkg\downloads\tools\cmake-4.3.2-windows\cmake-4.3.2-windows-x86_64\share\cmake-4.3\Modules\Compiler\NVHPC-DetermineCompiler.cmake C$:\Users\19697\AppData\Local\vcpkg\downloads\tools\cmake-4.3.2-windows\cmake-4.3.2-windows-x86_64\share\cmake-4.3\Modules\Compiler\NVIDIA-DetermineCompiler.cmake C$:\Users\19697\AppData\Local\vcpkg\downloads\tools\cmake-4.3.2-windows\cmake-4.3.2-windows-x86_64\share\cmake-4.3\Modules\Compiler\OpenWatcom-DetermineCompiler.cmake C$:\Users\19697\AppData\Local\vcpkg\downloads\tools\cmake-4.3.2-windows\cmake-4.3.2-windows-x86_64\share\cmake-4.3\Modules\Compiler\OrangeC-DetermineCompiler.cmake C$:\Users\19697\AppData\Local\vcpkg\downloads\tools\cmake-4.3.2-windows\cmake-4.3.2-windows-x86_64\share\cmake-4.3\Modules\Compiler\PGI-DetermineCompiler.cmake C$:\Users\19697\AppData\Local\vcpkg\downloads\tools\cmake-4.3.2-windows\cmake-4.3.2-windows-x86_64\share\cmake-4.3\Modules\Compiler\PathScale-DetermineCompiler.cmake C$:\Users\19697\AppData\Local\vcpkg\downloads\tools\cmake-4.3.2-windows\cmake-4.3.2-windows-x86_64\share\cmake-4.3\Modules\Compiler\Renesas-DetermineCompiler.cmake C$:\Users\19697\AppData\Local\vcpkg\downloads\tools\cmake-4.3.2-windows\cmake-4.3.2-windows-x86_64\share\cmake-4.3\Modules\Compiler\SCO-DetermineCompiler.cmake C$:\Users\19697\AppData\Local\vcpkg\downloads\tools\cmake-4.3.2-windows\cmake-4.3.2-windows-x86_64\share\cmake-4.3\Modules\Compiler\SDCC-C-DetermineCompiler.cmake C$:\Users\19697\AppData\Local\vcpkg\downloads\tools\cmake-4.3.2-windows\cmake-4.3.2-windows-x86_64\share\cmake-4.3\Modules\Compiler\SunPro-C-DetermineCompiler.cmake C$:\Users\19697\AppData\Local\vcpkg\downloads\tools\cmake-4.3.2-windows\cmake-4.3.2-windows-x86_64\share\cmake-4.3\Modules\Compiler\TI-DetermineCompiler.cmake C$:\Users\19697\AppData\Local\vcpkg\downloads\tools\cmake-4.3.2-windows\cmake-4.3.2-windows-x86_64\share\cmake-4.3\Modules\Compiler\TIClang-DetermineCompiler.cmake C$:\Users\19697\AppData\Local\vcpkg\downloads\tools\cmake-4.3.2-windows\cmake-4.3.2-windows-x86_64\share\cmake-4.3\Modules\Compiler\Tasking-DetermineCompiler.cmake C$:\Users\19697\AppData\Local\vcpkg\downloads\tools\cmake-4.3.2-windows\cmake-4.3.2-windows-x86_64\share\cmake-4.3\Modules\Compiler\TinyCC-C-DetermineCompiler.cmake C$:\Users\19697\AppData\Local\vcpkg\downloads\tools\cmake-4.3.2-windows\cmake-4.3.2-windows-x86_64\share\cmake-4.3\Modules\Compiler\VisualAge-C-DetermineCompiler.cmake C$:\Users\19697\AppData\Local\vcpkg\downloads\tools\cmake-4.3.2-windows\cmake-4.3.2-windows-x86_64\share\cmake-4.3\Modules\Compiler\Watcom-DetermineCompiler.cmake C$:\Users\19697\AppData\Local\vcpkg\downloads\tools\cmake-4.3.2-windows\cmake-4.3.2-windows-x86_64\share\cmake-4.3\Modules\Compiler\XL-C-DetermineCompiler.cmake C$:\Users\19697\AppData\Local\vcpkg\downloads\tools\cmake-4.3.2-windows\cmake-4.3.2-windows-x86_64\share\cmake-4.3\Modules\Compiler\XLClang-C-DetermineCompiler.cmake C$:\Users\19697\AppData\Local\vcpkg\downloads\tools\cmake-4.3.2-windows\cmake-4.3.2-windows-x86_64\share\cmake-4.3\Modules\Compiler\zOS-C-DetermineCompiler.cmake C$:\Users\19697\AppData\Local\vcpkg\downloads\tools\cmake-4.3.2-windows\cmake-4.3.2-windows-x86_64\share\cmake-4.3\Modules\FindPackageHandleStandardArgs.cmake C$:\Users\19697\AppData\Local\vcpkg\downloads\tools\cmake-4.3.2-windows\cmake-4.3.2-windows-x86_64\share\cmake-4.3\Modules\FindPackageMessage.cmake C$:\Users\19697\AppData\Local\vcpkg\downloads\tools\cmake-4.3.2-windows\cmake-4.3.2-windows-x86_64\share\cmake-4.3\Modules\FindZLIB.cmake C$:\Users\19697\AppData\Local\vcpkg\downloads\tools\cmake-4.3.2-windows\cmake-4.3.2-windows-x86_64\share\cmake-4.3\Modules\GNUInstallDirs.cmake C$:\Users\19697\AppData\Local\vcpkg\downloads\tools\cmake-4.3.2-windows\cmake-4.3.2-windows-x86_64\share\cmake-4.3\Modules\Internal\CMakeCLinkerInformation.cmake C$:\Users\19697\AppData\Local\vcpkg\downloads\tools\cmake-4.3.2-windows\cmake-4.3.2-windows-x86_64\share\cmake-4.3\Modules\Internal\CMakeCommonLinkerInformation.cmake C$:\Users\19697\AppData\Local\vcpkg\downloads\tools\cmake-4.3.2-windows\cmake-4.3.2-windows-x86_64\share\cmake-4.3\Modules\Internal\CMakeDetermineLinkerId.cmake C$:\Users\19697\AppData\Local\vcpkg\downloads\tools\cmake-4.3.2-windows\cmake-4.3.2-windows-x86_64\share\cmake-4.3\Modules\Internal\CMakeInspectCLinker.cmake C$:\Users\19697\AppData\Local\vcpkg\downloads\tools\cmake-4.3.2-windows\cmake-4.3.2-windows-x86_64\share\cmake-4.3\Modules\Internal\CheckCompilerFlag.cmake C$:\Users\19697\AppData\Local\vcpkg\downloads\tools\cmake-4.3.2-windows\cmake-4.3.2-windows-x86_64\share\cmake-4.3\Modules\Internal\CheckFlagCommonConfig.cmake C$:\Users\19697\AppData\Local\vcpkg\downloads\tools\cmake-4.3.2-windows\cmake-4.3.2-windows-x86_64\share\cmake-4.3\Modules\Internal\CheckSourceCompiles.cmake C$:\Users\19697\AppData\Local\vcpkg\downloads\tools\cmake-4.3.2-windows\cmake-4.3.2-windows-x86_64\share\cmake-4.3\Modules\Internal\CheckSourceRuns.cmake C$:\Users\19697\AppData\Local\vcpkg\downloads\tools\cmake-4.3.2-windows\cmake-4.3.2-windows-x86_64\share\cmake-4.3\Modules\Internal\FeatureTesting.cmake C$:\Users\19697\AppData\Local\vcpkg\downloads\tools\cmake-4.3.2-windows\cmake-4.3.2-windows-x86_64\share\cmake-4.3\Modules\Linker\MSVC-C.cmake C$:\Users\19697\AppData\Local\vcpkg\downloads\tools\cmake-4.3.2-windows\cmake-4.3.2-windows-x86_64\share\cmake-4.3\Modules\Linker\MSVC.cmake C$:\Users\19697\AppData\Local\vcpkg\downloads\tools\cmake-4.3.2-windows\cmake-4.3.2-windows-x86_64\share\cmake-4.3\Modules\Platform\Linker\Windows-MSVC-C.cmake C$:\Users\19697\AppData\Local\vcpkg\downloads\tools\cmake-4.3.2-windows\cmake-4.3.2-windows-x86_64\share\cmake-4.3\Modules\Platform\Linker\Windows-MSVC.cmake C$:\Users\19697\AppData\Local\vcpkg\downloads\tools\cmake-4.3.2-windows\cmake-4.3.2-windows-x86_64\share\cmake-4.3\Modules\Platform\Windows-Initialize.cmake C$:\Users\19697\AppData\Local\vcpkg\downloads\tools\cmake-4.3.2-windows\cmake-4.3.2-windows-x86_64\share\cmake-4.3\Modules\Platform\Windows-MSVC-C.cmake C$:\Users\19697\AppData\Local\vcpkg\downloads\tools\cmake-4.3.2-windows\cmake-4.3.2-windows-x86_64\share\cmake-4.3\Modules\Platform\Windows-MSVC.cmake C$:\Users\19697\AppData\Local\vcpkg\downloads\tools\cmake-4.3.2-windows\cmake-4.3.2-windows-x86_64\share\cmake-4.3\Modules\Platform\Windows.cmake C$:\Users\19697\AppData\Local\vcpkg\downloads\tools\cmake-4.3.2-windows\cmake-4.3.2-windows-x86_64\share\cmake-4.3\Modules\Platform\WindowsPaths.cmake C$:\Users\19697\AppData\Local\vcpkg\downloads\tools\cmake-4.3.2-windows\cmake-4.3.2-windows-x86_64\share\cmake-4.3\Modules\SelectLibraryConfigurations.cmake C$:\Users\19697\AppData\Local\vcpkg\downloads\tools\cmake-4.3.2-windows\cmake-4.3.2-windows-x86_64\share\cmake-4.3\Modules\WriteBasicConfigVersionFile.cmake C$:\Users\19697\AppData\Local\vcpkg\downloads\tools\cmake-4.3.2-windows\cmake-4.3.2-windows-x86_64\share\cmake-4.3\Templates\CPackConfig.cmake.in C$:\Users\19697\AppData\Local\vcpkg\registries\git-trees\c98fcb353dd325c97c5a0b70dfaf2378a372f86e\cmake-project-include.cmake C$:\Users\19697\Documents\KeygenSDK\KeygenSDK\build-vs\vcpkg_installed\vcpkg\blds\curl\src\url-8_21_0-3ffa9f46b7.clean\CMakeLists.txt C$:\Users\19697\Documents\KeygenSDK\KeygenSDK\build-vs\vcpkg_installed\vcpkg\blds\curl\src\url-8_21_0-3ffa9f46b7.clean\CMake\CurlSymbolHiding.cmake C$:\Users\19697\Documents\KeygenSDK\KeygenSDK\build-vs\vcpkg_installed\vcpkg\blds\curl\src\url-8_21_0-3ffa9f46b7.clean\CMake\CurlTests.c C$:\Users\19697\Documents\KeygenSDK\KeygenSDK\build-vs\vcpkg_installed\vcpkg\blds\curl\src\url-8_21_0-3ffa9f46b7.clean\CMake\Macros.cmake C$:\Users\19697\Documents\KeygenSDK\KeygenSDK\build-vs\vcpkg_installed\vcpkg\blds\curl\src\url-8_21_0-3ffa9f46b7.clean\CMake\OtherTests.cmake C$:\Users\19697\Documents\KeygenSDK\KeygenSDK\build-vs\vcpkg_installed\vcpkg\blds\curl\src\url-8_21_0-3ffa9f46b7.clean\CMake\PickyWarnings.cmake C$:\Users\19697\Documents\KeygenSDK\KeygenSDK\build-vs\vcpkg_installed\vcpkg\blds\curl\src\url-8_21_0-3ffa9f46b7.clean\CMake\Utilities.cmake C$:\Users\19697\Documents\KeygenSDK\KeygenSDK\build-vs\vcpkg_installed\vcpkg\blds\curl\src\url-8_21_0-3ffa9f46b7.clean\CMake\cmake_uninstall.in.cmake C$:\Users\19697\Documents\KeygenSDK\KeygenSDK\build-vs\vcpkg_installed\vcpkg\blds\curl\src\url-8_21_0-3ffa9f46b7.clean\CMake\curl-config.in.cmake C$:\Users\19697\Documents\KeygenSDK\KeygenSDK\build-vs\vcpkg_installed\vcpkg\blds\curl\src\url-8_21_0-3ffa9f46b7.clean\CMake\win32-cache.cmake C$:\Users\19697\Documents\KeygenSDK\KeygenSDK\build-vs\vcpkg_installed\vcpkg\blds\curl\src\url-8_21_0-3ffa9f46b7.clean\curl-config.in C$:\Users\19697\Documents\KeygenSDK\KeygenSDK\build-vs\vcpkg_installed\vcpkg\blds\curl\src\url-8_21_0-3ffa9f46b7.clean\docs\examples\CMakeLists.txt C$:\Users\19697\Documents\KeygenSDK\KeygenSDK\build-vs\vcpkg_installed\vcpkg\blds\curl\src\url-8_21_0-3ffa9f46b7.clean\docs\examples\Makefile.inc C$:\Users\19697\Documents\KeygenSDK\KeygenSDK\build-vs\vcpkg_installed\vcpkg\blds\curl\src\url-8_21_0-3ffa9f46b7.clean\lib\CMakeLists.txt C$:\Users\19697\Documents\KeygenSDK\KeygenSDK\build-vs\vcpkg_installed\vcpkg\blds\curl\src\url-8_21_0-3ffa9f46b7.clean\lib\Makefile.inc C$:\Users\19697\Documents\KeygenSDK\KeygenSDK\build-vs\vcpkg_installed\vcpkg\blds\curl\src\url-8_21_0-3ffa9f46b7.clean\lib\curl_config-cmake.h.in C$:\Users\19697\Documents\KeygenSDK\KeygenSDK\build-vs\vcpkg_installed\vcpkg\blds\curl\src\url-8_21_0-3ffa9f46b7.clean\libcurl.pc.in C$:\Users\19697\Documents\KeygenSDK\KeygenSDK\build-vs\vcpkg_installed\vcpkg\blds\curl\src\url-8_21_0-3ffa9f46b7.clean\scripts\CMakeLists.txt C$:\Users\19697\Documents\KeygenSDK\KeygenSDK\build-vs\vcpkg_installed\x64-windows\share\zlib\vcpkg-cmake-wrapper.cmake CMakeCache.txt CMakeFiles\4.3.2\CMakeCCompiler.cmake CMakeFiles\4.3.2\CMakeRCCompiler.cmake CMakeFiles\4.3.2\CMakeSystem.cmake docs\examples\Makefile.inc.cmake lib\Makefile.inc.cmake
  pool = console


#############################################
# A missing CMake input file is not an error.

build C$:\Program$ Files\Microsoft$ Visual$ Studio\18\Community\VC\vcpkg\scripts\buildsystems\vcpkg.cmake C$:\Program$ Files\Microsoft$ Visual$ Studio\18\Community\VC\vcpkg\scripts\toolchains\windows.cmake C$:\Users\19697\AppData\Local\vcpkg\downloads\tools\cmake-4.3.2-windows\cmake-4.3.2-windows-x86_64\share\cmake-4.3\Modules\BasicConfigVersion-SameMajorVersion.cmake.in C$:\Users\19697\AppData\Local\vcpkg\downloads\tools\cmake-4.3.2-windows\cmake-4.3.2-windows-x86_64\share\cmake-4.3\Modules\CMakeCCompiler.cmake.in C$:\Users\19697\AppData\Local\vcpkg\downloads\tools\cmake-4.3.2-windows\cmake-4.3.2-windows-x86_64\share\cmake-4.3\Modules\CMakeCCompilerABI.c C$:\Users\19697\AppData\Local\vcpkg\downloads\tools\cmake-4.3.2-windows\cmake-4.3.2-windows-x86_64\share\cmake-4.3\Modules\CMakeCInformation.cmake C$:\Users\19697\AppData\Local\vcpkg\downloads\tools\cmake-4.3.2-windows\cmake-4.3.2-windows-x86_64\share\cmake-4.3\Modules\CMakeCheckCompilerFlagCommonPatterns.cmake C$:\Users\19697\AppData\Local\vcpkg\downloads\tools\cmake-4.3.2-windows\cmake-4.3.2-windows-x86_64\share\cmake-4.3\Modules\CMakeCommonLanguageInclude.cmake C$:\Users\19697\AppData\Local\vcpkg\downloads\tools\cmake-4.3.2-windows\cmake-4.3.2-windows-x86_64\share\cmake-4.3\Modules\CMakeCompilerIdDetection.cmake C$:\Users\19697\AppData\Local\vcpkg\downloads\tools\cmake-4.3.2-windows\cmake-4.3.2-windows-x86_64\share\cmake-4.3\Modules\CMakeDependentOption.cmake C$:\Users\19697\AppData\Local\vcpkg\downloads\tools\cmake-4.3.2-windows\cmake-4.3.2-windows-x86_64\share\cmake-4.3\Modules\CMakeDetermineCCompiler.cmake C$:\Users\19697\AppData\Local\vcpkg\downloads\tools\cmake-4.3.2-windows\cmake-4.3.2-windows-x86_64\share\cmake-4.3\Modules\CMakeDetermineCompiler.cmake C$:\Users\19697\AppData\Local\vcpkg\downloads\tools\cmake-4.3.2-windows\cmake-4.3.2-windows-x86_64\share\cmake-4.3\Modules\CMakeDetermineCompilerABI.cmake C$:\Users\19697\AppData\Local\vcpkg\downloads\tools\cmake-4.3.2-windows\cmake-4.3.2-windows-x86_64\share\cmake-4.3\Modules\CMakeDetermineCompilerId.cmake C$:\Users\19697\AppData\Local\vcpkg\downloads\tools\cmake-4.3.2-windows\cmake-4.3.2-windows-x86_64\share\cmake-4.3\Modules\CMakeDetermineCompilerSupport.cmake C$:\Users\19697\AppData\Local\vcpkg\downloads\tools\cmake-4.3.2-windows\cmake-4.3.2-windows-x86_64\share\cmake-4.3\Modules\CMakeDetermineRCCompiler.cmake C$:\Users\19697\AppData\Local\vcpkg\downloads\tools\cmake-4.3.2-windows\cmake-4.3.2-windows-x86_64\share\cmake-4.3\Modules\CMakeDetermineSystem.cmake C$:\Users\19697\AppData\Local\vcpkg\downloads\tools\cmake-4.3.2-windows\cmake-4.3.2-windows-x86_64\share\cmake-4.3\Modules\CMakeFindBinUtils.cmake C$:\Users\19697\AppData\Local\vcpkg\downloads\tools\cmake-4.3.2-windows\cmake-4.3.2-windows-x86_64\share\cmake-4.3\Modules\CMakeGenericSystem.cmake C$:\Users\19697\AppData\Local\vcpkg\downloads\tools\cmake-4.3.2-windows\cmake-4.3.2-windows-x86_64\share\cmake-4.3\Modules\CMakeInitializeConfigs.cmake C$:\Users\19697\AppData\Local\vcpkg\downloads\tools\cmake-4.3.2-windows\cmake-4.3.2-windows-x86_64\share\cmake-4.3\Modules\CMakeLanguageInformation.cmake C$:\Users\19697\AppData\Local\vcpkg\downloads\tools\cmake-4.3.2-windows\cmake-4.3.2-windows-x86_64\share\cmake-4.3\Modules\CMakePackageConfigHelpers.cmake C$:\Users\19697\AppData\Local\vcpkg\downloads\tools\cmake-4.3.2-windows\cmake-4.3.2-windows-x86_64\share\cmake-4.3\Modules\CMakeParseImplicitIncludeInfo.cmake C$:\Users\19697\AppData\Local\vcpkg\downloads\tools\cmake-4.3.2-windows\cmake-4.3.2-windows-x86_64\share\cmake-4.3\Modules\CMakeParseImplicitLinkInfo.cmake C$:\Users\19697\AppData\Local\vcpkg\downloads\tools\cmake-4.3.2-windows\cmake-4.3.2-windows-x86_64\share\cmake-4.3\Modules\CMakeParseLibraryArchitecture.cmake C$:\Users\19697\AppData\Local\vcpkg\downloads\tools\cmake-4.3.2-windows\cmake-4.3.2-windows-x86_64\share\cmake-4.3\Modules\CMakePushCheckState.cmake C$:\Users\19697\AppData\Local\vcpkg\downloads\tools\cmake-4.3.2-windows\cmake-4.3.2-windows-x86_64\share\cmake-4.3\Modules\CMakeRCCompiler.cmake.in C$:\Users\19697\AppData\Local\vcpkg\downloads\tools\cmake-4.3.2-windows\cmake-4.3.2-windows-x86_64\share\cmake-4.3\Modules\CMakeRCInformation.cmake C$:\Users\19697\AppData\Local\vcpkg\downloads\tools\cmake-4.3.2-windows\cmake-4.3.2-windows-x86_64\share\cmake-4.3\Modules\CMakeSystem.cmake.in C$:\Users\19697\AppData\Local\vcpkg\downloads\tools\cmake-4.3.2-windows\cmake-4.3.2-windows-x86_64\share\cmake-4.3\Modules\CMakeSystemSpecificInformation.cmake C$:\Users\19697\AppData\Local\vcpkg\downloads\tools\cmake-4.3.2-windows\cmake-4.3.2-windows-x86_64\share\cmake-4.3\Modules\CMakeSystemSpecificInitialize.cmake C$:\Users\19697\AppData\Local\vcpkg\downloads\tools\cmake-4.3.2-windows\cmake-4.3.2-windows-x86_64\share\cmake-4.3\Modules\CMakeTestCCompiler.cmake C$:\Users\19697\AppData\Local\vcpkg\downloads\tools\cmake-4.3.2-windows\cmake-4.3.2-windows-x86_64\share\cmake-4.3\Modules\CMakeTestCompilerCommon.cmake C$:\Users\19697\AppData\Local\vcpkg\downloads\tools\cmake-4.3.2-windows\cmake-4.3.2-windows-x86_64\share\cmake-4.3\Modules\CMakeTestRCCompiler.cmake C$:\Users\19697\AppData\Local\vcpkg\downloads\tools\cmake-4.3.2-windows\cmake-4.3.2-windows-x86_64\share\cmake-4.3\Modules\CPack.cmake C$:\Users\19697\AppData\Local\vcpkg\downloads\tools\cmake-4.3.2-windows\cmake-4.3.2-windows-x86_64\share\cmake-4.3\Modules\CPackComponent.cmake C$:\Users\19697\AppData\Local\vcpkg\downloads\tools\cmake-4.3.2-windows\cmake-4.3.2-windows-x86_64\share\cmake-4.3\Modules\CheckCCompilerFlag.cmake C$:\Users\19697\AppData\Local\vcpkg\downloads\tools\cmake-4.3.2-windows\cmake-4.3.2-windows-x86_64\share\cmake-4.3\Modules\CheckCSourceCompiles.cmake C$:\Users\19697\AppData\Local\vcpkg\downloads\tools\cmake-4.3.2-windows\cmake-4.3.2-windows-x86_64\share\cmake-4.3\Modules\CheckCSourceRuns.cmake C$:\Users\19697\AppData\Local\vcpkg\downloads\tools\cmake-4.3.2-windows\cmake-4.3.2-windows-x86_64\share\cmake-4.3\Modules\CheckCXXSourceCompiles.cmake C$:\Users\19697\AppData\Local\vcpkg\downloads\tools\cmake-4.3.2-windows\cmake-4.3.2-windows-x86_64\share\cmake-4.3\Modules\CheckFunctionExists.cmake C$:\Users\19697\AppData\Local\vcpkg\downloads\tools\cmake-4.3.2-windows\cmake-4.3.2-windows-x86_64\share\cmake-4.3\Modules\CheckIncludeFile.cmake C$:\Users\19697\AppData\Local\vcpkg\downloads\tools\cmake-4.3.2-windows\cmake-4.3.2-windows-x86_64\share\cmake-4.3\Modules\CheckIncludeFileCXX.cmake C$:\Users\19697\AppData\Local\vcpkg\downloads\tools\cmake-4.3.2-windows\cmake-4.3.2-windows-x86_64\share\cmake-4.3\Modules\CheckIncludeFiles.cmake C$:\Users\19697\AppData\Local\vcpkg\downloads\tools\cmake-4.3.2-windows\cmake-4.3.2-windows-x86_64\share\cmake-4.3\Modules\CheckLibraryExists.cmake C$:\Users\19697\AppData\Local\vcpkg\downloads\tools\cmake-4.3.2-windows\cmake-4.3.2-windows-x86_64\share\cmake-4.3\Modules\CheckSourceCompiles.cmake C$:\Users\19697\AppData\Local\vcpkg\downloads\tools\cmake-4.3.2-windows\cmake-4.3.2-windows-x86_64\share\cmake-4.3\Modules\CheckStructHasMember.cmake C$:\Users\19697\AppData\Local\vcpkg\downloads\tools\cmake-4.3.2-windows\cmake-4.3.2-windows-x86_64\share\cmake-4.3\Modules\CheckSymbolExists.cmake C$:\Users\19697\AppData\Local\vcpkg\downloads\tools\cmake-4.3.2-windows\cmake-4.3.2-windows-x86_64\share\cmake-4.3\Modules\CheckTypeSize.cmake C$:\Users\19697\AppData\Local\vcpkg\downloads\tools\cmake-4.3.2-windows\cmake-4.3.2-windows-x86_64\share\cmake-4.3\Modules\Compiler\ADSP-DetermineCompiler.cmake C$:\Users\19697\AppData\Local\vcpkg\downloads\tools\cmake-4.3.2-windows\cmake-4.3.2-windows-x86_64\share\cmake-4.3\Modules\Compiler\ARMCC-DetermineCompiler.cmake C$:\Users\19697\AppData\Local\vcpkg\downloads\tools\cmake-4.3.2-windows\cmake-4.3.2-windows-x86_64\share\cmake-4.3\Modules\Compiler\ARMClang-DetermineCompiler.cmake C$:\Users\19697\AppData\Local\vcpkg\downloads\tools\cmake-4.3.2-windows\cmake-4.3.2-windows-x86_64\share\cmake-4.3\Modules\Compiler\AppleClang-DetermineCompiler.cmake C$:\Users\19697\AppData\Local\vcpkg\downloads\tools\cmake-4.3.2-windows\cmake-4.3.2-windows-x86_64\share\cmake-4.3\Modules\Compiler\Borland-DetermineCompiler.cmake C$:\Users\19697\AppData\Local\vcpkg\downloads\tools\cmake-4.3.2-windows\cmake-4.3.2-windows-x86_64\share\cmake-4.3\Modules\Compiler\Bruce-C-DetermineCompiler.cmake C$:\Users\19697\AppData\Local\vcpkg\downloads\tools\cmake-4.3.2-windows\cmake-4.3.2-windows-x86_64\share\cmake-4.3\Modules\Compiler\CMakeCommonCompilerMacros.cmake C$:\Users\19697\AppData\Local\vcpkg\downloads\tools\cmake-4.3.2-windows\cmake-4.3.2-windows-x86_64\share\cmake-4.3\Modules\Compiler\Clang-DetermineCompiler.cmake C$:\Users\19697\AppData\Local\vcpkg\downloads\tools\cmake-4.3.2-windows\cmake-4.3.2-windows-x86_64\share\cmake-4.3\Modules\Compiler\Clang-DetermineCompilerInternal.cmake C$:\Users\19697\AppData\Local\vcpkg\downloads\tools\cmake-4.3.2-windows\cmake-4.3.2-windows-x86_64\share\cmake-4.3\Modules\Compiler\Compaq-C-DetermineCompiler.cmake C$:\Users\19697\AppData\Local\vcpkg\downloads\tools\cmake-4.3.2-windows\cmake-4.3.2-windows-x86_64\share\cmake-4.3\Modules\Compiler\Cray-DetermineCompiler.cmake C$:\Users\19697\AppData\Local\vcpkg\downloads\tools\cmake-4.3.2-windows\cmake-4.3.2-windows-x86_64\share\cmake-4.3\Modules\Compiler\CrayClang-DetermineCompiler.cmake C$:\Users\19697\AppData\Local\vcpkg\downloads\tools\cmake-4.3.2-windows\cmake-4.3.2-windows-x86_64\share\cmake-4.3\Modules\Compiler\Diab-DetermineCompiler.cmake C$:\Users\19697\AppData\Local\vcpkg\downloads\tools\cmake-4.3.2-windows\cmake-4.3.2-windows-x86_64\share\cmake-4.3\Modules\Compiler\Embarcadero-DetermineCompiler.cmake C$:\Users\19697\AppData\Local\vcpkg\downloads\tools\cmake-4.3.2-windows\cmake-4.3.2-windows-x86_64\share\cmake-4.3\Modules\Compiler\Fujitsu-DetermineCompiler.cmake C$:\Users\19697\AppData\Local\vcpkg\downloads\tools\cmake-4.3.2-windows\cmake-4.3.2-windows-x86_64\share\cmake-4.3\Modules\Compiler\FujitsuClang-DetermineCompiler.cmake C$:\Users\19697\AppData\Local\vcpkg\downloads\tools\cmake-4.3.2-windows\cmake-4.3.2-windows-x86_64\share\cmake-4.3\Modules\Compiler\GHS-DetermineCompiler.cmake C$:\Users\19697\AppData\Local\vcpkg\downloads\tools\cmake-4.3.2-windows\cmake-4.3.2-windows-x86_64\share\cmake-4.3\Modules\Compiler\GNU-C-DetermineCompiler.cmake C$:\Users\19697\AppData\Local\vcpkg\downloads\tools\cmake-4.3.2-windows\cmake-4.3.2-windows-x86_64\share\cmake-4.3\Modules\Compiler\HP-C-DetermineCompiler.cmake C$:\Users\19697\AppData\Local\vcpkg\downloads\tools\cmake-4.3.2-windows\cmake-4.3.2-windows-x86_64\share\cmake-4.3\Modules\Compiler\IAR-DetermineCompiler.cmake C$:\Users\19697\AppData\Local\vcpkg\downloads\tools\cmake-4.3.2-windows\cmake-4.3.2-windows-x86_64\share\cmake-4.3\Modules\Compiler\IBMCPP-C-DetermineVersionInternal.cmake C$:\Users\19697\AppData\Local\vcpkg\downloads\tools\cmake-4.3.2-windows\cmake-4.3.2-windows-x86_64\share\cmake-4.3\Modules\Compiler\IBMClang-C-DetermineCompiler.cmake C$:\Users\19697\AppData\Local\vcpkg\downloads\tools\cmake-4.3.2-windows\cmake-4.3.2-windows-x86_64\share\cmake-4.3\Modules\Compiler\Intel-DetermineCompiler.cmake C$:\Users\19697\AppData\Local\vcpkg\downloads\tools\cmake-4.3.2-windows\cmake-4.3.2-windows-x86_64\share\cmake-4.3\Modules\Compiler\IntelLLVM-DetermineCompiler.cmake C$:\Users\19697\AppData\Local\vcpkg\downloads\tools\cmake-4.3.2-windows\cmake-4.3.2-windows-x86_64\share\cmake-4.3\Modules\Compiler\LCC-C-DetermineCompiler.cmake C$:\Users\19697\AppData\Local\vcpkg\downloads\tools\cmake-4.3.2-windows\cmake-4.3.2-windows-x86_64\share\cmake-4.3\Modules\Compiler\MSVC-C.cmake C$:\Users\19697\AppData\Local\vcpkg\downloads\tools\cmake-4.3.2-windows\cmake-4.3.2-windows-x86_64\share\cmake-4.3\Modules\Compiler\MSVC-DetermineCompiler.cmake C$:\Users\19697\AppData\Local\vcpkg\downloads\tools\cmake-4.3.2-windows\cmake-4.3.2-windows-x86_64\share\cmake-4.3\Modules\Compiler\MSVC.cmake C$:\Users\19697\AppData\Local\vcpkg\downloads\tools\cmake-4.3.2-windows\cmake-4.3.2-windows-x86_64\share\cmake-4.3\Modules\Compiler\NVHPC-DetermineCompiler.cmake C$:\Users\19697\AppData\Local\vcpkg\downloads\tools\cmake-4.3.2-windows\cmake-4.3.2-windows-x86_64\share\cmake-4.3\Modules\Compiler\NVIDIA-DetermineCompiler.cmake C$:\Users\19697\AppData\Local\vcpkg\downloads\tools\cmake-4.3.2-windows\cmake-4.3.2-windows-x86_64\share\cmake-4.3\Modules\Compiler\OpenWatcom-DetermineCompiler.cmake C$:\Users\19697\AppData\Local\vcpkg\downloads\tools\cmake-4.3.2-windows\cmake-4.3.2-windows-x86_64\share\cmake-4.3\Modules\Compiler\OrangeC-DetermineCompiler.cmake C$:\Users\19697\AppData\Local\vcpkg\downloads\tools\cmake-4.3.2-windows\cmake-4.3.2-windows-x86_64\share\cmake-4.3\Modules\Compiler\PGI-DetermineCompiler.cmake C$:\Users\19697\AppData\Local\vcpkg\downloads\tools\cmake-4.3.2-windows\cmake-4.3.2-windows-x86_64\share\cmake-4.3\Modules\Compiler\PathScale-DetermineCompiler.cmake C$:\Users\19697\AppData\Local\vcpkg\downloads\tools\cmake-4.3.2-windows\cmake-4.3.2-windows-x86_64\share\cmake-4.3\Modules\Compiler\Renesas-DetermineCompiler.cmake C$:\Users\19697\AppData\Local\vcpkg\downloads\tools\cmake-4.3.2-windows\cmake-4.3.2-windows-x86_64\share\cmake-4.3\Modules\Compiler\SCO-DetermineCompiler.cmake C$:\Users\19697\AppData\Local\vcpkg\downloads\tools\cmake-4.3.2-windows\cmake-4.3.2-windows-x86_64\share\cmake-4.3\Modules\Compiler\SDCC-C-DetermineCompiler.cmake C$:\Users\19697\AppData\Local\vcpkg\downloads\tools\cmake-4.3.2-windows\cmake-4.3.2-windows-x86_64\share\cmake-4.3\Modules\Compiler\SunPro-C-DetermineCompiler.cmake C$:\Users\19697\AppData\Local\vcpkg\downloads\tools\cmake-4.3.2-windows\cmake-4.3.2-windows-x86_64\share\cmake-4.3\Modules\Compiler\TI-DetermineCompiler.cmake C$:\Users\19697\AppData\Local\vcpkg\downloads\tools\cmake-4.3.2-windows\cmake-4.3.2-windows-x86_64\share\cmake-4.3\Modules\Compiler\TIClang-DetermineCompiler.cmake C$:\Users\19697\AppData\Local\vcpkg\downloads\tools\cmake-4.3.2-windows\cmake-4.3.2-windows-x86_64\share\cmake-4.3\Modules\Compiler\Tasking-DetermineCompiler.cmake C$:\Users\19697\AppData\Local\vcpkg\downloads\tools\cmake-4.3.2-windows\cmake-4.3.2-windows-x86_64\share\cmake-4.3\Modules\Compiler\TinyCC-C-DetermineCompiler.cmake C$:\Users\19697\AppData\Local\vcpkg\downloads\tools\cmake-4.3.2-windows\cmake-4.3.2-windows-x86_64\share\cmake-4.3\Modules\Compiler\VisualAge-C-DetermineCompiler.cmake C$:\Users\19697\AppData\Local\vcpkg\downloads\tools\cmake-4.3.2-windows\cmake-4.3.2-windows-x86_64\share\cmake-4.3\Modules\Compiler\Watcom-DetermineCompiler.cmake C$:\Users\19697\AppData\Local\vcpkg\downloads\tools\cmake-4.3.2-windows\cmake-4.3.2-windows-x86_64\share\cmake-4.3\Modules\Compiler\XL-C-DetermineCompiler.cmake C$:\Users\19697\AppData\Local\vcpkg\downloads\tools\cmake-4.3.2-windows\cmake-4.3.2-windows-x86_64\share\cmake-4.3\Modules\Compiler\XLClang-C-DetermineCompiler.cmake C$:\Users\19697\AppData\Local\vcpkg\downloads\tools\cmake-4.3.2-windows\cmake-4.3.2-windows-x86_64\share\cmake-4.3\Modules\Compiler\zOS-C-DetermineCompiler.cmake C$:\Users\19697\AppData\Local\vcpkg\downloads\tools\cmake-4.3.2-windows\cmake-4.3.2-windows-x86_64\share\cmake-4.3\Modules\FindPackageHandleStandardArgs.cmake C$:\Users\19697\AppData\Local\vcpkg\downloads\tools\cmake-4.3.2-windows\cmake-4.3.2-windows-x86_64\share\cmake-4.3\Modules\FindPackageMessage.cmake C$:\Users\19697\AppData\Local\vcpkg\downloads\tools\cmake-4.3.2-windows\cmake-4.3.2-windows-x86_64\share\cmake-4.3\Modules\FindZLIB.cmake C$:\Users\19697\AppData\Local\vcpkg\downloads\tools\cmake-4.3.2-windows\cmake-4.3.2-windows-x86_64\share\cmake-4.3\Modules\GNUInstallDirs.cmake C$:\Users\19697\AppData\Local\vcpkg\downloads\tools\cmake-4.3.2-windows\cmake-4.3.2-windows-x86_64\share\cmake-4.3\Modules\Internal\CMakeCLinkerInformation.cmake C$:\Users\19697\AppData\Local\vcpkg\downloads\tools\cmake-4.3.2-windows\cmake-4.3.2-windows-x86_64\share\cmake-4.3\Modules\Internal\CMakeCommonLinkerInformation.cmake C$:\Users\19697\AppData\Local\vcpkg\downloads\tools\cmake-4.3.2-windows\cmake-4.3.2-windows-x86_64\share\cmake-4.3\Modules\Internal\CMakeDetermineLinkerId.cmake C$:\Users\19697\AppData\Local\vcpkg\downloads\tools\cmake-4.3.2-windows\cmake-4.3.2-windows-x86_64\share\cmake-4.3\Modules\Internal\CMakeInspectCLinker.cmake C$:\Users\19697\AppData\Local\vcpkg\downloads\tools\cmake-4.3.2-windows\cmake-4.3.2-windows-x86_64\share\cmake-4.3\Modules\Internal\CheckCompilerFlag.cmake C$:\Users\19697\AppData\Local\vcpkg\downloads\tools\cmake-4.3.2-windows\cmake-4.3.2-windows-x86_64\share\cmake-4.3\Modules\Internal\CheckFlagCommonConfig.cmake C$:\Users\19697\AppData\Local\vcpkg\downloads\tools\cmake-4.3.2-windows\cmake-4.3.2-windows-x86_64\share\cmake-4.3\Modules\Internal\CheckSourceCompiles.cmake C$:\Users\19697\AppData\Local\vcpkg\downloads\tools\cmake-4.3.2-windows\cmake-4.3.2-windows-x86_64\share\cmake-4.3\Modules\Internal\CheckSourceRuns.cmake C$:\Users\19697\AppData\Local\vcpkg\downloads\tools\cmake-4.3.2-windows\cmake-4.3.2-windows-x86_64\share\cmake-4.3\Modules\Internal\FeatureTesting.cmake C$:\Users\19697\AppData\Local\vcpkg\downloads\tools\cmake-4.3.2-windows\cmake-4.3.2-windows-x86_64\share\cmake-4.3\Modules\Linker\MSVC-C.cmake C$:\Users\19697\AppData\Local\vcpkg\downloads\tools\cmake-4.3.2-windows\cmake-4.3.2-windows-x86_64\share\cmake-4.3\Modules\Linker\MSVC.cmake C$:\Users\19697\AppData\Local\vcpkg\downloads\tools\cmake-4.3.2-windows\cmake-4.3.2-windows-x86_64\share\cmake-4.3\Modules\Platform\Linker\Windows-MSVC-C.cmake C$:\Users\19697\AppData\Local\vcpkg\downloads\tools\cmake-4.3.2-windows\cmake-4.3.2-windows-x86_64\share\cmake-4.3\Modules\Platform\Linker\Windows-MSVC.cmake C$:\Users\19697\AppData\Local\vcpkg\downloads\tools\cmake-4.3.2-windows\cmake-4.3.2-windows-x86_64\share\cmake-4.3\Modules\Platform\Windows-Initialize.cmake C$:\Users\19697\AppData\Local\vcpkg\downloads\tools\cmake-4.3.2-windows\cmake-4.3.2-windows-x86_64\share\cmake-4.3\Modules\Platform\Windows-MSVC-C.cmake C$:\Users\19697\AppData\Local\vcpkg\downloads\tools\cmake-4.3.2-windows\cmake-4.3.2-windows-x86_64\share\cmake-4.3\Modules\Platform\Windows-MSVC.cmake C$:\Users\19697\AppData\Local\vcpkg\downloads\tools\cmake-4.3.2-windows\cmake-4.3.2-windows-x86_64\share\cmake-4.3\Modules\Platform\Windows.cmake C$:\Users\19697\AppData\Local\vcpkg\downloads\tools\cmake-4.3.2-windows\cmake-4.3.2-windows-x86_64\share\cmake-4.3\Modules\Platform\WindowsPaths.cmake C$:\Users\19697\AppData\Local\vcpkg\downloads\tools\cmake-4.3.2-windows\cmake-4.3.2-windows-x86_64\share\cmake-4.3\Modules\SelectLibraryConfigurations.cmake C$:\Users\19697\AppData\Local\vcpkg\downloads\tools\cmake-4.3.2-windows\cmake-4.3.2-windows-x86_64\share\cmake-4.3\Modules\WriteBasicConfigVersionFile.cmake C$:\Users\19697\AppData\Local\vcpkg\downloads\tools\cmake-4.3.2-windows\cmake-4.3.2-windows-x86_64\share\cmake-4.3\Templates\CPackConfig.cmake.in C$:\Users\19697\AppData\Local\vcpkg\registries\git-trees\c98fcb353dd325c97c5a0b70dfaf2378a372f86e\cmake-project-include.cmake C$:\Users\19697\Documents\KeygenSDK\KeygenSDK\build-vs\vcpkg_installed\vcpkg\blds\curl\src\url-8_21_0-3ffa9f46b7.clean\CMakeLists.txt C$:\Users\19697\Documents\KeygenSDK\KeygenSDK\build-vs\vcpkg_installed\vcpkg\blds\curl\src\url-8_21_0-3ffa9f46b7.clean\CMake\CurlSymbolHiding.cmake C$:\Users\19697\Documents\KeygenSDK\KeygenSDK\build-vs\vcpkg_installed\vcpkg\blds\curl\src\url-8_21_0-3ffa9f46b7.clean\CMake\CurlTests.c C$:\Users\19697\Documents\KeygenSDK\KeygenSDK\build-vs\vcpkg_installed\vcpkg\blds\curl\src\url-8_21_0-3ffa9f46b7.clean\CMake\Macros.cmake C$:\Users\19697\Documents\KeygenSDK\KeygenSDK\build-vs\vcpkg_installed\vcpkg\blds\curl\src\url-8_21_0-3ffa9f46b7.clean\CMake\OtherTests.cmake C$:\Users\19697\Documents\KeygenSDK\KeygenSDK\build-vs\vcpkg_installed\vcpkg\blds\curl\src\url-8_21_0-3ffa9f46b7.clean\CMake\PickyWarnings.cmake C$:\Users\19697\Documents\KeygenSDK\KeygenSDK\build-vs\vcpkg_installed\vcpkg\blds\curl\src\url-8_21_0-3ffa9f46b7.clean\CMake\Utilities.cmake C$:\Users\19697\Documents\KeygenSDK\KeygenSDK\build-vs\vcpkg_installed\vcpkg\blds\curl\src\url-8_21_0-3ffa9f46b7.clean\CMake\cmake_uninstall.in.cmake C$:\Users\19697\Documents\KeygenSDK\KeygenSDK\build-vs\vcpkg_installed\vcpkg\blds\curl\src\url-8_21_0-3ffa9f46b7.clean\CMake\curl-config.in.cmake C$:\Users\19697\Documents\KeygenSDK\KeygenSDK\build-vs\vcpkg_installed\vcpkg\blds\curl\src\url-8_21_0-3ffa9f46b7.clean\CMake\win32-cache.cmake C$:\Users\19697\Documents\KeygenSDK\KeygenSDK\build-vs\vcpkg_installed\vcpkg\blds\curl\src\url-8_21_0-3ffa9f46b7.clean\curl-config.in C$:\Users\19697\Documents\KeygenSDK\KeygenSDK\build-vs\vcpkg_installed\vcpkg\blds\curl\src\url-8_21_0-3ffa9f46b7.clean\docs\examples\CMakeLists.txt C$:\Users\19697\Documents\KeygenSDK\KeygenSDK\build-vs\vcpkg_installed\vcpkg\blds\curl\src\url-8_21_0-3ffa9f46b7.clean\docs\examples\Makefile.inc C$:\Users\19697\Documents\KeygenSDK\KeygenSDK\build-vs\vcpkg_installed\vcpkg\blds\curl\src\url-8_21_0-3ffa9f46b7.clean\lib\CMakeLists.txt C$:\Users\19697\Documents\KeygenSDK\KeygenSDK\build-vs\vcpkg_installed\vcpkg\blds\curl\src\url-8_21_0-3ffa9f46b7.clean\lib\Makefile.inc C$:\Users\19697\Documents\KeygenSDK\KeygenSDK\build-vs\vcpkg_installed\vcpkg\blds\curl\src\url-8_21_0-3ffa9f46b7.clean\lib\curl_config-cmake.h.in C$:\Users\19697\Documents\KeygenSDK\KeygenSDK\build-vs\vcpkg_installed\vcpkg\blds\curl\src\url-8_21_0-3ffa9f46b7.clean\libcurl.pc.in C$:\Users\19697\Documents\KeygenSDK\KeygenSDK\build-vs\vcpkg_installed\vcpkg\blds\curl\src\url-8_21_0-3ffa9f46b7.clean\scripts\CMakeLists.txt C$:\Users\19697\Documents\KeygenSDK\KeygenSDK\build-vs\vcpkg_installed\x64-windows\share\zlib\vcpkg-cmake-wrapper.cmake CMakeCache.txt CMakeFiles\4.3.2\CMakeCCompiler.cmake CMakeFiles\4.3.2\CMakeRCCompiler.cmake CMakeFiles\4.3.2\CMakeSystem.cmake docs\examples\Makefile.inc.cmake lib\Makefile.inc.cmake: phony


#############################################
# Clean all the built files.

build clean: CLEAN


#############################################
# Print all primary targets available.

build help: HELP


#############################################
# Make the all target the default.

default all
